new_index,question,topic,question_type,Whole_answer,highlighted_answer,Answer_type,query_standardized,topic_index,Sentiment_Valence,Sentiment_Label
1141,is it safe for babies to drink almond milk?,babycare,Binary Question,"No, almond milk is not recommended for babies under the age of 1 year . Reasons why almond milk is not suitable for babies: Lack of essential nutrients: Almond milk does not contain all the nutrients necessary for a baby's growth and development, such as vitamin B12, DHA (docosahexaenoic acid), and protein.","No, almond milk is not recommended for babies under the age of 1 year",AIO,is it safe for babies to drink almond milk?,1,positive,Negative
1038,can babies drink almond milk?,babycare,Binary Question,"No, babies under the age of 1 year should not drink almond milk . Reasons why babies should not drink almond milk: Lack of essential nutrients: Almond milk is low in protein, calcium, and vitamin D, which are essential for babies' growth and development. Allergic reactions:","No, babies under the age of 1 year should not drink almond milk",AIO,can babies drink almond milk?,1,neutral,Negative
1244,is it unsafe for babies to drink almond milk?,babycare,Binary Question,"No, it is generally not recommended to give almond milk to babies under 1 year old . Breast milk or formula is the best choice for infants under 12 months. Almond milk can be introduced to toddlers (1 year and older) but should not be considered a replacement for breast milk or formula. Elaboration: Nutritional Needs: Babies under 1 year have specific nutritional needs that are best met by breast milk or formula.","No, it is generally not recommended to give almond milk to babies under 1 year old",AIO,is it unsafe for babies to drink almond milk?,1,negative,Negative
1142,is it safe for babies to eat cheese?,babycare,Binary Question,"Yes, babies can have cheese, starting around 6 months of age when they begin eating solids, as long as it's pasteurized and introduced in a way that minimizes choking hazards . Here's a more detailed breakdown: When to Introduce: You can introduce cheese around 6 months, once your baby is ready to start solids.","Yes, babies can have cheese, starting around 6 months of age when they begin eating solids, as long as it's pasteurized and introduced in a way that minimizes choking hazards",AIO,is it safe for babies to eat cheese?,2,positive,Neutral 
1039,can babies eat cheese?,babycare,Binary Question,"Yes, babies can eat cheese , but there are some important considerations: Age: Introduce cheese around 6-8 months of age, once your baby is ready for solid foods. Type of Cheese:","Yes, babies can eat cheese",AIO,can babies eat cheese?,2,neutral,Postive
1245,is it unsafe for babies to eat cheese?,babycare,Binary Question,"No, it's generally safe for babies to eat cheese , but some precautions should be taken. Cheese can be introduced around 6 months of age, when babies start solids, but it's crucial to choose pasteurized cheese to minimize the risk of foodborne illness. Babies can have mild cheddar, cottage cheese, and cream cheese. It's also recommended to serve cheese in small amounts to manage sodium intake. Avoid unpasteurized cheese and mold-ripened soft cheeses like brie or camembert due to the risk of listeria.","No, it's generally safe for babies to eat cheese",AIO,is it unsafe for babies to eat cheese?,2,negative,Neutral 
1143,is it safe for babies to eat eggs?,babycare,Binary Question,"Yes, eggs are generally considered safe and nutritious for babies , and can be introduced around 6 months when they're starting solids, provided they are well-cooked. Here's a more detailed explanation: When to Introduce Eggs: You can introduce eggs to your baby around the same time you introduce solid foods, which is usually around 6 months of age.","Yes, eggs are generally considered safe and nutritious for babies",AIO,is it safe for babies to eat eggs?,3,positive,Postive
1040,can babies eat eggs?,babycare,Binary Question,"Yes, babies can eat eggs , and they are a great source of nutrients, starting around 6 months old when they begin eating solids. Ensure eggs are well-cooked to minimize the risk of foodborne illness and be mindful of potential allergies. Here's a more detailed explanation: When to introduce eggs: You can introduce eggs to your baby around the same time you start them on solid foods, which is usually around 6 months of age.","Yes, babies can eat eggs",AIO,can babies eat eggs?,3,neutral,Neutral 
1246,is it unsafe for babies to eat eggs?,babycare,Binary Question,"No, it is generally considered safe for babies to eat eggs once they start solids, typically around 6 months of age . However, it's crucial to ensure the eggs are well-cooked to minimize the risk of bacterial contamination, especially Salmonella . Here's a more detailed explanation: Timing: Babies can start eating eggs around 6 months, alongside the introduction of other solid foods.","No, it is generally considered safe for babies to eat eggs once they start solids, typically around 6 months of age",AIO,is it unsafe for babies to eat eggs?,3,negative,Neutral 
1144,is it safe for babies to eat honey?,babycare,Binary Question,"No, it is not safe to give honey to babies under one year old because honey can contain spores of the bacterium Clostridium botulinum, which can cause infant botulism, a serious and potentially life-threatening illness. Here's a more detailed explanation: Infant Botulism: Babies under one year have immature digestive systems that cannot handle the Clostridium botulinum spores found in honey.","No, it is not safe to give honey to babies under one year old",AIO,is it safe for babies to eat honey?,4,positive,Negative
1041,can babies eat honey?,babycare,Binary Question,"No, babies under 12 months should not be given honey , as it can contain spores of Clostridium botulinum bacteria, which can cause infant botulism , a potentially fatal illness. Here's why: Infant Botulism : Babies under 12 months have immature digestive systems that can't handle these spores, which can then grow and release a toxin that causes botulism.","No, babies under 12 months should not be given honey",AIO,can babies eat honey?,4,neutral,Negative
1247,is it unsafe for babies to eat honey?,babycare,Binary Question,"Yes, it is generally unsafe for babies under 12 months to eat honey because of the risk of infant botulism, a serious condition caused by the bacteria Clostridium botulinum . This bacteria can be found in honey and can cause muscle weakness, difficulty breathing, and even death in infants. The American Academy of Pediatrics (AAP) recommends waiting until after 12 months to introduce honey to a baby's diet. Here's why honey is risky for babies under 1 year:","Yes, it is generally unsafe for babies under 12 months to eat honey because of the risk of infant botulism, a serious condition caused by the bacteria Clostridium botulinum",AIO,is it unsafe for babies to eat honey?,4,negative,Negative
1145,is it safe for babies to eat salmon?,babycare,Binary Question,"Yes, salmon is generally considered a safe and nutritious food for babies, especially when introduced around 6 months old , and can be a good source of omega-3 fatty acids, protein, and other essential nutrients. Here's a more detailed explanation: Nutritional Benefits: Salmon is a good source of protein, omega-3 fatty acids (especially DHA), vitamin D, iron, and zinc, all of which are important for a baby's growth and development.","Yes, salmon is generally considered a safe and nutritious food for babies, especially when introduced around 6 months old",AIO,is it safe for babies to eat salmon?,5,positive,Postive
1042,can babies eat salmon?,babycare,Binary Question,"Yes, babies can eat salmon, especially once they are around 6 months old and starting solids , as it's a good source of nutrients and omega-3 fatty acids . However, ensure it's fully cooked, boneless, and prepared safely. Here's a more detailed explanation: When to Introduce Salmon: Babies can be introduced to salmon around 6 months of age, when they are starting to eat solid foods.","Yes, babies can eat salmon, especially once they are around 6 months old and starting solids",AIO,can babies eat salmon?,5,neutral,Neutral 
1248,is it unsafe for babies to eat salmon?,babycare,Binary Question,"No, it is generally safe for babies to eat salmon , and it's even considered a good choice. Salmon is a low-mercury fish and a good source of nutrients like omega-3 fatty acids, which are beneficial for brain and eye development. However, it's important to ensure the salmon is thoroughly cooked and properly prepared for babies to minimize choking hazards and ensure proper digestion. Here's why salmon is safe for babies and how to prepare it:","No, it is generally safe for babies to eat salmon",AIO,is it unsafe for babies to eat salmon?,5,negative,Neutral 
1146,is it safe for babies to eat strawberries?,babycare,Binary Question,"Yes, strawberries are generally safe for babies, especially when introduced around 6 months of age , but it's important to serve them safely to minimize choking risks. Choose ripe, soft, and large strawberries and cut them appropriately for the baby's age and ability to chew. Here's a more detailed guide: When to introduce:","Yes, strawberries are generally safe for babies, especially when introduced around 6 months of age",AIO,is it safe for babies to eat strawberries?,6,positive,Postive
1043,can babies eat strawberries?,babycare,Binary Question,"Yes, babies can eat strawberries, but with some precautions . When to Introduce: Introduce strawberries around 6 months of age, after your baby has started eating solid foods. Preparation:","Yes, babies can eat strawberries, but with some precautions",AIO,can babies eat strawberries?,6,neutral,Postive
1249,is it unsafe for babies to eat strawberries?,babycare,Binary Question,"No, it's generally safe for babies to eat strawberries , but proper preparation and precautions are necessary. Strawberries can be introduced to babies as soon as they start solids, typically around 6 months, says Solid Starts . However, they should be cut or prepared to prevent choking hazards, and parents should watch for any signs of allergies or skin reactions. Here's a more detailed look: Age:","No, it's generally safe for babies to eat strawberries",AIO,is it unsafe for babies to eat strawberries?,6,negative,Neutral 
1147,is it safe for babies to eat tuna?,babycare,Binary Question,"Yes, canned light tuna (skipjack) can be a safe and nutritious option for babies starting around 6 months , but it's important to choose low-mercury varieties and limit consumption due to mercury levels. Here's a more detailed breakdown: When to Introduce: Babies can start eating tuna around 6 months, when they are developmentally ready to start solids.","Yes, canned light tuna (skipjack) can be a safe and nutritious option for babies starting around 6 months",AIO,is it safe for babies to eat tuna?,7,positive,Neutral 
1044,can babies eat tuna?,babycare,Binary Question,"Yes, babies can eat tuna, but with certain precautions . Age: Introduce tuna after babies are 6 months old and have started eating solid foods. Type of Tuna:","Yes, babies can eat tuna, but with certain precautions",AIO,can babies eat tuna?,7,neutral,Postive
1250,is it unsafe for babies to eat tuna?,babycare,Binary Question,"Yes, canned tuna can be introduced to babies around 6 months old, but it's important to be mindful of mercury levels. Canned light tuna (like skipjack) is a better choice than white tuna (albacore) as it has lower mercury content. The Environmental Protection Agency (EPA) and the FDA recommend limiting tuna intake for babies and young children due to the potential mercury exposure, but it's not something to completely avoid . Elaboration:","The Environmental Protection Agency (EPA) and the FDA recommend limiting tuna intake for babies and young children due to the potential mercury exposure, but it's not something to completely avoid",AIO,is it unsafe for babies to eat tuna?,7,negative,Neutral 
1148,is it safe for babies to eat yogurt?,babycare,Binary Question,"Yes, yogurt can be safe for babies when introduced appropriately . When to Introduce Yogurt: Most babies can start eating yogurt around 6 months of age, when they are introduced to solid foods. Consult your pediatrician for personalized guidance based on your baby's health and developmental status.","Yes, yogurt can be safe for babies when introduced appropriately",AIO,is it safe for babies to eat yogurt?,8,positive,Postive
1045,can babies eat yogurt?,babycare,Binary Question,"Yes, babies can eat yogurt . Recommended Age: Most pediatricians recommend introducing yogurt to babies around 6 months of age, when they are starting to eat solid foods. Benefits:","Yes, babies can eat yogurt",AIO,can babies eat yogurt?,8,neutral,Postive
1251,is it unsafe for babies to eat yogurt?,babycare,Binary Question,"Yogurt is generally safe for babies once they are introduced to solid foods, typically around 6 months of age . It can be a good source of protein, calcium, and other nutrients. However, it's important to choose plain, whole milk yogurt and avoid yogurts with added sugar or honey. Here's a more detailed look at when and how to introduce yogurt to your baby: Age: Babies can start eating yogurt around 6 months old, alongside other solid foods.","Yogurt is generally safe for babies once they are introduced to solid foods, typically around 6 months of age",AIO,is it unsafe for babies to eat yogurt?,8,negative,Postive
1149,is it safe for babies to have cinnamon?,babycare,Binary Question,"Yes, cinnamon is generally safe for babies when introduced in small amounts and as part of a balanced diet, starting around 6 months when babies begin solids . However, it's crucial to start with small amounts and watch for any signs of sensitivity or allergic reactions. Here's a more detailed explanation: When to Introduce: Babies can be introduced to cinnamon when they start solids, typically around 6 months old.","Yes, cinnamon is generally safe for babies when introduced in small amounts and as part of a balanced diet, starting around 6 months when babies begin solids",AIO,is it safe for babies to have cinnamon?,9,positive,Neutral 
1046,can babies have cinnamon?,babycare,Binary Question,"Yes, babies can have cinnamon in moderation, provided they are over 6 months of age . Benefits of Cinnamon for Babies: Cinnamon is a natural antioxidant and anti-inflammatory agent. It may help boost the immune system. It can add flavor to baby food.","Yes, babies can have cinnamon in moderation, provided they are over 6 months of age",AIO,can babies have cinnamon?,9,neutral,Postive
1252,is it unsafe for babies to have cinnamon?,babycare,Binary Question,"Yes, cinnamon is generally considered safe for babies . However, it's crucial to introduce it cautiously and in small amounts, especially when starting solids. While not a common allergen, some babies may have sensitivities, so watch for any allergic reactions like skin irritation, rashes, or gastrointestinal issues. Here's a more detailed look: Safe in Moderation:","Yes, cinnamon is generally considered safe for babies",AIO,is it unsafe for babies to have cinnamon?,9,negative,Neutral 
1150,is it safe for babies to wear sunscreen?,babycare,Binary Question,"While it's important to protect babies from the sun, the American Academy of Pediatrics (AAP) recommends avoiding sunscreen on babies under 6 months , instead prioritizing shade and protective clothing. For babies 6 months and older, sunscreen with an SPF of 30 or higher can be used, but always choose mineral-based sunscreens. Here's a more detailed explanation:",the American Academy of Pediatrics (AAP) recommends avoiding sunscreen on babies under 6 months,AIO,is it safe for babies to wear sunscreen?,10,positive,Negative
1047,can babies wear sunscreen?,babycare,Binary Question,"While sunscreen use on babies under 6 months is generally discouraged , if unavoidable, use a small amount of mineral-based sunscreen (like zinc oxide or titanium dioxide) on exposed areas like the face, hands, and feet, while prioritizing shade and protective clothing. Here's a more detailed explanation: Babies under 6 months:",sunscreen use on babies under 6 months is generally discouraged,AIO,can babies wear sunscreen?,10,neutral,Neutral 
1253,is it unsafe for babies to wear sunscreen?,babycare,Binary Question,"Yes, sunscreen is generally not recommended for babies under six months old . Infants have very sensitive skin and may not be able to metabolize sunscreen ingredients as well as older children and adults, potentially leading to irritation or rash. The best way to protect babies from the sun's harmful rays is to keep them out of direct sunlight and use sun-protective clothing like hats and lightweight, light-colored clothing.",sunscreen is generally not recommended for babies under six months old,AIO,is it unsafe for babies to wear sunscreen?,10,negative,Negative
1151,is it safe for baby to sleep with pacifier?,babycare,Binary Question,"Yes, it's generally safe for babies to sleep with a pacifier , and studies suggest it may even help reduce the risk of Sudden Infant Death Syndrome (SIDS) . However, it's important to follow safety guidelines, such as ensuring the pacifier is clean and one-piece, and not attaching anything to it. Here's a more detailed look at the benefits and risks:","Yes, it's generally safe for babies to sleep with a pacifier",AIO,is it safe for baby to sleep with pacifier?,11,positive,Neutral 
1048,can baby sleep with pacifier?,babycare,Binary Question,"Yes, it is generally safe for babies to sleep with a pacifier . Benefits: Soothing: Sucking on a pacifier can soothe and comfort babies, promoting sleep. Reduced risk of SIDS: Studies have shown that pacifier use during sleep may reduce the risk of Sudden Infant Death Syndrome (SIDS).","Yes, it is generally safe for babies to sleep with a pacifier",AIO,can baby sleep with pacifier?,11,neutral,Postive
1254,is it unsafe for baby to sleep with pacifier?,babycare,Binary Question,"While pacifiers can be a helpful tool for soothing and potentially reducing the risk of Sudden Infant Death Syndrome (SIDS) , it's generally safe for babies to sleep with them, especially when used correctly . Here's a more detailed look at pacifiers and sleep: Benefits: Soothing and Comfort: Pacifiers can help soothe babies and make them feel more comfortable, which can lead to easier sleep.","it's generally safe for babies to sleep with them, especially when used correctly",AIO,is it unsafe for baby to sleep with pacifier?,11,negative,Postive
1153,is it safe to use vicks on babies?,babycare,Binary Question,"No, it is not safe to use Vicks Vaporub on babies . Vicks Vaporub contains menthol, camphor, and eucalyptus oil, which can be harmful to young children. Menthol can irritate the respiratory system, while camphor can be toxic if ingested. Eucalyptus oil can also cause allergic reactions in some children. The American Academy of Pediatrics (AAP) recommends avoiding the use of Vicks Vaporub on children under the age of 2. If you are considering using Vicks Vaporub on a child, it is important to consult with a healthcare professional first.","No, it is not safe to use Vicks Vaporub on babies",AIO,is it safe to use vicks on babies?,13,positive,Negative
1050,can you use vicks on babies?,babycare,Binary Question,"You should never use Vicks VapoRub on babies under 2 years old ; instead, use Vicks BabyRub, which is formulated for babies 3 months and older. Here's a more detailed explanation: Vicks VapoRub is not safe for babies under 2: The ingredients in Vicks VapoRub, particularly camphor, can be dangerous for infants and young children.",You should never use Vicks VapoRub on babies under 2 years old,AIO,can you use vicks on babies?,13,neutral,Negative
1256,is it unsafe to use vicks on babies?,babycare,Binary Question,"Yes, Vicks VapoRub is generally considered unsafe for babies under 2 years old . The ingredients, especially camphor and menthol, can cause airway irritation, inflammation, and mucus production, potentially narrowing airways. It's also important to avoid using Vicks VapoRub near a baby's nose, as inhalation of the fumes can be harmful. Vicks BabyRub, a specially formulated version, is generally considered safe for babies 3 months and older, but should still be used with caution and under the supervision of a doctor.","Yes, Vicks VapoRub is generally considered unsafe for babies under 2 years old",AIO,is it unsafe to use vicks on babies?,13,negative,Negative
1154,is it safe for babies to get shots at 9 months?,babycare,Binary Question,"Yes, it is generally considered safe for babies to get shots at 9 months , although not all vaccines are given at this age. The 9-month checkup is a good time to catch up on any missed immunizations and potentially receive the influenza vaccine, according to HealthyChildren.org and Atrium Health. Here's a more detailed explanation: Routine Immunizations: While some vaccines are completed by 9 months, others may continue, such as the final dose of hepatitis B or the third dose of inactivated polio vaccine.","Yes, it is generally considered safe for babies to get shots at 9 months",AIO,is it safe for babies to get shots at 9 months?,14,positive,Postive
1051,do babies get shots at 9 months?,babycare,Binary Question,"Yes, babies typically receive vaccinations at the age of 9 months . The recommended vaccinations for 9-month-old babies include: Hepatitis B (3rd dose) Pneumococcal conjugate vaccine (PCV13) : (3rd dose) Diphtheria-tetanus-acellular pertussis (DTaP) : (3rd dose) Polio (IPV) : (3rd dose)","Yes, babies typically receive vaccinations at the age of 9 months",AIO,do babies get shots at 9 months?,14,neutral,Postive
1257,is it unsafe for babies to get shots at 9 months?,babycare,Binary Question,"No, it is generally not unsafe for babies to get shots at 9 months . In fact, it's a critical part of their routine vaccination schedule to protect them from various diseases. While some minor side effects like soreness or fussiness are possible, the benefits of vaccination far outweigh the risks. Why 9-month vaccinations are important: Completing the series: At 9 months, many routine vaccines are completed or boosted, such as hepatitis B, inactivated polio, and potentially the final dose of DTaP.","No, it is generally not unsafe for babies to get shots at 9 months",AIO,is it unsafe for babies to get shots at 9 months?,14,negative,Postive
1155,is baby snoring safe?,babycare,Binary Question,"Yes, occasional baby snoring is generally considered normal and harmless, especially in newborns . Most cases resolve as the baby grows and their airways mature. However, persistent or loud snoring, especially if accompanied by other symptoms like difficulty breathing, bluish skin, or fatigue, should be discussed with a pediatrician to rule out underlying medical conditions like sleep apnea or other respiratory issues. Elaboration:","Yes, occasional baby snoring is generally considered normal and harmless, especially in newborns",AIO,is baby snoring safe?,15,positive,Neutral 
1052,do babies snore?,babycare,Binary Question,"Yes, babies can snore , and it's often harmless, especially if it's occasional or linked to a cold or allergies. However, persistent or loud snoring, or snoring accompanied by other symptoms, warrants a visit to a pediatrician to rule out underlying medical conditions. Here's a more detailed explanation: Normal Snoring: Babies can snore due to their small airways, which can become congested with mucus or fluids, or due to nasal congestion from colds or allergies.","Yes, babies can snore",AIO,do babies snore?,15,neutral,Neutral 
1258,is baby snoring unsafe?,babycare,Binary Question,"While snoring in babies is often normal and not a cause for concern , it can sometimes indicate underlying issues. Generally, occasional soft snoring is okay, but persistent, loud snoring, especially if accompanied by other symptoms like difficulty breathing or bluish skin, warrants a doctor's visit. Here's a more detailed look: When is baby snoring normal?",snoring in babies is often normal and not a cause for concern,AIO,is baby snoring unsafe?,15,negative,Neutral 
1156,is baby sweating safe?,babycare,Binary Question,"Yes, baby sweating is generally safe and normal, especially in newborns . It's a natural process that helps the body cool down. However, excessive sweating, especially with other symptoms, may warrant attention. Here's a more detailed explanation: Normal Sweating: Babies, like adults, sweat to regulate their body temperature. Sweating is particularly common in newborns as they adapt to their environment and their thermoregulation system is still developing.","Yes, baby sweating is generally safe and normal, especially in newborns",AIO,is baby sweating safe?,16,positive,Postive
1053,do babies sweat?,babycare,Binary Question,"Yes, babies can sweat . Sweating is a normal physiological response that helps regulate body temperature. Babies have sweat glands that become active as they grow and develop. However, babies' sweat glands are not as efficient as adults', so they may sweat more easily, especially in warm or humid environments. They may also sweat more during activities such as crying, feeding, or playing.","Yes, babies can sweat",AIO,do babies sweat?,16,neutral,Postive
1259,is baby sweating unsafe?,babycare,Binary Question,"While sweating is a normal and healthy way for babies to regulate their body temperature, excessive sweating can be a sign of an underlying issue , according to MedicalNewsToday . In most cases, it's simply a matter of the baby being too warm, but in some instances, it can indicate a medical condition. Here's a more detailed look at baby sweating:",excessive sweating can be a sign of an underlying issue,AIO,is baby sweating unsafe?,16,negative,Neutral 
1157,is it safe for baby to move during contractions?,babycare,Binary Question,"Yes, it's generally safe for the baby to move during contractions . Babies can and do move throughout labor, even during contractions, and this movement is often a sign that the baby is doing well. Here's a more detailed explanation: Braxton Hicks Contractions: Braxton Hicks contractions, which are irregular and not typically painful, can still cause the baby to move around.","Yes, it's generally safe for the baby to move during contractions",AIO,is it safe for baby to move during contractions?,17,positive,Postive
1054,does baby move during contractions?,babycare,Binary Question,"Yes, babies can move during contractions . During contractions, the uterus muscles tighten and push the baby down the birth canal. This movement can cause the baby to shift position, kick, or punch.","Yes, babies can move during contractions",AIO,does baby move during contractions?,17,neutral,Postive
1260,is it unsafe for baby to move during contractions?,babycare,Binary Question,"No, it is generally not unsafe for a baby to move during contractions , and in fact, some movement is expected. However, it's important to monitor for signs of fetal distress , which could indicate the baby is experiencing oxygen deprivation. Fetal movement is a sign of a healthy and growing baby, and a decrease in movement, especially sudden and rapid changes, can be a concern. Here's a more detailed explanation:","No, it is generally not unsafe for a baby to move during contractions",AIO,is it unsafe for baby to move during contractions?,17,negative,Neutral 
1158,is it safe for babies to wear shoes?,babycare,Binary Question,"Infants generally don't need shoes until they start walking outdoors , as barefoot or sock-wearing is better for natural foot development and muscle strength. Here's a more detailed explanation: Natural Development: Barefoot or sock-wearing allows babies to feel the ground, which is crucial for developing coordination, balance, and the muscles needed for walking.",Infants generally don't need shoes until they start walking outdoors,AIO,is it safe for babies to wear shoes?,18,positive,Negative
1055,should babies wear shoes?,babycare,Binary Question,"Babies don't need shoes until they start walking , and even then, prioritize barefoot time and flexible, lightweight shoes that mimic natural foot movement. Here's a more detailed explanation: Barefoot is best for development: Babies benefit from walking barefoot, as it strengthens their foot and ankle muscles, promotes proper arch development, and encourages natural gait patterns.",Babies don't need shoes until they start walking,AIO,should babies wear shoes?,18,neutral,Negative
1261,is it unsafe for babies to wear shoes?,babycare,Binary Question,"While not inherently unsafe , babies generally don't need shoes until they start walking, and shoes can even hinder their development. Barefoot time allows for better balance, strength, and coordination development as babies feel the floor. Shoes are primarily needed to protect feet when walking outside, on uneven surfaces, or when necessary for warmth.",While not inherently unsafe,AIO,is it unsafe for babies to wear shoes?,18,negative,Neutral 
1160,is it safe for you to drink red wine while pregnant?,pregnancy,Binary Question,"No, it is not safe to drink red wine (or any alcohol) while pregnant . There is no known safe amount of alcohol consumption during pregnancy, and any amount can potentially harm the developing fetus. The Centers for Disease Control and Prevention (CDC) and other health organizations recommend complete abstinence from alcohol during pregnancy. Here's why: Alcohol crosses the placenta:","No, it is not safe to drink red wine (or any alcohol) while pregnant",AIO,is it safe for you to drink red wine while pregnant?,20,positive,Negative
1057,can you drink red wine while pregnant?,pregnancy,Binary Question,"No, it is not safe to drink red wine or any other type of alcohol during pregnancy . Alcohol crosses the placenta and can harm the developing baby. Even small amounts of alcohol can increase the risk of: Fetal alcohol spectrum disorder (FASD), which can cause physical, cognitive, and behavioral problems Premature birth","No, it is not safe to drink red wine or any other type of alcohol during pregnancy",AIO,can you drink red wine while pregnant?,20,neutral,Negative
1263,is it unsafe for you to drink red wine while pregnant?,pregnancy,Binary Question,"Yes, it is generally considered unsafe to drink red wine, or any alcohol, while pregnant . The CDC and other health organizations recommend avoiding alcohol altogether during pregnancy because there's no known safe amount or time to consume it. Alcohol can pass from the mother's bloodstream to the fetus through the umbilical cord, potentially causing harm. Here's why it's not recommended: Fetal Alcohol Spectrum Disorders (FASDs) :","Yes, it is generally considered unsafe to drink red wine, or any alcohol, while pregnant",AIO,is it unsafe for you to drink red wine while pregnant?,20,negative,Negative
1161,is it safe for a pregnant woman to take alka seltzer?,pregnancy,Binary Question,"No, Alka-Seltzer is generally not safe for pregnant women to take , especially if it contains aspirin. Aspirin is a non-steroidal anti-inflammatory drug (NSAID) and can cause potential complications for the baby, such as rare kidney problems and low amniotic fluid. Here's why Alka-Seltzer is generally not recommended during pregnancy: Aspirin: Alka-Seltzer, especially products like Alka-Seltzer Plus , often contains aspirin, which is an NSAID.","No, Alka-Seltzer is generally not safe for pregnant women to take",AIO,is it safe for a pregnant woman to take alka seltzer?,21,positive,Negative
1058,can a pregnant woman take alka seltzer?,pregnancy,Binary Question,"No, pregnant women should generally avoid taking Alka-Seltzer . Alka-Seltzer contains aspirin, which is a non-steroidal anti-inflammatory drug (NSAID). NSAIDs can cross the placenta and harm the developing baby, especially during the second and third trimesters. They can increase the risk of: Premature birth, Low amniotic fluid levels, Birth defects, and Kidney problems.","No, pregnant women should generally avoid taking Alka-Seltzer",AIO,can a pregnant woman take alka seltzer?,21,neutral,Negative
1264,is it unsafe for a pregnant woman to take alka seltzer?,pregnancy,Binary Question,"Yes, most Alka-Seltzer products are generally not recommended for pregnant women due to the presence of aspirin and sodium bicarbonate . Aspirin, a non-steroidal anti-inflammatory drug (NSAID), can potentially cause complications like kidney problems in the fetus, and sodium bicarbonate can lead to water retention, which is already a common concern during pregnancy. Elaboration:",most Alka-Seltzer products are generally not recommended for pregnant women due to the presence of aspirin and sodium bicarbonate,AIO,is it unsafe for a pregnant woman to take alka seltzer?,21,negative,Negative
1162,is it safe for a woman to get pregnant while breastfeeding?,pregnancy,Binary Question,"Yes, it is possible to get pregnant while breastfeeding , even if you haven't had your period return after giving birth. While breastfeeding can delay ovulation and reduce the chances of pregnancy, it's not a reliable form of birth control, especially as the baby gets older. Elaboration: Lactational Amenorrhea Method (LAM): Breastfeeding can temporarily suppress ovulation, but this is not a foolproof method of preventing pregnancy.","Yes, it is possible to get pregnant while breastfeeding",AIO,is it safe for a woman to get pregnant while breastfeeding?,22,positive,Neutral 
1059,can a woman get pregnant while breastfeeding?,pregnancy,Binary Question,"Yes, it's possible to get pregnant while breastfeeding, even if you're exclusively breastfeeding , though it's less likely than if you're not breastfeeding, and the risk increases as the baby gets older. Here's a more detailed explanation: Lactational Amenorrhea Method (LAM) : Breastfeeding can temporarily delay ovulation (the release of an egg) and menstruation, a phenomenon known as lactational amenorrhea .","Yes, it's possible to get pregnant while breastfeeding, even if you're exclusively breastfeeding",AIO,can a woman get pregnant while breastfeeding?,22,neutral,Neutral 
1265,is it unsafe for a woman to get pregnant while breastfeeding?,pregnancy,Binary Question,"Yes, it is possible to get pregnant while breastfeeding , and it is generally considered safe to continue breastfeeding during a new pregnancy. While breastfeeding can delay ovulation and menstruation, it's not a guaranteed form of birth control, and ovulation can return at any time. If you are trying to avoid another pregnancy while breastfeeding, it's important to use a backup method of birth control. Here's why and what to consider:","Yes, it is possible to get pregnant while breastfeeding",AIO,is it unsafe for a woman to get pregnant while breastfeeding?,22,negative,Neutral 
1163,is it safe for a woman to lactate without pregnancy?,pregnancy,Binary Question,"Yes, it is possible for a woman to lactate without being pregnant , a condition called galactorrhea or induced lactation. This is generally considered safe, though it may sometimes indicate an underlying medical condition. Elaboration: Inducing Lactation: Women can induce lactation through various methods, including hormonal treatments, herbal or pharmacological galactagogues , and breast stimulation.","Yes, it is possible for a woman to lactate without being pregnant",AIO,is it safe for a woman to lactate without pregnancy?,23,positive,Postive
1060,can a woman lactate without pregnancy?,pregnancy,Binary Question,"Yes, it's possible for a woman to lactate without being pregnant , a process known as induced lactation, which involves stimulating the breasts through various methods, including hormone therapy and pumping. Here's a more detailed explanation: Induced Lactation: This process aims to initiate milk production in individuals who haven't given birth, often pursued by adoptive parents or same-sex couples who want to breastfeed.","Yes, it's possible for a woman to lactate without being pregnant",AIO,can a woman lactate without pregnancy?,23,neutral,Postive
1266,is it unsafe for a woman to lactate without pregnancy?,pregnancy,Binary Question,"Lactating without pregnancy is generally not unsafe , though it may not be a natural occurrence and can be associated with certain underlying medical conditions or medications. Induced lactation, where milk production is initiated without pregnancy, is a complex process that can be achieved with dedication and may require hormone therapy and stimulation. However, it's important to consult with a healthcare provider to rule out any underlying medical issues and to discuss the potential risks and benefits of inducing lactation.",generally not unsafe,AIO,is it unsafe for a woman to lactate without pregnancy?,23,negative,Neutral 
1165,is it safe for me to eat feta when pregnant?,pregnancy,Binary Question,"Yes, it is generally safe to eat feta cheese if it's made from pasteurized milk . Feta, like other soft cheeses, is generally considered safe during pregnancy when made from pasteurized milk. However, it's crucial to ensure the feta you're consuming is made from pasteurized milk to avoid potential risks associated with listeria, a bacterium that can be harmful to both the mother and the fetus. Why pasteurization is important:","Yes, it is generally safe to eat feta cheese if it's made from pasteurized milk",AIO,is it safe for me to eat feta when pregnant?,25,positive,Neutral 
1062,can i eat feta when pregnant?,pregnancy,Binary Question,"Yes, you can eat feta cheese while pregnant as long as it is pasteurized . Unpasteurized feta cheese may contain Listeria, a bacteria that can cause serious illness in pregnant women and their babies.","Yes, you can eat feta cheese while pregnant as long as it is pasteurized",AIO,can i eat feta when pregnant?,25,neutral,Neutral 
1268,is it unsafe for me to eat feta when pregnant?,pregnancy,Binary Question,"Yes, feta cheese can be unsafe to eat during pregnancy if it's not made from pasteurized milk . Unpasteurized feta, like other soft cheeses, may contain Listeria bacteria, which can cause serious complications for the unborn baby, such as miscarriage, premature birth, or severe illness. Explanation: Listeria: This bacteria can cause listeriosis , an infection that can be dangerous for pregnant women and their fetuses.","Yes, feta cheese can be unsafe to eat during pregnancy if it's not made from pasteurized milk",AIO,is it unsafe for me to eat feta when pregnant?,25,negative,Neutral 
1168,is it safe for me to take advil while pregnant?,pregnancy,Binary Question,"No, it is generally not safe to take ibuprofen (Advil) while pregnant, especially after 20 weeks . While short courses of ibuprofen before 20 weeks may be considered by your doctor, it's not a first-choice pain reliever. After 20 weeks, ibuprofen can have serious risks for the developing baby, including affecting their kidneys, heart, and lungs. Here's why ibuprofen is not recommended during pregnancy: Potential Risks to the Fetus:","No, it is generally not safe to take ibuprofen (Advil) while pregnant, especially after 20 weeks",AIO,is it safe for me to take advil while pregnant?,28,positive,Neutral 
1065,can i take advil while pregnant?,pregnancy,Binary Question,"No, it is generally not recommended to take Advil (ibuprofen) while pregnant . Ibuprofen is a nonsteroidal anti-inflammatory drug (NSAID) that can increase the risk of complications during pregnancy, including: Premature birth: Ibuprofen can inhibit the production of prostaglandins, which are chemicals that play a role in labor.","No, it is generally not recommended to take Advil (ibuprofen) while pregnant",AIO,can i take advil while pregnant?,28,neutral,Negative
1271,is it unsafe for me to take advil while pregnant?,pregnancy,Binary Question,"Yes, it is generally considered unsafe to take Advil (ibuprofen) during pregnancy, especially after 20 weeks . While it may be safe in the first trimester in some cases, it's not recommended after that due to potential risks to the baby, including kidney problems, heart complications, and reduced amniotic fluid. Here's a more detailed explanation: Risks after 20 weeks:","Yes, it is generally considered unsafe to take Advil (ibuprofen) during pregnancy, especially after 20 weeks",AIO,is it unsafe for me to take advil while pregnant?,28,negative,Neutral 
1170,is it safe for me to take vitamin c while pregnant?,pregnancy,Binary Question,"Yes, it's generally safe to take vitamin C while pregnant , and it's actually recommended to consume enough to meet the recommended daily allowance (RDA). In fact, adequate vitamin C intake is important for both the pregnant woman and the developing baby. Here's why and how: Benefits for Mom and Baby: Vitamin C supports the baby's immune system, helps with collagen production (essential for healthy tissue and wound healing), and aids in iron absorption.","Yes, it's generally safe to take vitamin C while pregnant",AIO,is it safe for me to take vitamin c while pregnant?,30,positive,Postive
1067,can i take vitamin c while pregnant?,pregnancy,Binary Question,"Yes, it's generally safe to take vitamin C while pregnant , and it's even recommended to get enough from food or supplements, as it's essential for both the mother and baby's health, but it's important to stay within the recommended daily intake. Here's a more detailed explanation: Importance of Vitamin C in Pregnancy: Vitamin C is a vital nutrient during pregnancy, supporting a healthy immune system and aiding in the development of the baby's bones, ligaments, and tissues.","Yes, it's generally safe to take vitamin C while pregnant",AIO,can i take vitamin c while pregnant?,30,neutral,Postive
1273,is it unsafe for me to take vitamin c while pregnant?,pregnancy,Binary Question,"Yes, it's generally safe to take vitamin C during pregnancy , and it's actually recommended. In fact, pregnant women need more vitamin C than non-pregnant women. However, it's important to stay within recommended daily amounts, as excessive doses can cause side effects. Elaboration: Importance: Vitamin C is vital for both the mother and the baby during pregnancy. It supports tissue repair, wound healing, bone and teeth development, and helps the body absorb iron.","Yes, it's generally safe to take vitamin C during pregnancy",AIO,is it unsafe for me to take vitamin c while pregnant?,30,negative,Neutral 
1174,is it safe for pregnant women to eat beef jerky?,pregnancy,Binary Question,"Yes, beef jerky can generally be safe to eat during pregnancy if it meets the following criteria: Well-cooked: Beef jerky should be thoroughly cooked to an internal temperature of 160°F (71°C) to kill any harmful bacteria. Pasteurized: If the jerky is made from pasteurized meat, it is less likely to contain harmful bacteria.","Yes, beef jerky can generally be safe to eat during pregnancy if it meets the following criteria:",AIO,is it safe for pregnant women to eat beef jerky?,34,positive,Postive
1071,can pregnant women eat beef jerky?,pregnancy,Binary Question,"Yes, pregnant women can generally eat beef jerky, as long as it is : Well-cooked: Beef jerky is typically made from cooked beef, which helps kill any harmful bacteria. Not expired: Expired beef jerky may contain harmful bacteria or other contaminants. Low in sodium: Some beef jerkies are high in sodium, which can be harmful to pregnant women. Choose low-sodium options whenever possible.","Yes, pregnant women can generally eat beef jerky, as long as it is",AIO,can pregnant women eat beef jerky?,34,neutral,Neutral 
1277,is it unsafe for pregnant women to eat beef jerky?,pregnancy,Binary Question,"While generally safe in moderation, beef jerky should be consumed with caution during pregnancy due to its high sodium content and potential for listeria contamination . Eating too much beef jerky can contribute to high blood pressure and preeclampsia . Additionally, refrigerated, smoked foods like jerky can potentially carry listeria , which can be harmful during pregnancy. Here's a more detailed explanation: Sodium Content:",beef jerky should be consumed with caution during pregnancy due to its high sodium content and potential for listeria contamination,AIO,is it unsafe for pregnant women to eat beef jerky?,34,negative,Neutral 
1175,is it safe for pregnant women to eat calamari?,pregnancy,Binary Question,"Yes, it's generally safe to eat calamari (squid) during pregnancy in moderation, as long as it's thoroughly cooked and not raw or lightly seared . Here's a more detailed explanation: Safe in Moderation: Calamari is a good source of nutrients like omega-3 fatty acids, protein, and other vitamins and minerals.","Yes, it's generally safe to eat calamari (squid) during pregnancy in moderation, as long as it's thoroughly cooked and not raw or lightly seared",AIO,is it safe for pregnant women to eat calamari?,35,positive,Neutral 
1072,can pregnant women eat calamari?,pregnancy,Binary Question,"Yes, pregnant women can eat calamari, as long as it is cooked thoroughly . Calamari is a type of seafood that is low in mercury, making it a safe option for pregnant women. However, it is important to ensure that the calamari is cooked to an internal temperature of 145°F (63°C) to kill any harmful bacteria.","Yes, pregnant women can eat calamari, as long as it is cooked thoroughly",AIO,can pregnant women eat calamari?,35,neutral,Neutral 
1278,is it unsafe for pregnant women to eat calamari?,pregnancy,Binary Question,"Yes, it is generally safe for pregnant women to eat calamari in moderation, provided it's cooked well . Calamari is a good source of nutrients like omega-3 fatty acids and protein, beneficial during pregnancy. The key is to avoid raw or undercooked seafood, as it can carry risks like food poisoning. Here's a more detailed breakdown: Proper Cooking is Key: Ensure calamari is cooked thoroughly, ideally to an internal temperature of 145 degrees Fahrenheit.","Yes, it is generally safe for pregnant women to eat calamari in moderation, provided it's cooked well",AIO,is it unsafe for pregnant women to eat calamari?,35,negative,Neutral 
1176,is it safe for pregnant women to eat california rolls?,pregnancy,Binary Question,"Yes, California rolls are generally considered safe for pregnant women to eat . This is because they typically use imitation crab, which is a cooked ingredient, and are not made with raw fish. However, it's still important to ensure the sushi is prepared in a sanitary environment to minimize any potential risks. Here's why California rolls are a safe option: No raw fish: California rolls primarily feature imitation crab, which is made from cooked fish and processed to resemble crab meat.","Yes, California rolls are generally considered safe for pregnant women to eat",AIO,is it safe for pregnant women to eat california rolls?,36,positive,Postive
1073,can pregnant women eat california rolls?,pregnancy,Binary Question,"Yes, pregnant women can generally eat California rolls, as long as they meet the following safety guidelines : Cooked seafood: California rolls typically contain cooked seafood, such as imitation crab meat or avocado, which are safe for pregnant women to consume. Low-mercury fish: If the roll contains seafood, it should be from a low-mercury fish species, such as salmon or tuna.","Yes, pregnant women can generally eat California rolls, as long as they meet the following safety guidelines",AIO,can pregnant women eat california rolls?,36,neutral,Postive
1279,is it unsafe for pregnant women to eat california rolls?,pregnancy,Binary Question,"Yes, California rolls are generally considered safe for pregnant women to eat because they typically contain cooked imitation crab, a safe alternative to raw fish. Other safe sushi options for pregnant women include veggie rolls, shrimp tempura rolls, and sushi with cooked, low-mercury fish. Pregnant women should avoid sushi containing raw fish due to the risk of foodborne illness. Here's why California rolls are a safe option:","Yes, California rolls are generally considered safe for pregnant women to eat",AIO,is it unsafe for pregnant women to eat california rolls?,36,negative,Neutral 
1177,is it safe for pregnant women to eat canned tuna?,pregnancy,Binary Question,"Yes, pregnant women can safely eat canned tuna in moderation , with the FDA and EPA recommending 2-3 servings (8-12 ounces) of canned light tuna per week, or 4 ounces of albacore tuna. Here's a more detailed explanation: Benefits of Eating Fish During Pregnancy: Fish, including tuna, are a good source of nutrients, including omega-3 fatty acids , which are important for fetal brain development.","Yes, pregnant women can safely eat canned tuna in moderation",AIO,is it safe for pregnant women to eat canned tuna?,37,positive,Postive
1074,can pregnant women eat canned tuna?,pregnancy,Binary Question,"Yes, pregnant women can consume canned tuna in moderation . Safety Considerations: Mercury: Tuna contains mercury, which can be harmful to the developing baby. However, canned light tuna contains lower levels of mercury than other types of tuna, such as albacore.","Yes, pregnant women can consume canned tuna in moderation",AIO,can pregnant women eat canned tuna?,37,neutral,Neutral 
1280,is it unsafe for pregnant women to eat canned tuna?,pregnancy,Binary Question,"Yes, it is generally considered safe for pregnant women to eat canned tuna in moderation . However, there are specific guidelines and precautions to follow to ensure safe consumption. Here's a more detailed explanation: Mercury levels: Tuna, especially larger varieties like yellowfin and albacore, can contain higher levels of mercury , a heavy metal that can be harmful to a developing fetus.","Yes, it is generally considered safe for pregnant women to eat canned tuna in moderation",AIO,is it unsafe for pregnant women to eat canned tuna?,37,negative,Neutral 
1179,is it safe for pregnant women to eat ceviche?,pregnancy,Binary Question,"No, it's generally not safe for pregnant women to eat ceviche , as it's made with raw or undercooked fish, which can carry risks like listeria and other bacteria and parasites that can be harmful to both the mother and the developing baby. Here's a more detailed explanation: Ceviche and Raw Seafood: Ceviche is a dish made with raw fish or shellfish marinated in citrus juices, like lime or lemon.","No, it's generally not safe for pregnant women to eat ceviche",AIO,is it safe for pregnant women to eat ceviche?,39,positive,Negative
1076,can pregnant women eat ceviche?,pregnancy,Binary Question,"No, pregnant women should not eat ceviche . Ceviche is a dish made with raw fish or shellfish marinated in citrus juice. It is typically served uncooked, which means it may contain harmful bacteria or parasites, such as Listeria.","No, pregnant women should not eat ceviche",AIO,can pregnant women eat ceviche?,39,neutral,Negative
1282,is it unsafe for pregnant women to eat ceviche?,pregnancy,Binary Question,"Yes, it is generally considered unsafe for pregnant women to eat ceviche . Ceviche is made with raw or undercooked seafood, which can pose risks for food poisoning and illness during pregnancy. Here's why ceviche is not recommended for pregnant women: Risk of food poisoning : Raw or undercooked seafood can contain harmful bacteria or viruses that can cause food poisoning, which is more likely to be severe in pregnant women.","Yes, it is generally considered unsafe for pregnant women to eat ceviche",AIO,is it unsafe for pregnant women to eat ceviche?,39,negative,Negative
1180,is it safe for pregnant women to eat cheese?,pregnancy,Binary Question,"Yes, cheese is generally safe for pregnant women, particularly hard cheeses and pasteurized soft cheeses . However, it's crucial to ensure that soft cheeses like feta , Brie , and blue-veined cheeses are made from pasteurized milk and not unpasteurized. Unpasteurized milk can carry the bacteria Listeria, which can be harmful to the fetus, notes the Mayo Clinic . Here's a more detailed breakdown:","Yes, cheese is generally safe for pregnant women, particularly hard cheeses and pasteurized soft cheeses",AIO,is it safe for pregnant women to eat cheese?,40,positive,Neutral 
1077,can pregnant women eat cheese?,pregnancy,Binary Question,"Yes, pregnant women can generally eat cheese, but with certain precautions . Safe Cheeses: Hard cheeses (e.g., cheddar, Parmesan) Pasteurized soft cheeses (e.g., mozzarella, cream cheese) Processed cheeses (e.g., American cheese)","Yes, pregnant women can generally eat cheese, but with certain precautions",AIO,can pregnant women eat cheese?,40,neutral,Postive
1283,is it unsafe for pregnant women to eat cheese?,pregnancy,Binary Question,"Yes, it's generally safe for pregnant women to eat cheese , but it's crucial to be cautious about the type of cheese and how it's made. Soft cheeses made from unpasteurized milk can be unsafe due to the risk of Listeria, which can cause serious complications during pregnancy. Here's a breakdown of what to eat and avoid: Safe to Eat:","Yes, it's generally safe for pregnant women to eat cheese",AIO,is it unsafe for pregnant women to eat cheese?,40,negative,Neutral 
1182,is it safe for pregnant women to eat deli meat?,pregnancy,Binary Question,"It is generally not recommended for pregnant women to consume deli meats, as they may contain bacteria that can be harmful to the mother and baby . Risks of Eating Deli Meat During Pregnancy: Listeria: This bacterium can cause listeriosis, a serious infection that can lead to miscarriage, premature birth, or stillbirth. Deli meats are often contaminated with listeria.","It is generally not recommended for pregnant women to consume deli meats, as they may contain bacteria that can be harmful to the mother and baby",AIO,is it safe for pregnant women to eat deli meat?,42,positive,Negative
1079,can pregnant women eat deli meat?,pregnancy,Binary Question,"Pregnant women should avoid eating deli meat unless it is thoroughly heated to an internal temperature of 165°F (74°C) . Deli meat can contain bacteria, such as Listeria monocytogenes, which can cause serious infections in pregnant women and their unborn children. Listeria can thrive in cold environments, such as refrigerators, where deli meat is typically stored.",Pregnant women should avoid eating deli meat unless it is thoroughly heated to an internal temperature of 165°F (74°C),AIO,can pregnant women eat deli meat?,42,neutral,Negative
1285,is it unsafe for pregnant women to eat deli meat?,pregnancy,Binary Question,"Yes, it's generally considered unsafe for pregnant women to eat deli meat . Deli meats, including cold cuts, ham, and other cured meats, can harbor harmful bacteria like Listeria and Salmonella , which can be dangerous for both the mother and the developing baby. Here's why it's recommended to avoid deli meat during pregnancy: Listeria: Listeria is a bacterium that can cause serious illness in pregnant women, potentially leading to miscarriage, stillbirth, or premature birth.","Yes, it's generally considered unsafe for pregnant women to eat deli meat",AIO,is it unsafe for pregnant women to eat deli meat?,42,negative,Negative
1183,is it safe for pregnant women to eat grapes?,pregnancy,Binary Question,"Yes, it is generally safe for pregnant women to eat grapes in moderation . Benefits of Grapes for Pregnant Women: Grapes are a good source of antioxidants, vitamins (A, C, and K), and minerals (iron, potassium, and magnesium), which are essential for a healthy pregnancy. The resveratrol in grapes may help boost the immune system and protect against infections.","Yes, it is generally safe for pregnant women to eat grapes in moderation",AIO,is it safe for pregnant women to eat grapes?,43,positive,Postive
1080,can pregnant women eat grapes?,pregnancy,Binary Question,"Yes, pregnant women can generally eat grapes . Grapes are a nutritious fruit that provides essential vitamins, minerals, and antioxidants. They can help boost the immune system, promote fetal growth, and provide hydration. However, it's important to note the following: Moderation: Consume grapes in moderation as excessive intake can lead to digestive issues or weight gain.","Yes, pregnant women can generally eat grapes",AIO,can pregnant women eat grapes?,43,neutral,Neutral 
1286,is it unsafe for pregnant women to eat grapes?,pregnancy,Binary Question,"Yes, it's generally safe to eat grapes during pregnancy , as they offer essential nutrients and antioxidants, but it's important to wash them thoroughly and consume them in moderation. Here's a more detailed look at grapes and pregnancy: Benefits: Grapes are a good source of vitamins, minerals, and antioxidants, which are beneficial for both the mother and the developing baby.","Yes, it's generally safe to eat grapes during pregnancy",AIO,is it unsafe for pregnant women to eat grapes?,43,negative,Postive
1185,is it safe for pregnant women to eat mayonnaise?,pregnancy,Binary Question,"Yes, it's generally safe for pregnant women to eat mayonnaise, especially commercially produced varieties, as they are usually made with pasteurized eggs, which eliminates the risk of harmful bacteria . Here's a more detailed explanation: Pasteurized Eggs are Key: The primary concern with mayonnaise during pregnancy is the potential risk of foodborne illnesses, particularly listeria and salmonella, which can be found in raw or undercooked eggs.","Yes, it's generally safe for pregnant women to eat mayonnaise, especially commercially produced varieties, as they are usually made with pasteurized eggs, which eliminates the risk of harmful bacteria",AIO,is it safe for pregnant women to eat mayonnaise?,45,positive,Neutral 
1082,can pregnant women eat mayonnaise?,pregnancy,Binary Question,"Yes, pregnant women can generally eat mayonnaise as long as it is made with pasteurized eggs . Pasteurized eggs are heated to a temperature that kills harmful bacteria, such as salmonella, which can cause food poisoning in pregnant women.","Yes, pregnant women can generally eat mayonnaise as long as it is made with pasteurized eggs",AIO,can pregnant women eat mayonnaise?,45,neutral,Neutral 
1288,is it unsafe for pregnant women to eat mayonnaise?,pregnancy,Binary Question,"Yes, it is generally considered safe for pregnant women to eat mayonnaise , particularly commercially produced mayonnaise. However, there are some exceptions. Raw or undercooked eggs can carry salmonella, so mayonnaise made with raw or undercooked eggs is not recommended during pregnancy. Here's a more detailed explanation: Pasteurized Eggs:","Yes, it is generally considered safe for pregnant women to eat mayonnaise",AIO,is it unsafe for pregnant women to eat mayonnaise?,45,negative,Neutral 
1186,is it safe for pregnant women to eat mussels?,pregnancy,Binary Question,"Yes, it's generally safe to eat cooked mussels during pregnancy, but avoid raw or undercooked shellfish . Make sure they are thoroughly cooked until the shells open, and discard any that remain closed after cooking. Here's a more detailed explanation: Safe to Eat: Cooked mussels are a good source of nutrients like iodine , selenium , and vitamin D , which are important for fetal development and overall health.","Yes, it's generally safe to eat cooked mussels during pregnancy, but avoid raw or undercooked shellfish",AIO,is it safe for pregnant women to eat mussels?,46,positive,Neutral 
1083,can pregnant women eat mussels?,pregnancy,Binary Question,"Yes, pregnant women can eat mussels in moderation, as long as they are properly cooked . Mussels are a good source of nutrients for pregnant women, including iron, zinc, and omega-3 fatty acids. However, raw or undercooked mussels can contain harmful bacteria and parasites. To ensure safety, follow these guidelines:","Yes, pregnant women can eat mussels in moderation, as long as they are properly cooked",AIO,can pregnant women eat mussels?,46,neutral,Neutral 
1289,is it unsafe for pregnant women to eat mussels?,pregnancy,Binary Question,"Yes, it is generally considered safe for pregnant women to eat cooked mussels, but raw or undercooked mussels should be avoided . Mussels, like other shellfish, can carry bacteria that can be harmful to a developing fetus, especially if raw or undercooked. Here's why it's important to cook mussels thoroughly: Risk of bacteria and parasites: Raw or undercooked mussels can contain harmful bacteria and parasites that can cause food poisoning, which can be dangerous during pregnancy.",raw or undercooked mussels should be avoided,AIO,is it unsafe for pregnant women to eat mussels?,46,negative,Neutral 
1187,is it safe for pregnant women to eat prawns?,pregnancy,Binary Question,"Yes, prawns (or shrimp) are generally safe to eat during pregnancy, especially when thoroughly cooked , as they are a good source of protein and omega-3 fatty acids, which are beneficial for fetal development. However, it's crucial to avoid raw or undercooked seafood to minimize the risk of foodborne illnesses. Here's a more detailed breakdown: Safe Consumption:","Yes, prawns (or shrimp) are generally safe to eat during pregnancy, especially when thoroughly cooked",AIO,is it safe for pregnant women to eat prawns?,47,positive,Neutral 
1084,can pregnant women eat prawns?,pregnancy,Binary Question,"Yes, pregnant women can generally eat prawns as long as they are cooked thoroughly . Benefits of Eating Prawns During Pregnancy: Prawns are a good source of omega-3 fatty acids, which are essential for fetal brain and eye development. They also provide protein, iron, and iodine, which are important nutrients for pregnant women.","Yes, pregnant women can generally eat prawns as long as they are cooked thoroughly",AIO,can pregnant women eat prawns?,47,neutral,Postive
1290,is it unsafe for pregnant women to eat prawns?,pregnancy,Binary Question,"Yes, it is generally safe for pregnant women to eat prawns as long as they are thoroughly cooked . Raw or undercooked prawns should be avoided. Healthline suggests that cooking seafood to an internal temperature of 145°F (62.8°C) is safe. Here's a more detailed explanation: Thoroughly Cooked: Prawns should be cooked until they turn pink and are opaque, indicating they are fully cooked.","Yes, it is generally safe for pregnant women to eat prawns as long as they are thoroughly cooked",AIO,is it unsafe for pregnant women to eat prawns?,47,negative,Neutral 
1188,is it safe for pregnant women to eat seafood?,pregnancy,Binary Question,"Yes, it is generally safe for pregnant women to eat seafood, but with some precautions . Benefits of Eating Seafood During Pregnancy: Omega-3 fatty acids: Essential for fetal brain and eye development. Protein: Crucial for fetal growth and development. Iron and zinc: Important for preventing anemia in pregnant women.","Yes, it is generally safe for pregnant women to eat seafood, but with some precautions",AIO,is it safe for pregnant women to eat seafood?,48,positive,Postive
1085,can pregnant women eat seafood?,pregnancy,Binary Question,"Yes, pregnant women can generally eat seafood in moderation . Benefits of Seafood during Pregnancy: Omega-3 fatty acids: Essential for fetal brain and eye development. Protein: Crucial for fetal growth and tissue formation. Iron: Prevents iron deficiency anemia. Iodine: Essential for thyroid hormone production and fetal brain development.","Yes, pregnant women can generally eat seafood in moderation",AIO,can pregnant women eat seafood?,48,neutral,Postive
1291,is it unsafe for pregnant women to eat seafood?,pregnancy,Binary Question,"Yes, it is generally safe for pregnant women to eat seafood, but certain types should be avoided or consumed in moderation due to mercury content or potential for foodborne illnesses . Pregnant women should avoid raw seafood, fish high in mercury, and be mindful of local fish advisories. Seafood to avoid or limit during pregnancy: High-mercury fish: Shark, swordfish, king mackerel, tilefish, bigeye tuna.","Yes, it is generally safe for pregnant women to eat seafood, but certain types should be avoided or consumed in moderation due to mercury content or potential for foodborne illnesses",AIO,is it unsafe for pregnant women to eat seafood?,48,negative,Neutral 
1189,is it safe for pregnant women to eat steak?,pregnancy,Binary Question,"Yes, it's generally safe for pregnant women to eat steak, provided it's cooked thoroughly until steaming hot with no trace of pink or blood . Here's a more detailed explanation: Why thorough cooking is important: Raw or undercooked meat can harbor bacteria like E. coli , salmonella , and the toxoplasma parasite , which can cause food poisoning or toxoplasmosis , potentially harming the pregnant woman and her baby.","Yes, it's generally safe for pregnant women to eat steak, provided it's cooked thoroughly until steaming hot with no trace of pink or blood",AIO,is it safe for pregnant women to eat steak?,49,positive,Neutral 
1086,can pregnant women eat steak?,pregnancy,Binary Question,"Yes, pregnant women can eat steak as long as it is cooked thoroughly to an internal temperature of at least 145°F (63°C) . Undercooked steak can contain bacteria, such as toxoplasmosis, which can be harmful to both the mother and the developing baby. Therefore, it is essential to ensure that all steak is cooked to a safe temperature. Additionally, pregnant women should avoid eating steak that is:","Yes, pregnant women can eat steak as long as it is cooked thoroughly to an internal temperature of at least 145°F (63°C)",AIO,can pregnant women eat steak?,49,neutral,Neutral 
1292,is it unsafe for pregnant women to eat steak?,pregnancy,Binary Question,"Yes, it is generally unsafe for pregnant women to eat raw or undercooked steak . The primary concern is the risk of foodborne illnesses, particularly toxoplasmosis, which can be harmful to the developing fetus. Why it's unsafe: Toxoplasmosis: Raw or undercooked meat can harbor the parasite Toxoplasma gondii, which can cause toxoplasmosis, a serious infection that can lead to miscarriage, stillbirth, or birth defects.","Yes, it is generally unsafe for pregnant women to eat raw or undercooked steak",AIO,is it unsafe for pregnant women to eat steak?,49,negative,Neutral 
1190,is it safe for pregnant women to eat yogurt?,pregnancy,Binary Question,"Yes, it is generally safe for pregnant women to eat yogurt, particularly commercially produced and pasteurized varieties . Yogurt can be a good source of calcium, protein, and probiotics, which are beneficial for both the pregnant woman and the developing fetus. However, it's crucial to choose pasteurized yogurt and avoid unpasteurized or homemade yogurt unless made with pasteurized milk. Here's a more detailed explanation:","Yes, it is generally safe for pregnant women to eat yogurt, particularly commercially produced and pasteurized varieties",AIO,is it safe for pregnant women to eat yogurt?,50,positive,Neutral 
1087,can pregnant women eat yogurt?,pregnancy,Binary Question,"Yes, pregnant women can safely eat yogurt . Yogurt is a good source of nutrients that are essential for pregnant women, including: Calcium: Helps build strong bones and teeth in the baby. Protein: Provides energy and supports fetal growth. Probiotics: Beneficial bacteria that promote gut health.","Yes, pregnant women can safely eat yogurt",AIO,can pregnant women eat yogurt?,50,neutral,Postive
1293,is it unsafe for pregnant women to eat yogurt?,pregnancy,Binary Question,"Yes, yogurt is generally safe for pregnant women to eat , especially pasteurized yogurt, which is most commercial yogurt. It's a good source of calcium, protein, and probiotics, all beneficial during pregnancy. However, pregnant women should avoid unpasteurized yogurt and dairy products made from unpasteurized milk. Here's a more detailed breakdown: Pasteurized yogurt is safe:","Yes, yogurt is generally safe for pregnant women to eat",AIO,is it unsafe for pregnant women to eat yogurt?,50,negative,Neutral 
1192,is it safe to do keto while pregnant?,pregnancy,Binary Question,"The keto diet is generally not considered safe for pregnant women because it can lead to nutrient deficiencies and potential harm to the developing baby, especially regarding folic acid and glucose, which is a primary energy source for fetal growth. Here's a more detailed explanation: Nutrient Deficiencies:",The keto diet is generally not considered safe for pregnant women,AIO,is it safe to do keto while pregnant?,52,positive,Negative
1089,can you do keto while pregnant?,pregnancy,Binary Question,"No, it's generally not recommended to follow a ketogenic (keto) diet during pregnancy due to potential risks to both the mother and the developing baby, including nutrient deficiencies and potential birth defects. Here's a more detailed explanation: Potential Risks: Nutrient Deficiencies:","No, it's generally not recommended to follow a ketogenic (keto) diet during pregnancy",AIO,can you do keto while pregnant?,52,neutral,Negative
1295,is it unsafe to do keto while pregnant?,pregnancy,Binary Question,"Yes, following a ketogenic diet (keto diet) during pregnancy is generally considered unsafe due to potential risks to the developing baby and the mother . While the keto diet focuses on burning fat for energy instead of carbohydrates, this can lead to a deficiency in essential nutrients needed for fetal development, such as folic acid and other vitamins and minerals. Additionally, the high-fat content of the keto diet may also have negative effects on both mother and baby.","Yes, following a ketogenic diet (keto diet) during pregnancy is generally considered unsafe due to potential risks to the developing baby and the mother",AIO,is it unsafe to do keto while pregnant?,52,negative,Negative
1195,is it safe for you to drink soda while pregnant?,pregnancy,Binary Question,"While drinking soda during pregnancy isn't strictly forbidden, it's generally recommended to limit or avoid it due to its high sugar and caffeine content . Excessive sugar intake can lead to health complications for both the mother and the developing baby, and caffeine can cross the placenta and potentially affect the baby's development. Elaboration: Sugar Content:",it's generally recommended to limit or avoid it due to its high sugar and caffeine content,AIO,is it safe for you to drink soda while pregnant?,55,positive,Negative
1092,can you drink soda while pregnant?,pregnancy,Binary Question,"It is generally not recommended to consume soda during pregnancy . Reasons to Avoid Soda During Pregnancy: High sugar content: Soda contains high levels of sugar, which can contribute to weight gain, gestational diabetes, and other health problems. Caffeine:",It is generally not recommended to consume soda during pregnancy,AIO,can you drink soda while pregnant?,55,neutral,Negative
1298,is it unsafe for you to drink soda while pregnant?,pregnancy,Binary Question,"While occasional soda consumption during pregnancy is generally considered safe , it's best to limit or avoid it due to the potential risks of excessive sugar, caffeine, and artificial sweeteners. Excessive sugar intake has been linked to increased risks of childhood asthma and overweight. Caffeine, which is present in many sodas, can cross the placenta and may potentially impact fetal development if consumed in large amounts. Here's a more detailed breakdown:",occasional soda consumption during pregnancy is generally considered safe,AIO,is it unsafe for you to drink soda while pregnant?,55,negative,Negative
1196,is it safe for you to eat bacon when pregnant?,pregnancy,Binary Question,"Yes, it's generally safe to eat bacon when pregnant , but it's crucial to ensure it's fully cooked. Undercooked or raw bacon can harbor bacteria like Listeria and Toxoplasma gondii, which can cause serious illnesses during pregnancy. Fully cooking the bacon until it's steaming hot or reaches 165°F eliminates these risks. Here's a more detailed explanation: Listeria:","Yes, it's generally safe to eat bacon when pregnant",AIO,is it safe for you to eat bacon when pregnant?,56,positive,Neutral 
1093,can you eat bacon when pregnant?,pregnancy,Binary Question,"Yes, you can eat bacon during pregnancy , but it's crucial to ensure it's thoroughly cooked to avoid the risk of foodborne illnesses like listeria and toxoplasmosis, which can be harmful to both you and your baby. Here's a more detailed explanation: Why thorough cooking matters: During pregnancy, your immune system is weakened, making you more susceptible to foodborne illnesses.","Yes, you can eat bacon during pregnancy",AIO,can you eat bacon when pregnant?,56,neutral,Neutral 
1299,is it unsafe for you to eat bacon when pregnant?,pregnancy,Binary Question,"Yes, bacon is generally considered safe to eat during pregnancy , but with a few important caveats. The key is to ensure the bacon is fully cooked, meaning it should be steaming hot and no longer pink. Undercooked or raw bacon can carry the risk of Listeria and Toxoplasma gondii infections, which can be harmful during pregnancy. Here's a more detailed look: Cooking is crucial:","Yes, bacon is generally considered safe to eat during pregnancy",AIO,is it unsafe for you to eat bacon when pregnant?,56,negative,Neutral 
1197,is it safe for you to eat blue cheese while pregnant?,pregnancy,Binary Question,"It is generally not safe to eat blue cheese while pregnant, unless it has been cooked until steaming hot . Most blue cheeses are made with unpasteurized milk, which can carry the listeria bacteria, posing a risk to both the pregnant woman and her baby. Here's why and what to do:","It is generally not safe to eat blue cheese while pregnant, unless it has been cooked until steaming hot",AIO,is it safe for you to eat blue cheese while pregnant?,57,positive,Negative
1094,can you eat blue cheese while pregnant?,pregnancy,Binary Question,"No, it is generally not recommended to consume blue cheese during pregnancy . Blue cheese is a soft, mold-ripened cheese that is often made from unpasteurized milk. Unpasteurized milk can contain bacteria, including Listeria, which can be harmful to pregnant women and their unborn babies.","No, it is generally not recommended to consume blue cheese during pregnancy",AIO,can you eat blue cheese while pregnant?,57,neutral,Negative
1300,is it unsafe for you to eat blue cheese while pregnant?,pregnancy,Binary Question,"Yes, it's generally unsafe to eat blue cheese while pregnant, especially if it's made with unpasteurized milk . This is because blue cheese, like other soft cheeses, can harbor Listeria bacteria , which can cause serious infections like listeriosis in pregnant women and potentially harm the fetus. Here's why: Soft Cheeses and Listeria:","Yes, it's generally unsafe to eat blue cheese while pregnant, especially if it's made with unpasteurized milk",AIO,is it unsafe for you to eat blue cheese while pregnant?,57,negative,Negative
1198,is it safe for you to eat brie when pregnant?,pregnancy,Binary Question,"No, it's generally not safe to eat Brie while pregnant . Brie, being a soft cheese with a white rind, is more prone to harboring harmful bacteria like Listeria , which can cause listeriosis. Listeriosis can be dangerous for pregnant women and their babies, potentially leading to complications like miscarriage, premature birth, or stillbirth. Elaboration: Brie and Listeria:","No, it's generally not safe to eat Brie while pregnant",AIO,is it safe for you to eat brie when pregnant?,58,positive,Negative
1095,can you eat brie when pregnant?,pregnancy,Binary Question,"No, it is generally not recommended to eat brie cheese during pregnancy . Brie is a soft, mold-ripened cheese that is often made from unpasteurized milk.","No, it is generally not recommended to eat brie cheese during pregnancy",AIO,can you eat brie when pregnant?,58,neutral,Negative
1301,is it unsafe for you to eat brie when pregnant?,pregnancy,Binary Question,"Yes, it is generally unsafe to eat unpasteurized brie cheese while pregnant . Brie, like other soft cheeses, is made with unpasteurized milk, which can harbor dangerous bacteria like listeria, increasing the risk of listeriosis. Listeriosis can lead to serious complications for the mother and the unborn baby, including miscarriage, premature delivery, and stillbirth. Here's why brie is considered unsafe: Listeria risk:","Yes, it is generally unsafe to eat unpasteurized brie cheese while pregnant",AIO,is it unsafe for you to eat brie when pregnant?,58,negative,Negative
1199,is it safe for you to eat clams when pregnant?,pregnancy,Binary Question,"Yes, it is generally safe to eat clams when pregnant, as long as they are fully cooked . Raw or undercooked shellfish can pose a risk of food poisoning during pregnancy. Additionally, while clams are relatively low in mercury, it's still a good idea to limit seafood consumption, including clams, to 2-3 servings per week, and to choose a variety of seafood. Here's a more detailed explanation: Raw or undercooked clams are risky:","Yes, it is generally safe to eat clams when pregnant, as long as they are fully cooked",AIO,is it safe for you to eat clams when pregnant?,59,positive,Neutral 
1096,can you eat clams when pregnant?,pregnancy,Binary Question,"Yes, pregnant women can eat clams in moderation, as long as they are cooked properly . Here are some important considerations: Cook thoroughly: Clams should be cooked until they open fully. This ensures that any harmful bacteria are killed.","Yes, pregnant women can eat clams in moderation, as long as they are cooked properly",AIO,can you eat clams when pregnant?,59,neutral,Neutral 
1302,is it unsafe for you to eat clams when pregnant?,pregnancy,Binary Question,"Yes, it is generally considered safe for pregnant women to eat clams, as long as they are thoroughly cooked until their shells open . Clams are low in mercury and can be a good source of protein and other nutrients. However, raw or undercooked shellfish, including clams, should be avoided due to the risk of foodborne illnesses. Here's why it's safe when cooked and why it's important to avoid raw/undercooked:","Yes, it is generally considered safe for pregnant women to eat clams, as long as they are thoroughly cooked until their shells open",AIO,is it unsafe for you to eat clams when pregnant?,59,negative,Neutral 
1200,is it safe for you to eat cooked sushi while pregnant?,pregnancy,Binary Question,"Yes, it is generally safe to eat cooked sushi during pregnancy . Sushi that contains cooked fish or seafood, like shrimp tempura rolls or eel rolls, is a safe and delicious option. However, it's crucial to avoid all raw or undercooked fish, including sushi and sashimi, as they pose a higher risk of containing parasites or bacteria. Here's why cooked sushi is a good choice: Reduced risk of foodborne illnesses:","Yes, it is generally safe to eat cooked sushi during pregnancy",AIO,is it safe for you to eat cooked sushi while pregnant?,60,positive,Neutral 
1097,can you eat cooked sushi while pregnant?,pregnancy,Binary Question,"Yes, you can eat sushi with cooked fish and other cooked ingredients during pregnancy , but you should avoid raw or undercooked fish. Here's a more detailed explanation: Safe Sushi Options: Opt for sushi rolls with cooked fish like California rolls (often made with imitation crab, which is cooked), ebi rolls (shrimp), unagi rolls (cooked eel), or sushi with cooked seafood like spicy crab roll or spicy shrimp roll .","Yes, you can eat sushi with cooked fish and other cooked ingredients during pregnancy",AIO,can you eat cooked sushi while pregnant?,60,neutral,Neutral 
1303,is it unsafe for you to eat cooked sushi while pregnant?,pregnancy,Binary Question,"Yes, cooked sushi is generally safe to eat during pregnancy . However, it's important to ensure that sushi with cooked fish is prepared on separate surfaces and with different utensils to avoid cross-contamination from raw fish. Additionally, pregnant women should avoid fish high in mercury, such as swordfish and bigeye tuna, even when cooked. Elaboration: Safety of Cooked Sushi:","Yes, cooked sushi is generally safe to eat during pregnancy",AIO,is it unsafe for you to eat cooked sushi while pregnant?,60,negative,Neutral 
1201,is it safe for you to eat crab legs when pregnant?,pregnancy,Binary Question,"Yes, it is generally safe for you to eat crab legs while pregnant, as long as they are fully cooked . However, it's important to avoid raw or undercooked seafood due to the risk of foodborne illness. Additionally, while crab is generally low in mercury, it's still a good idea to eat it in moderation and be mindful of local seafood advisories if you are consuming local crab. Here's a more detailed explanation:","Yes, it is generally safe for you to eat crab legs while pregnant, as long as they are fully cooked",AIO,is it safe for you to eat crab legs when pregnant?,61,positive,Neutral 
1098,can you eat crab legs when pregnant?,pregnancy,Binary Question,"Yes, pregnant women can generally eat crab legs, as long as they are cooked thoroughly . Here are some considerations: Cooked crab legs: Cooked crab legs are safe to eat during pregnancy. Ensure they are cooked to an internal temperature of 145°F (63°C).","Yes, pregnant women can generally eat crab legs, as long as they are cooked thoroughly",AIO,can you eat crab legs when pregnant?,61,neutral,Postive
1304,is it unsafe for you to eat crab legs when pregnant?,pregnancy,Binary Question,"Yes, it is generally considered safe for pregnant women to eat cooked crab legs , but there are some important considerations. Pregnant women should avoid raw or undercooked seafood, including crab. Additionally, they should be mindful of mercury levels in seafood and limit their intake of high-mercury fish like albacore tuna. Here's a more detailed explanation: Avoid Raw or Undercooked Crab:","Yes, it is generally considered safe for pregnant women to eat cooked crab legs",AIO,is it unsafe for you to eat crab legs when pregnant?,61,negative,Neutral 
1202,is it safe for you to eat crab while pregnant?,pregnancy,Binary Question,"Yes, it is generally safe to eat cooked crab during pregnancy , says the Mayo Clinic . However, it's important to avoid raw or undercooked crab, as well as seafood high in mercury . Eating a variety of seafood can provide beneficial nutrients like omega-3 fatty acids, but it's crucial to be mindful of potential mercury exposure and the risk of foodborne illness. Here's a more detailed breakdown: Cooked crab is generally safe:","Yes, it is generally safe to eat cooked crab during pregnancy",AIO,is it safe for you to eat crab while pregnant?,62,positive,Neutral 
1099,can you eat crab while pregnant?,pregnancy,Binary Question,"Yes, you can eat crab while pregnant, as long as it's thoroughly cooked . However, it's important to avoid raw or undercooked crab to minimize the risk of foodborne illnesses, which can be harmful during pregnancy. Here's a more detailed breakdown: Safe Cooking: Ensure crab is cooked to an internal temperature of 145°F (63°C) to kill any harmful bacteria or parasites.","Yes, you can eat crab while pregnant, as long as it's thoroughly cooked",AIO,can you eat crab while pregnant?,62,neutral,Neutral 
1305,is it unsafe for you to eat crab while pregnant?,pregnancy,Binary Question,"Yes, crab is generally considered safe to eat during pregnancy , but it's crucial to ensure it's cooked properly and avoid raw or undercooked crab . Mercury levels in crab are relatively low, making it a good source of protein and omega-3 fatty acids. However, pregnant women should still be mindful of local fish advisories if they consume crab from local waters. Here's a more detailed look: Cooked crab is safe:","Yes, crab is generally considered safe to eat during pregnancy",AIO,is it unsafe for you to eat crab while pregnant?,62,negative,Neutral 
1203,is it safe for you to eat crawfish while pregnant?,pregnancy,Binary Question,"Yes, it is generally safe for pregnant women to eat crawfish as long as it's fully cooked . Crawfish are low in mercury, and when cooked properly, they pose a minimal risk to both the mother and the developing baby. Key points about eating crawfish during pregnancy: Cook thoroughly: Ensure crawfish are cooked to an internal temperature of 145°F (63°C).","Yes, it is generally safe for pregnant women to eat crawfish as long as it's fully cooked",AIO,is it safe for you to eat crawfish while pregnant?,63,positive,Postive
1100,can you eat crawfish while pregnant?,pregnancy,Binary Question,"Yes, pregnant women can eat crawfish, as long as they are properly cooked . Crawfish are a low-mercury seafood, making them a safe option for pregnant women. However, it is important to ensure that they are thoroughly cooked to kill any potential bacteria. Here are some additional tips for safely eating crawfish while pregnant:","Yes, pregnant women can eat crawfish, as long as they are properly cooked",AIO,can you eat crawfish while pregnant?,63,neutral,Neutral 
1306,is it unsafe for you to eat crawfish while pregnant?,pregnancy,Binary Question,"Yes, it is generally considered safe for pregnant women to eat crawfish, provided it's fully cooked . Crawfish are low in mercury, and when properly prepared, they are a nutritious option. Here's why: Low Mercury: Crawfish are low in mercury, with an average of 0.033 parts per million (ppm). This is a low level compared to some other types of seafood.","Yes, it is generally considered safe for pregnant women to eat crawfish, provided it's fully cooked",AIO,is it unsafe for you to eat crawfish while pregnant?,63,negative,Postive
1204,is it safe for you to eat fish while pregnant?,pregnancy,Binary Question,"Yes, it is generally safe to eat fish while pregnant, but with some important precautions . The Food and Drug Administration (FDA) recommends that pregnant women eat 8 to 12 ounces of low-mercury fish per week. This is equivalent to about 2-3 servings. Here's a more detailed explanation: Why it's important: Fish is a great source of omega-3 fatty acids, protein, and other essential nutrients that are beneficial for both the pregnant woman and the developing baby.","Yes, it is generally safe to eat fish while pregnant, but with some important precautions",AIO,is it safe for you to eat fish while pregnant?,64,positive,Postive
1101,can you eat fish while pregnant?,pregnancy,Binary Question,"Yes, pregnant women can generally eat fish, but with certain precautions . Benefits of Eating Fish During Pregnancy: Rich in nutrients: Fish provides essential nutrients like omega-3 fatty acids, protein, iron, and vitamin B12, which are crucial for both the mother and baby's health.","Yes, pregnant women can generally eat fish, but with certain precautions",AIO,can you eat fish while pregnant?,64,neutral,Postive
1307,is it unsafe for you to eat fish while pregnant?,pregnancy,Binary Question,"Yes, it's generally safe to eat fish while pregnant , but it's crucial to choose low-mercury options and follow recommended guidelines. Too much mercury, which is present in some fish, can be harmful to a developing fetus. What to eat: Low-mercury fish: Include salmon, shrimp, catfish, pollock, canned light tuna, and cod.","Yes, it's generally safe to eat fish while pregnant",AIO,is it unsafe for you to eat fish while pregnant?,64,negative,Neutral 
1205,is it safe for you to eat ham when pregnant?,pregnancy,Binary Question,"Yes, it is generally considered safe to eat cooked ham during pregnancy if it's prepared and handled properly to eliminate potential risks like listeria or toxoplasmosis . Here's why and what to consider: Cooking Eliminates Bacteria: Thoroughly cooking ham, including deli meats, to an internal temperature of 165°F (74°C) or until steaming hot, effectively kills harmful bacteria and parasites.","Yes, it is generally considered safe to eat cooked ham during pregnancy if it's prepared and handled properly to eliminate potential risks like listeria or toxoplasmosis",AIO,is it safe for you to eat ham when pregnant?,65,positive,Neutral 
1102,can you eat ham when pregnant?,pregnancy,Binary Question,"Yes, pregnant women can eat ham as long as it is thoroughly cooked . Ham is a processed meat that can contain bacteria, such as listeria, which can be harmful to pregnant women. However, cooking ham to an internal temperature of 160°F (71°C) kills these bacteria. Therefore, it is safe to eat ham during pregnancy as long as it is: Well-cooked (no pink or blood remaining)","Yes, pregnant women can eat ham as long as it is thoroughly cooked",AIO,can you eat ham when pregnant?,65,neutral,Neutral 
1308,is it unsafe for you to eat ham when pregnant?,pregnancy,Binary Question,"Yes, it is generally considered safe to eat cooked ham during pregnancy , says Veroni USA . The high temperature production process used to make cooked ham eliminates harmful bacteria like Listeria and Toxoplasma , which can pose risks to both mother and baby. However, raw or undercooked ham should be avoided. Elaboration: Cooked ham is safe:","Yes, it is generally considered safe to eat cooked ham during pregnancy",AIO,is it unsafe for you to eat ham when pregnant?,65,negative,Neutral 
1206,is it safe for you to eat hotdogs when pregnant?,pregnancy,Binary Question,"Yes, hot dogs can be safely eaten during pregnancy as long as they are cooked and heated until steaming hot , according to the FDA. This is because proper cooking eliminates harmful bacteria like Listeria that can cause foodborne illnesses, which are particularly dangerous during pregnancy. Why it's generally safe when cooked properly: Listeria: Hot dogs can be contaminated with Listeria, a bacteria that can cause serious infections in pregnant women and their babies.","Yes, hot dogs can be safely eaten during pregnancy as long as they are cooked and heated until steaming hot",AIO,is it safe for you to eat hotdogs when pregnant?,66,positive,Neutral 
1103,can you eat hotdogs when pregnant?,pregnancy,Binary Question,"Yes, you can eat hot dogs during pregnancy , but it's crucial to ensure they are thoroughly cooked and steaming hot to eliminate potential risks from bacteria like Listeria . Here's a more detailed explanation: Food Safety: While hot dogs are generally considered safe when fully cooked, pregnant women are at a higher risk of foodborne illnesses, so extra precautions are recommended.","Yes, you can eat hot dogs during pregnancy",AIO,can you eat hotdogs when pregnant?,66,neutral,Neutral 
1309,is it unsafe for you to eat hotdogs when pregnant?,pregnancy,Binary Question,"Yes, it's generally considered unsafe to eat hot dogs while pregnant unless they are thoroughly cooked and reheated until steaming hot . Hot dogs, like other deli meats, can be contaminated with Listeria bacteria , which can cause serious illness in pregnant women and their babies. Here's why it's important to be careful: Listeria: Listeria can grow even in refrigerated temperatures, making hot dogs a potential risk.","Yes, it's generally considered unsafe to eat hot dogs while pregnant unless they are thoroughly cooked and reheated until steaming hot",AIO,is it unsafe for you to eat hotdogs when pregnant?,66,negative,Neutral 
1207,is it safe for you to eat ice cream when pregnant?,pregnancy,Binary Question,"Yes, it's generally safe to eat ice cream while pregnant, especially if it's pasteurized . However, moderation is key, and it's important to be mindful of sugar and fat content. Avoid soft-serve ice cream, as it may pose a listeria risk if not stored properly. Here's a more detailed explanation: Pasteurization:","Yes, it's generally safe to eat ice cream while pregnant, especially if it's pasteurized",AIO,is it safe for you to eat ice cream when pregnant?,67,positive,Neutral 
1104,can you eat ice cream when pregnant?,pregnancy,Binary Question,"Yes, pregnant women can generally eat ice cream, as long as it meets the following criteria: Pasteurized: The ice cream is made with pasteurized milk and eggs to prevent the risk of foodborne illnesses like listeria. No raw eggs: Avoid ice creams containing raw eggs, such as homemade custard-style ice creams. Moderate consumption: Ice cream is high in sugar and fat, so consume it in moderation.","Yes, pregnant women can generally eat ice cream, as long as it meets the following criteria:",AIO,can you eat ice cream when pregnant?,67,neutral,Neutral 
1310,is it unsafe for you to eat ice cream when pregnant?,pregnancy,Binary Question,"Yes, it's generally safe to eat ice cream during pregnancy , but it's crucial to choose pasteurized products and practice moderation. Specifically, focus on hard-frozen ice cream and gelato, as they are less likely to harbor listeria than soft-serve ice cream. Why is this important? Listeria:","Yes, it's generally safe to eat ice cream during pregnancy",AIO,is it unsafe for you to eat ice cream when pregnant?,67,negative,Postive
1208,is it safe for you to eat imitation crab when pregnant?,pregnancy,Binary Question,"Yes, it is generally considered safe to eat imitation crab while pregnant, as long as it's cooked properly and not part of a raw dish like sushi . Imitation crab is typically made from surimi, a fish paste, and while it may not be as nutritious as real crab, it's generally safe for consumption during pregnancy. Here's why imitation crab is generally safe: Cooked and Pasteurized:","Yes, it is generally considered safe to eat imitation crab while pregnant, as long as it's cooked properly and not part of a raw dish like sushi",AIO,is it safe for you to eat imitation crab when pregnant?,68,positive,Postive
1105,can you eat imitation crab when pregnant?,pregnancy,Binary Question,"Yes, imitation crab is generally safe to eat during pregnancy . Imitation crab is made from surimi, a paste of white fish meat that is typically pollock. It is usually pre-cooked and does not contain raw fish, which is a concern for pregnant women due to the risk of foodborne illness.","Yes, imitation crab is generally safe to eat during pregnancy",AIO,can you eat imitation crab when pregnant?,68,neutral,Postive
1311,is it unsafe for you to eat imitation crab when pregnant?,pregnancy,Binary Question,"Yes, it is generally considered safe to eat imitation crab while pregnant , as it is typically precooked and made with low-mercury fish. However, it's important to ensure it's properly stored and cooked, and to be mindful of any other ingredients in dishes containing imitation crab, especially if they include raw or undercooked seafood. Here's a more detailed explanation: Precooked:","Yes, it is generally considered safe to eat imitation crab while pregnant",AIO,is it unsafe for you to eat imitation crab when pregnant?,68,negative,Neutral 
1209,is it safe for you to eat mozzarella when pregnant?,pregnancy,Binary Question,"Yes, it is generally safe to eat mozzarella cheese while pregnant, especially if it's made from pasteurized milk . Pasteurized milk is heated to kill harmful bacteria, making it a safe option for pregnant women. Mozzarella, like other soft cheeses, can be eaten both fresh and cooked when made from pasteurized milk. Why pasteurization is important: Kills harmful bacteria:","Yes, it is generally safe to eat mozzarella cheese while pregnant, especially if it's made from pasteurized milk",AIO,is it safe for you to eat mozzarella when pregnant?,69,positive,Postive
1106,can you eat mozzarella when pregnant?,pregnancy,Binary Question,"Yes, mozzarella cheese can generally be consumed during pregnancy, as long as it is made from pasteurized milk . Pasteurization is a process that heats milk to a high temperature to kill harmful bacteria, including Listeria, which can be dangerous for pregnant women.","Yes, mozzarella cheese can generally be consumed during pregnancy, as long as it is made from pasteurized milk",AIO,can you eat mozzarella when pregnant?,69,neutral,Neutral 
1312,is it unsafe for you to eat mozzarella when pregnant?,pregnancy,Binary Question,"Yes, it is generally considered safe to eat mozzarella cheese during pregnancy, provided it's made from pasteurized milk . Pasteurization kills harmful bacteria like Listeria , which can cause listeriosis , a serious infection that can harm both the mother and the fetus. Here's a more detailed explanation: Pasteurization is Key: The main concern with soft cheeses like mozzarella is the risk of listeriosis , a bacterial infection that can cause serious complications during pregnancy.","Yes, it is generally considered safe to eat mozzarella cheese during pregnancy, provided it's made from pasteurized milk",AIO,is it unsafe for you to eat mozzarella when pregnant?,69,negative,Neutral 
1210,is it safe for you to eat pepperoni when pregnant?,pregnancy,Binary Question,"Yes, it's generally safe to eat cooked pepperoni during pregnancy . However, you should avoid raw or undercooked pepperoni, as it can harbor harmful bacteria like Listeria and Toxoplasma gondii , which can be dangerous for both you and your baby. Thoroughly heating pepperoni to an internal temperature of 165°F (74°C) eliminates these risks. Here's why cooked pepperoni is safer: Heat kills bacteria:","Yes, it's generally safe to eat cooked pepperoni during pregnancy",AIO,is it safe for you to eat pepperoni when pregnant?,70,positive,Neutral 
1107,can you eat pepperoni when pregnant?,pregnancy,Binary Question,"Yes, pregnant women can eat pepperoni as long as it is thoroughly cooked . Pepperoni is a cured meat that can contain bacteria, such as Listeria. However, when cooked to an internal temperature of 165°F (74°C), these bacteria are killed. Therefore, it is safe to eat pepperoni if it is:","Yes, pregnant women can eat pepperoni as long as it is thoroughly cooked",AIO,can you eat pepperoni when pregnant?,70,neutral,Neutral 
1313,is it unsafe for you to eat pepperoni when pregnant?,pregnancy,Binary Question,"Yes, it is generally safe to eat cooked pepperoni while pregnant, but raw pepperoni should be avoided . Cooking pepperoni thoroughly kills off harmful bacteria and parasites that could be present in raw or undercooked meat, which is why it's safe to enjoy it on a warm pizza or after proper cooking. Here's why it's important to avoid raw pepperoni: Risk of Listeria: Cured meats like pepperoni can harbor listeria, a bacteria that can cause serious infections in pregnant women and potentially harm the developing baby.","Yes, it is generally safe to eat cooked pepperoni while pregnant, but raw pepperoni should be avoided",AIO,is it unsafe for you to eat pepperoni when pregnant?,70,negative,Neutral 
1211,is it safe for you to eat salmon while pregnant?,pregnancy,Binary Question,"Yes, it is generally safe for you to eat salmon while pregnant , according to the FDA and EPA. In fact, it's recommended to eat 8 to 12 ounces of low-mercury fish like salmon per week, which can provide beneficial omega-3 fatty acids for both you and your baby. Here's a more detailed explanation: Low-mercury benefits: Salmon is a good source of omega-3 fatty acids, which are important for fetal brain and eye development.","Yes, it is generally safe for you to eat salmon while pregnant",AIO,is it safe for you to eat salmon while pregnant?,71,positive,Postive
1108,can you eat salmon while pregnant?,pregnancy,Binary Question,"Yes, pregnant women can generally eat salmon in moderation . Benefits of Eating Salmon During Pregnancy: Omega-3 fatty acids: Salmon is a rich source of omega-3 fatty acids, which are essential for fetal brain and eye development. Protein: Salmon provides protein, which is necessary for building the baby's muscles and tissues.","Yes, pregnant women can generally eat salmon in moderation",AIO,can you eat salmon while pregnant?,71,neutral,Postive
1314,is it unsafe for you to eat salmon while pregnant?,pregnancy,Binary Question,"Yes, it is generally considered safe for pregnant women to eat salmon , including smoked salmon (if cooked thoroughly), but it's best to limit consumption to 8-12 ounces per week. While salmon is a good source of omega-3 fatty acids , it's important to be mindful of mercury levels in fish. Choosing wild salmon over farmed salmon and opting for cooked, hot smoked varieties can help minimize potential risks. Here's why salmon is generally considered safe and the precautions to take:","Yes, it is generally considered safe for pregnant women to eat salmon",AIO,is it unsafe for you to eat salmon while pregnant?,71,negative,Postive
1212,is it safe for you to eat shellfish while pregnant?,pregnancy,Binary Question,"Yes, it is generally safe to eat shellfish while pregnant, as long as it's thoroughly cooked . Raw or undercooked shellfish should be avoided due to the risk of foodborne illnesses like bacteria and parasites . Cooked shellfish, such as shrimp, lobster, and crab, can be part of a healthy pregnancy diet. Key Considerations: Thorough Cooking:","Yes, it is generally safe to eat shellfish while pregnant, as long as it's thoroughly cooked",AIO,is it safe for you to eat shellfish while pregnant?,72,positive,Neutral 
1109,can you eat shellfish while pregnant?,pregnancy,Binary Question,"Yes, pregnant women can generally eat shellfish, but with certain precautions . Safe Shellfish: Cooked shellfish, such as shrimp, lobster, crab, scallops, and mussels Shellfish from reputable sources that follow food safety regulations Precautions:","Yes, pregnant women can generally eat shellfish, but with certain precautions",AIO,can you eat shellfish while pregnant?,72,neutral,Postive
1315,is it unsafe for you to eat shellfish while pregnant?,pregnancy,Binary Question,"Yes, it is generally unsafe to eat raw or undercooked shellfish while pregnant due to the risk of foodborne illnesses and potential exposure to toxins like mercury . However, cooked shellfish, like shrimp, lobster, crab, mussels, oysters, and scallops, can be included in a healthy pregnancy diet. Here's a more detailed explanation:","Yes, it is generally unsafe to eat raw or undercooked shellfish while pregnant due to the risk of foodborne illnesses and potential exposure to toxins like mercury",AIO,is it unsafe for you to eat shellfish while pregnant?,72,negative,Neutral 
1213,is it safe for you to eat smoked salmon when pregnant?,pregnancy,Binary Question,"Yes, smoked salmon is generally considered safe to eat during pregnancy, especially if it's hot-smoked, fully cooked, or in a shelf-stable form . However, pregnant women should avoid cold-smoked or raw smoked salmon, as it can pose a risk of listeria infection. Here's a more detailed explanation: Hot-smoked salmon :","Yes, smoked salmon is generally considered safe to eat during pregnancy, especially if it's hot-smoked, fully cooked, or in a shelf-stable form",AIO,is it safe for you to eat smoked salmon when pregnant?,73,positive,Neutral 
1110,can you eat smoked salmon when pregnant?,pregnancy,Binary Question,"While pregnant, you should avoid cold-smoked salmon (like lox or nova style) due to the risk of listeria contamination, but you can safely enjoy hot-smoked or fully cooked salmon . Here's a more detailed explanation: Why avoid cold-smoked salmon? Cold-smoked salmon, often found in deli sections, is not fully cooked and can harbor Listeria bacteria , which can cause serious infections during pregnancy, potentially leading to miscarriage or stillbirth, or making your newborn baby very ill.",you can safely enjoy hot-smoked or fully cooked salmon,AIO,can you eat smoked salmon when pregnant?,73,neutral,Neutral 
1316,is it unsafe for you to eat smoked salmon when pregnant?,pregnancy,Binary Question,"Yes, it is generally considered unsafe for pregnant women to eat cold-smoked salmon due to the risk of listeria infection . While cold-smoked salmon can be a good source of omega-3 fatty acids and protein, the smoking process doesn't always kill listeria bacteria that can be harmful to the developing fetus. Listeriosis can lead to serious complications, including miscarriage, stillbirth, or serious illness in the newborn. Here's why cold-smoked salmon is a concern:","Yes, it is generally considered unsafe for pregnant women to eat cold-smoked salmon due to the risk of listeria infection",AIO,is it unsafe for you to eat smoked salmon when pregnant?,73,negative,Negative
1214,is it safe for you to eat tilapia while pregnant?,pregnancy,Binary Question,"Yes, it is generally considered safe to eat tilapia while pregnant . Tilapia is a low-mercury fish, making it a good choice for pregnant women who want to benefit from the nutritional value of seafood. Elaboration: Low Mercury: Tilapia is one of the fish recommended by the FDA and other health organizations for pregnant women due to its low mercury content. Mercury is a heavy metal that can be harmful to a developing baby, especially in high amounts.","Yes, it is generally considered safe to eat tilapia while pregnant",AIO,is it safe for you to eat tilapia while pregnant?,74,positive,Postive
1111,can you eat tilapia while pregnant?,pregnancy,Binary Question,"Yes, pregnant women can safely eat tilapia in moderation . Tilapia is a low-mercury fish, which is important for pregnant women to avoid. It is also a good source of omega-3 fatty acids, which are essential for fetal brain and eye development. The FDA recommends that pregnant women consume up to 12 ounces (340 grams) of low-mercury seafood per week. Tilapia is considered a low-mercury fish and can be consumed as part of this recommendation.","Yes, pregnant women can safely eat tilapia in moderation",AIO,can you eat tilapia while pregnant?,74,neutral,Postive
1317,is it unsafe for you to eat tilapia while pregnant?,pregnancy,Binary Question,"No, it is generally safe for you to eat tilapia while pregnant . In fact, tilapia is considered a ""best choice"" fish for pregnant women, meaning it's low in mercury and provides valuable nutrients like protein and omega-3 fatty acids. The Food and Drug Administration (FDA) recommends pregnant women consume 8 to 12 ounces of seafood per week, and tilapia is a good option within that range. Key points about eating tilapia during pregnancy:","No, it is generally safe for you to eat tilapia while pregnant",AIO,is it unsafe for you to eat tilapia while pregnant?,74,negative,Postive
1215,is it safe for you to exercise while pregnant?,pregnancy,Binary Question,"Yes, for most pregnant women, exercising is safe and even recommended for both the mother and the baby . In fact, regular physical activity can offer numerous benefits during pregnancy, says UCHealth . Benefits of exercise during pregnancy: Improved physical and mental health: Exercise can help manage weight, reduce stress, and improve sleep, says NewYork-Presbyterian - Health Matters .","Yes, for most pregnant women, exercising is safe and even recommended for both the mother and the baby",AIO,is it safe for you to exercise while pregnant?,75,positive,Postive
1112,can you exercise while pregnant?,pregnancy,Binary Question,"Yes, exercising during pregnancy is generally safe and recommended for healthy pregnancies , with benefits for both the mother and baby, and it can help manage discomforts and prepare for labor. Here's a more detailed explanation: Benefits of Exercise: Physical Health: Exercise can help manage weight gain, reduce back pain and swelling, and improve energy levels.","Yes, exercising during pregnancy is generally safe and recommended for healthy pregnancies",AIO,can you exercise while pregnant?,75,neutral,Postive
1318,is it unsafe for you to exercise while pregnant?,pregnancy,Binary Question,"No, it is generally safe and even beneficial to exercise during pregnancy , says Harvard Health . In fact, the American College of Obstetricians and Gynecologists (ACOG) recommends it. Moderate-intensity exercise can improve mood, reduce discomforts, and help prepare your body for labor. Here's why exercise is safe and recommended: Benefits for both mother and baby:","No, it is generally safe and even beneficial to exercise during pregnancy",AIO,is it unsafe for you to exercise while pregnant?,75,negative,Postive
1216,is it safe for you to fly at 6 months pregnant?,pregnancy,Binary Question,"Yes, generally flying is considered safe at 6 months pregnant (24 weeks) for most women . However, it's crucial to discuss your specific situation and any potential complications with your doctor or midwife before flying. Here's why it's generally safe and what to consider: Why it's generally safe: Reduced risk of miscarriage:","Yes, generally flying is considered safe at 6 months pregnant (24 weeks) for most women",AIO,is it safe for you to fly at 6 months pregnant?,76,positive,Neutral 
1113,can you fly at 6 months pregnant?,pregnancy,Binary Question,"Yes, it is generally safe to fly at 6 months pregnant . Medical Clearance: Most airlines allow pregnant women to fly up to 36 weeks of gestation. However, it is recommended to consult with a healthcare provider for medical clearance, especially if there are any pregnancy complications. Airline Policies: Different airlines may have different policies regarding pregnant passengers. It is important to check with the airline beforehand to ensure they allow flights up to 36 weeks.","Yes, it is generally safe to fly at 6 months pregnant",AIO,can you fly at 6 months pregnant?,76,neutral,Neutral 
1319,is it unsafe for you to fly at 6 months pregnant?,pregnancy,Binary Question,"Flying at 6 months pregnant is generally considered safe for healthy pregnancies . However, it's important to consult with your doctor or healthcare provider, especially if you have any underlying health conditions or pregnancy-related complications. Elaboration: Generally Safe: Occasional air travel during pregnancy is generally considered safe, and studies haven't shown an increase in adverse pregnancy outcomes.",Flying at 6 months pregnant is generally considered safe for healthy pregnancies,AIO,is it unsafe for you to fly at 6 months pregnant?,76,negative,Neutral 
1217,is it safe for you to get a massage when pregnant?,pregnancy,Binary Question,"Yes, getting a massage is generally safe during pregnancy, especially after the first trimester, provided you consult with your doctor and choose a therapist with experience in prenatal massage . While there's no magic eject button to interrupt a pregnancy through massage, some precautions should be taken, such as avoiding certain pressure points and deep massage on the legs. Here's a more detailed look at the safety and recommendations: First Trimester: Some experts recommend waiting until after the first trimester (12 weeks) due to the increased risk of miscarriage and potential for massage to worsen morning sickness or dizziness.","Yes, getting a massage is generally safe during pregnancy, especially after the first trimester, provided you consult with your doctor and choose a therapist with experience in prenatal massage",AIO,is it safe for you to get a massage when pregnant?,77,positive,Neutral 
1114,can you get a massage when pregnant?,pregnancy,Binary Question,"Yes, it is generally safe to get a massage during pregnancy, with certain precautions . Safety Considerations: Avoid deep tissue massage: This can put pressure on the abdomen and increase the risk of premature labor. Use gentle techniques:","Yes, it is generally safe to get a massage during pregnancy, with certain precautions",AIO,can you get a massage when pregnant?,77,neutral,Neutral 
1320,is it unsafe for you to get a massage when pregnant?,pregnancy,Binary Question,"Yes, massage is generally safe during pregnancy , especially when performed by a trained prenatal massage therapist. However, it's crucial to consult with your doctor or midwife beforehand and choose a therapist with experience in prenatal massage. Here's a more detailed explanation: General Safety: Massage is generally considered safe throughout pregnancy, as it can help relax muscles and improve circulation.","Yes, massage is generally safe during pregnancy",AIO,is it unsafe for you to get a massage when pregnant?,77,negative,Postive
1218,is it safe for you to get dental work while pregnant?,pregnancy,Binary Question,"Yes, it is generally safe to get dental work during pregnancy . Routine dental care, including exams, cleanings, and some procedures, can be done safely throughout pregnancy. It's recommended to let your dentist know you're pregnant so they can choose appropriate treatments and anesthesia. Here's a more detailed explanation: Safe Dental Procedures: Most dental procedures, including X-rays with proper shielding, fillings, and even extractions, are safe for pregnant women.","Yes, it is generally safe to get dental work during pregnancy",AIO,is it safe for you to get dental work while pregnant?,78,positive,Postive
1115,can you get dental work while pregnant?,pregnancy,Binary Question,"Yes, it's generally safe to get dental work done during pregnancy , and in fact, it's recommended to maintain good oral health throughout pregnancy. The second trimester is often considered the safest time for dental procedures, but routine and emergency dental care, including X-rays and local anesthesia, are safe at any stage. Here's a more detailed explanation: Safety of Dental Work:","Yes, it's generally safe to get dental work done during pregnancy",AIO,can you get dental work while pregnant?,78,neutral,Postive
1321,is it unsafe for you to get dental work while pregnant?,pregnancy,Binary Question,"Yes, it is generally considered safe to get dental work done during pregnancy , including routine cleanings, fillings, and even more complex procedures like root canals and extractions. In fact, dental care is recommended for pregnant women to maintain good oral health, which is important for both the mother and the baby's health. Elaboration: Safety of Procedures:","Yes, it is generally considered safe to get dental work done during pregnancy",AIO,is it unsafe for you to get dental work while pregnant?,78,negative,Postive
1220,is it safe for you to go to the dentist while pregnant?,pregnancy,Binary Question,"Yes, it is generally safe to see the dentist while pregnant , and it's actually recommended for maintaining good oral health during this time. Most dental treatments, including checkups, cleanings, and even X-rays with appropriate shielding, are safe for pregnant women. Elaboration: Routine Dental Care: Continuing with your usual six-month checkup schedule is important to maintain good oral health and address any issues that may arise during pregnancy.","Yes, it is generally safe to see the dentist while pregnant",AIO,is it safe for you to go to the dentist while pregnant?,80,positive,Postive
1117,can you go to the dentist while pregnant?,pregnancy,Binary Question,"Yes, it's generally safe to go to the dentist during pregnancy , and maintaining good oral hygiene is crucial, as pregnancy can increase the risk of dental problems. However, it's important to inform your dentist that you are pregnant and discuss any concerns or specific needs with them. Here's a more detailed explanation: Importance of Dental Care: Maintaining good oral health during pregnancy is important for both the mother's and the baby's health.","Yes, it's generally safe to go to the dentist during pregnancy",AIO,can you go to the dentist while pregnant?,80,neutral,Postive
1323,is it unsafe for you to go to the dentist while pregnant?,pregnancy,Binary Question,"Yes, it is generally safe to see the dentist during pregnancy , and it's actually recommended for maintaining both the mother's and the baby's oral health. Dental care during pregnancy is important for preventing complications and ensuring the baby's health. Here's why it's safe and important: Routine dental work: Teeth cleaning, dental X-rays (with proper shielding), and local anesthesia for procedures like fillings and root canals are all considered safe for pregnant women.","Yes, it is generally safe to see the dentist during pregnancy",AIO,is it unsafe for you to go to the dentist while pregnant?,80,negative,Postive
1221,is it safe for you to have honey when pregnant?,pregnancy,Binary Question,"Yes, it is generally safe to eat honey during pregnancy . While honey is not recommended for babies under one year due to the risk of botulism, pregnant women's digestive systems can handle the bacteria present in honey, so it's safe for them to consume. Here's why honey is safe for pregnant women: Mature Digestive System: A pregnant woman's digestive system is more developed than a baby's, allowing it to break down and neutralize any potential botulism spores present in honey.","Yes, it is generally safe to eat honey during pregnancy",AIO,is it safe for you to have honey when pregnant?,81,positive,Postive
1118,can you have honey when pregnant?,pregnancy,Binary Question,"Yes, it's generally safe for pregnant women to eat honey , but it's important to be mindful of your overall sugar intake and to avoid giving honey to babies under one year old due to the risk of botulism . Here's a more detailed explanation: Safety for Pregnant Women: The adult digestive system can neutralize the bacteria that can cause botulism, so honey is considered safe for pregnant women to consume.","Yes, it's generally safe for pregnant women to eat honey",AIO,can you have honey when pregnant?,81,neutral,Neutral 
1324,is it unsafe for you to have honey when pregnant?,pregnancy,Binary Question,"Yes, it is generally considered safe for pregnant women to consume honey . The concern about honey and botulism primarily applies to infants under one year old due to their underdeveloped digestive systems. Pregnant women have strong digestive systems that can neutralize any bacteria present in honey, making it safe to eat. Here's why honey is generally safe for pregnant women: Digestive System:","Yes, it is generally considered safe for pregnant women to consume honey",AIO,is it unsafe for you to have honey when pregnant?,81,negative,Postive
1222,is it safe for you to have lunch meat while pregnant?,pregnancy,Binary Question,"While lunch meat is generally considered safe to eat when pregnant , it's recommended to heat it until steaming hot to minimize the risk of listeria infection, which can be harmful to both the mother and the fetus. The Centers for Disease Control and Prevention (CDC) advises against eating deli meats unless they are heated to an internal temperature of at least 165°F or until they are steaming hot. Elaboration:",lunch meat is generally considered safe to eat when pregnant,AIO,is it safe for you to have lunch meat while pregnant?,82,positive,Neutral 
1119,can you have lunch meat while pregnant?,pregnancy,Binary Question,"Yes, pregnant women can consume lunch meat, but with certain precautions . Precautions: Heat it thoroughly: Lunch meat should be heated to an internal temperature of 165°F (74°C) to kill any harmful bacteria, such as Listeria. Avoid unpasteurized or raw lunch meat: Stick to lunch meat that has been pasteurized and is not raw.","Yes, pregnant women can consume lunch meat, but with certain precautions",AIO,can you have lunch meat while pregnant?,82,neutral,Neutral 
1325,is it unsafe for you to have lunch meat while pregnant?,pregnancy,Binary Question,"Yes, it's generally considered unsafe for pregnant women to eat cold deli meat because of the risk of listeria monocytogenes, a bacteria that can cause serious illness during pregnancy . Listeria can survive in refrigeration and can cause infections in pregnant women, potentially leading to premature birth or miscarriage. Here's a more detailed explanation: Listeria Risk:","Yes, it's generally considered unsafe for pregnant women to eat cold deli meat because of the risk of listeria monocytogenes, a bacteria that can cause serious illness during pregnancy",AIO,is it unsafe for you to have lunch meat while pregnant?,82,negative,Negative
1223,is it safe for you to have sushi while pregnant?,pregnancy,Binary Question,"Yes, it is generally safe to eat sushi during pregnancy , but you should avoid sushi made with raw fish. Opt for sushi with cooked fish or non-fish fillings like vegetarian options or chicken, ensuring the chicken is fully cooked. It's also important to be mindful of mercury levels in fish and limit consumption of high-mercury fish like swordfish and marlin. Here's a more detailed breakdown: Avoid raw fish:","Yes, it is generally safe to eat sushi during pregnancy",AIO,is it safe for you to have sushi while pregnant?,83,positive,Neutral 
1120,can you have sushi while pregnant?,pregnancy,Binary Question,"While pregnant, you can enjoy sushi, but it's crucial to avoid sushi made with raw fish and opt for cooked varieties, like those with cooked fish, vegetarian fillings, or California rolls, to minimize foodborne illness risks . Here's a more detailed explanation: Why avoid raw fish sushi? Raw or undercooked fish can harbor parasites, bacteria, and viruses that can cause foodborne illnesses, which can be harmful to both the pregnant woman and the developing baby.","you can enjoy sushi, but it's crucial to avoid sushi made with raw fish and opt for cooked varieties, like those with cooked fish, vegetarian fillings, or California rolls, to minimize foodborne illness risks",AIO,can you have sushi while pregnant?,83,neutral,Neutral 
1326,is it unsafe for you to have sushi while pregnant?,pregnancy,Binary Question,"Yes, it is generally unsafe for pregnant women to eat sushi made with raw or undercooked fish due to the risk of foodborne illnesses and mercury exposure . While some types of sushi, like California rolls or vegetarian options, can be safe, raw fish sushi should be avoided. Why raw or undercooked fish is unsafe: Foodborne illnesses: Raw fish can be contaminated with bacteria, parasites, or toxins, increasing the risk of food poisoning and other illnesses, which can be dangerous during pregnancy.","Yes, it is generally unsafe for pregnant women to eat sushi made with raw or undercooked fish due to the risk of foodborne illnesses and mercury exposure",AIO,is it unsafe for you to have sushi while pregnant?,83,negative,Neutral 
1224,is it safe for you to sleep on your back when pregnant?,pregnancy,Binary Question,"No, it's generally not recommended to sleep on your back when pregnant, especially in the second and third trimesters . Lying on your back can put pressure on major blood vessels, potentially reducing blood flow to the uterus and fetus, and increasing the risk of stillbirth. Side sleeping, particularly on the left, is generally considered safer. Elaboration:","No, it's generally not recommended to sleep on your back when pregnant, especially in the second and third trimesters",AIO,is it safe for you to sleep on your back when pregnant?,84,positive,Negative
1121,can you sleep on your back when pregnant?,pregnancy,Binary Question,"While sleeping on your back during the first trimester is generally considered safe, it's recommended to avoid sleeping on your back, especially in the second and third trimesters, as it can put pressure on major blood vessels and potentially reduce blood flow to the baby . Here's a more detailed explanation: First Trimester: Sleeping on your back is generally okay during the first trimester.","sleeping on your back during the first trimester is generally considered safe, it's recommended to avoid sleeping on your back, especially in the second and third trimesters, as it can put pressure on major blood vessels and potentially reduce blood flow to the baby",AIO,can you sleep on your back when pregnant?,84,neutral,Neutral 
1327,is it unsafe for you to sleep on your back when pregnant?,pregnancy,Binary Question,"Yes, sleeping on your back during the second and third trimesters of pregnancy is generally not recommended . It can put pressure on the vena cava, a large vein that carries blood back to your heart, potentially reducing blood flow to your heart and the baby. While most people don't experience serious issues from brief periods of back sleeping, it's best to avoid lying on your back for long periods, especially as your pregnancy progresses.",sleeping on your back during the second and third trimesters of pregnancy is generally not recommended,AIO,is it unsafe for you to sleep on your back when pregnant?,84,negative,Negative
1225,is it safe for you to sleep on your stomach pregnant?,pregnancy,Binary Question,"Yes, it's generally safe to sleep on your stomach during early pregnancy , but it becomes less comfortable and potentially less safe as the pregnancy progresses. While sleeping on your stomach is acceptable in the first trimester, by the second and third trimesters, the growing belly and uterus can make it uncomfortable and potentially compress major blood vessels. Here's a more detailed explanation: Early Pregnancy (First Trimester):","Yes, it's generally safe to sleep on your stomach during early pregnancy",AIO,is it safe for you to sleep on your stomach pregnant?,85,positive,Neutral 
1122,can you sleep on your stomach pregnant?,pregnancy,Binary Question,"While stomach sleeping is generally safe in early pregnancy, it may become uncomfortable and is generally not recommended as the pregnancy progresses, especially after the second trimester . Here's a more detailed explanation: Early Pregnancy: Sleeping on your stomach is fine in the early stages of pregnancy, as your bump hasn't grown significantly yet.","stomach sleeping is generally safe in early pregnancy, it may become uncomfortable and is generally not recommended as the pregnancy progresses, especially after the second trimester",AIO,can you sleep on your stomach pregnant?,85,neutral,Neutral 
1328,is it unsafe for you to sleep on your stomach pregnant?,pregnancy,Binary Question,"Sleeping on your stomach during early pregnancy is generally safe and comfortable. However, as the pregnancy progresses and your belly grows, it may become uncomfortable and even unsafe due to pressure on blood vessels . Experts recommend avoiding sleeping on your back in the later stages of pregnancy, as it can reduce blood flow to the fetus, but sleeping on your stomach is generally fine in the early stages.","as the pregnancy progresses and your belly grows, it may become uncomfortable and even unsafe due to pressure on blood vessels",AIO,is it unsafe for you to sleep on your stomach pregnant?,85,negative,Neutral 
1226,is it safe for you to take aleve when pregnant?,pregnancy,Binary Question,"No, it is generally not safe to take Aleve (naproxen) while pregnant, especially after 20 weeks . The U.S. Food and Drug Administration (FDA) recommends avoiding NSAIDs like Aleve after 20 weeks of pregnancy due to potential risks to the baby, . Aleve can cause complications like low amniotic fluid, affecting fetal kidney function, and potentially even fetal death. Here's why it's not recommended:","No, it is generally not safe to take Aleve (naproxen) while pregnant, especially after 20 weeks",AIO,is it safe for you to take aleve when pregnant?,86,positive,Negative
1123,can you take aleve when pregnant?,pregnancy,Binary Question,"No, it is generally not recommended to take Aleve (naproxen sodium) during pregnancy . Nonsteroidal anti-inflammatory drugs (NSAIDs), such as Aleve, can pose risks to the developing fetus, especially during the second and third trimesters of pregnancy. These risks include: Increased risk of miscarriage or premature birth, Heart defects, Low amniotic fluid levels, and Kidney problems.","No, it is generally not recommended to take Aleve (naproxen sodium) during pregnancy",AIO,can you take aleve when pregnant?,86,neutral,Negative
1329,is it unsafe for you to take aleve when pregnant?,pregnancy,Binary Question,"Yes, it is generally considered unsafe to take Aleve (naproxen) during pregnancy, especially after the 20th week . The FDA recommends avoiding NSAIDs like Aleve in pregnancy at 20 weeks or later because they can lead to problems with the baby's circulation and kidney function, and may cause low amniotic fluid. Elaboration: NSAIDs and Pregnancy:","Yes, it is generally considered unsafe to take Aleve (naproxen) during pregnancy, especially after the 20th week",AIO,is it unsafe for you to take aleve when pregnant?,86,negative,Negative
1228,is it safe for you to take anxiety meds while pregnant?,pregnancy,Binary Question,"While some anxiety medications are generally considered safe for use during pregnancy, others may pose potential risks . Certain SSRIs (like sertraline, citalopram, and fluoxetine) and SNRIs (like duloxetine and venlafaxine) are often used and considered relatively safe. However, paroxetine (Paxil) may be associated with a slightly increased risk of heart defects in the first trimester, so it's often not recommended. Here's a more detailed breakdown:","some anxiety medications are generally considered safe for use during pregnancy, others may pose potential risks",AIO,is it safe for you to take anxiety meds while pregnant?,88,positive,Neutral 
1125,can you take anxiety meds while pregnant?,pregnancy,Binary Question,"Yes, it is possible to take certain anxiety medications while pregnant , but it is crucial to consult with a healthcare professional before doing so. Safe Anxiety Medications During Pregnancy Selective serotonin reuptake inhibitors (SSRIs), such as sertraline (Zoloft) and fluoxetine (Prozac) Serotonin-norepinephrine reuptake inhibitors (SNRIs), such as venlafaxine (Effexor) and duloxetine (Cymbalta)","Yes, it is possible to take certain anxiety medications while pregnant",AIO,can you take anxiety meds while pregnant?,88,neutral,Postive
1331,is it unsafe for you to take anxiety meds while pregnant?,pregnancy,Binary Question,"While some anxiety medications are generally considered safe for use during pregnancy, others should be used with caution or avoided due to potential risks to the fetus . It's crucial to consult with your doctor to determine the safest and most appropriate course of treatment for your specific situation, says WebMD . SSRIs and SNRIs : SSRIs","some anxiety medications are generally considered safe for use during pregnancy, others should be used with caution or avoided due to potential risks to the fetus",AIO,is it unsafe for you to take anxiety meds while pregnant?,88,negative,Neutral 
1229,is it safe for you to take benadryl when pregnant?,pregnancy,Binary Question,"Yes, Benadryl (diphenhydramine) is generally considered safe to take during pregnancy . However, it's always best to consult with your doctor before taking any medication during pregnancy. Key points about Benadryl and pregnancy: Safety: Many studies have found no association between Benadryl and birth defects.","Yes, Benadryl (diphenhydramine) is generally considered safe to take during pregnancy",AIO,is it safe for you to take benadryl when pregnant?,89,positive,Postive
1126,can you take benadryl when pregnant?,pregnancy,Binary Question,"Yes, Benadryl (diphenhydramine) is generally considered safe to take during pregnancy . Safety: Benadryl is an antihistamine that is classified as pregnancy category B, meaning that it has not been shown to cause birth defects in animals. Studies have found no increased risk of miscarriage, premature birth, or other adverse effects in babies born to mothers who took Benadryl during pregnancy.","Yes, Benadryl (diphenhydramine) is generally considered safe to take during pregnancy",AIO,can you take benadryl when pregnant?,89,neutral,Postive
1332,is it unsafe for you to take benadryl when pregnant?,pregnancy,Binary Question,"Yes, Benadryl (diphenhydramine) is generally considered safe to take during pregnancy . It is classified as a Category B medication by the FDA, meaning it is generally safe to use at the recommended adult dose. However, some potential side effects, like dizziness or vomiting , may be more concerning during pregnancy. It's always best to consult with a healthcare provider before taking any medication during pregnancy, including Benadryl, to discuss potential risks and benefits.","Yes, Benadryl (diphenhydramine) is generally considered safe to take during pregnancy",AIO,is it unsafe for you to take benadryl when pregnant?,89,negative,Neutral 
1232,is it safe for you to take doxycycline while pregnant?,pregnancy,Binary Question,"No, it is generally not safe to take doxycycline while pregnant . Doxycycline can cause permanent discoloration of the teeth and affect bone growth in the developing fetus. Therefore, it is usually not recommended for use during pregnancy. Explanation: Fetal Harm: Doxycycline can potentially harm the fetus, particularly affecting tooth and bone development.","No, it is generally not safe to take doxycycline while pregnant",AIO,is it safe for you to take doxycycline while pregnant?,92,positive,Negative
1129,can you take doxycycline while pregnant?,pregnancy,Binary Question,"No, it is generally not recommended to take doxycycline while pregnant . Doxycycline is an antibiotic that can cross the placenta and affect the developing fetus. It can cause: Permanent tooth discoloration in the baby, Bone growth problems in the baby, and Increased risk of miscarriage.","No, it is generally not recommended to take doxycycline while pregnant",AIO,can you take doxycycline while pregnant?,92,neutral,Negative
1335,is it unsafe for you to take doxycycline while pregnant?,pregnancy,Binary Question,"Yes, it is generally considered unsafe to take doxycycline while pregnant . Doxycycline, a tetracycline antibiotic, can cause permanent tooth discoloration and potentially affect bone growth in the developing fetus. While it might be used in very rare cases where a woman is exposed to anthrax and has no other treatment options, it's usually best to avoid it during pregnancy. Elaboration: Tetracyclines and Pregnancy:","Yes, it is generally considered unsafe to take doxycycline while pregnant",AIO,is it unsafe for you to take doxycycline while pregnant?,92,negative,Negative
1233,is it safe for you to take elderberry while pregnant?,pregnancy,Binary Question,"It is generally not recommended to take elderberry while pregnant . While elderberry is often touted for its cold and flu-fighting properties, there's a lack of sufficient research on its safety during pregnancy, and some sources recommend avoiding it entirely. It's best to consult with your doctor or a qualified healthcare professional before taking any herbal supplements, including elderberry, during pregnancy to ensure it's safe for both you and your baby.",It is generally not recommended to take elderberry while pregnant,AIO,is it safe for you to take elderberry while pregnant?,93,positive,Negative
1130,can you take elderberry while pregnant?,pregnancy,Binary Question,"No, it is not recommended to take elderberry during pregnancy . Elderberry is an herbal remedy that is often used to treat colds and flu. However, there is limited scientific evidence to support its safety and effectiveness during pregnancy.","No, it is not recommended to take elderberry during pregnancy",AIO,can you take elderberry while pregnant?,93,neutral,Negative
1336,is it unsafe for you to take elderberry while pregnant?,pregnancy,Binary Question,"Yes, it is generally advised to avoid elderberry while pregnant due to a lack of definitive safety data . While some studies suggest potential benefits, like supporting the immune system, more research is needed, especially concerning pregnancy and breastfeeding, according to The Bump . Here's why it's recommended to be cautious: Limited Safety Data: There isn't enough evidence to definitively say elderberry is safe for pregnant women and their developing babies.","Yes, it is generally advised to avoid elderberry while pregnant due to a lack of definitive safety data",AIO,is it unsafe for you to take elderberry while pregnant?,93,negative,Negative
1234,is it safe for you to take emergen-c while pregnant?,pregnancy,Binary Question,"Yes, it is generally considered safe to take Emergen-C during pregnancy . However, it's always best to consult with your healthcare provider before starting any new supplement, including Emergen-C, during pregnancy. Elaboration: Safety: While Emergen-C is generally safe, it's important to be aware of the individual ingredients and potential interactions with other medications or prenatal vitamins.","Yes, it is generally considered safe to take Emergen-C during pregnancy",AIO,is it safe for you to take emergen-c while pregnant?,94,positive,Neutral 
1131,can you take emergen-c while pregnant?,pregnancy,Binary Question,"Yes, it is generally safe to take Emergen-C while pregnant . Emergen-C is a vitamin C supplement that contains other vitamins and minerals. Vitamin C is an essential nutrient for both the mother and baby during pregnancy.","Yes, it is generally safe to take Emergen-C while pregnant",AIO,can you take emergen-c while pregnant?,94,neutral,Postive
1337,is it unsafe for you to take emergen-c while pregnant?,pregnancy,Binary Question,"While Emergen-C is generally considered safe , it's crucial to consult with a healthcare provider before taking it during pregnancy. While vitamin C is essential during pregnancy, excessive intake can lead to side effects. It's also important to consider that some Emergen-C products contain ingredients beyond vitamin C that may not be safe during pregnancy. Here's a more detailed breakdown: Consult your doctor:",generally considered safe,AIO,is it unsafe for you to take emergen-c while pregnant?,94,negative,Neutral 
1236,is it safe for you to take laxatives while pregnant?,pregnancy,Binary Question,"While many laxatives are generally considered safe for use during pregnancy , it's crucial to discuss any medication with your healthcare provider before use, especially for those with potential side effects or concerns. Bulk-forming laxatives (e.g., Metamucil, FiberCon) and stool softeners (e.g., Colace) are often recommended as they are less likely to be absorbed into the bloodstream, posing minimal risk to the fetus. Stimulant laxatives (e.g., Dulcolax, Ducodyl) should be used with caution as they can sometimes cause uterine contractions or dehydration, particularly in high doses.",many laxatives are generally considered safe for use during pregnancy,AIO,is it safe for you to take laxatives while pregnant?,96,positive,Neutral 
1133,can you take laxatives while pregnant?,pregnancy,Binary Question,"While constipation is common during pregnancy, it's crucial to discuss any treatment, including laxatives, with your healthcare provider, as not all laxatives are safe for pregnant women . Some laxatives, like stimulant laxatives, may cause dehydration or uterine contractions, while others, like mineral oils, can reduce nutrient absorption. Here's a breakdown of safe and potentially unsafe laxatives during pregnancy:",not all laxatives are safe for pregnant women,AIO,can you take laxatives while pregnant?,96,neutral,Neutral 
1339,is it unsafe for you to take laxatives while pregnant?,pregnancy,Binary Question,"While many types of laxatives are generally considered safe for use during pregnancy , it's crucial to consult with a healthcare professional before taking any medication, including laxatives, during pregnancy. Some laxatives, particularly stimulant laxatives, may cause dehydration or stimulate uterine contractions, which could be harmful. Laxatives that are generally considered safe for use during pregnancy include:",many types of laxatives are generally considered safe for use during pregnancy,AIO,is it unsafe for you to take laxatives while pregnant?,96,negative,Neutral 
1237,is it safe for you to take motrin while pregnant?,pregnancy,Binary Question,"No, Motrin (ibuprofen) is not generally considered safe to take during pregnancy, especially after 20 weeks . While there are potential risks to the baby in the second half of pregnancy, including low amniotic fluid and kidney problems, there are also possible risks in the first trimester, including increased risk of miscarriage. It's crucial to consult with a healthcare provider before taking any medication, including over-the-counter pain relievers like Motrin.","No, Motrin (ibuprofen) is not generally considered safe to take during pregnancy, especially after 20 weeks",AIO,is it safe for you to take motrin while pregnant?,97,positive,Negative
1134,can you take motrin while pregnant?,pregnancy,Binary Question,"No, it is generally not recommended to take Motrin (ibuprofen) while pregnant . Ibuprofen is a nonsteroidal anti-inflammatory drug (NSAID) that can increase the risk of complications during pregnancy, including: Premature birth: Ibuprofen can reduce the amount of amniotic fluid, which can lead to premature labor. Birth defects: NSAIDs can increase the risk of birth defects, such as heart defects and cleft lip.","No, it is generally not recommended to take Motrin (ibuprofen) while pregnant",AIO,can you take motrin while pregnant?,97,neutral,Negative
1340,is it unsafe for you to take motrin while pregnant?,pregnancy,Binary Question,"Yes, Motrin (ibuprofen) is generally not recommended during pregnancy, especially after the 20th week . While it may be considered safe before 20 weeks, it's not a first-choice option. After 20 weeks, it can potentially affect the baby's kidneys, heart, and lungs, and may also lead to low amniotic fluid. Here's why Motrin is not recommended during pregnancy: Risk to the baby's kidneys:","generally not recommended during pregnancy, especially after the 20th week",AIO,is it unsafe for you to take motrin while pregnant?,97,negative,Neutral 
1238,is it safe for you to take naproxen while pregnant?,pregnancy,Binary Question,"It is generally not safe to take naproxen during pregnancy, especially after 20 weeks of gestation, unless specifically advised by a healthcare provider . Naproxen, an NSAID, can potentially harm the fetus by causing reduced amniotic fluid, early closure of a blood vessel in the baby's heart, and other complications. Here's why naproxen is generally not recommended during pregnancy: Fetal Risks :","It is generally not safe to take naproxen during pregnancy, especially after 20 weeks of gestation, unless specifically advised by a healthcare provider",AIO,is it safe for you to take naproxen while pregnant?,98,positive,Negative
1135,can you take naproxen while pregnant?,pregnancy,Binary Question,"No, it is generally not recommended to take naproxen during pregnancy . Naproxen is a non-steroidal anti-inflammatory drug (NSAID) that can increase the risk of complications during pregnancy, including: Premature birth: NSAIDs can cause premature closure of the ductus arteriosus, a blood vessel that plays an important role in fetal circulation. Oligohydramnios: Low levels of amniotic fluid, which can protect and cushion the baby.","No, it is generally not recommended to take naproxen during pregnancy",AIO,can you take naproxen while pregnant?,98,neutral,Negative
1341,is it unsafe for you to take naproxen while pregnant?,pregnancy,Binary Question,"Yes, naproxen is generally considered unsafe to take during pregnancy, especially after 20 weeks . It's a nonsteroidal anti-inflammatory drug (NSAID), and the FDA recommends avoiding all NSAIDs at 20 weeks gestation or later due to potential risks to the developing fetus. Risks Associated with Naproxen Use During Pregnancy: Low Amniotic Fluid (Oligohydramnios): Naproxen can reduce the amount of amniotic fluid surrounding the baby, which is essential for fetal development and can lead to complications like premature lung development.","Yes, naproxen is generally considered unsafe to take during pregnancy, especially after 20 weeks",AIO,is it unsafe for you to take naproxen while pregnant?,98,negative,Negative
1239,is it safe for you to take paracetamol when pregnant?,pregnancy,Binary Question,"Yes, paracetamol (also known as acetaminophen) is generally considered safe to take during pregnancy . It is a common pain reliever and fever reducer used by many pregnant women. However, it's crucial to take it in the lowest effective dose and for the shortest possible time, and to discuss with a doctor or pharmacist about any concerns or potential interactions with other medications. Elaboration:","Yes, paracetamol (also known as acetaminophen) is generally considered safe to take during pregnancy",AIO,is it safe for you to take paracetamol when pregnant?,99,positive,Neutral 
1136,can you take paracetamol when pregnant?,pregnancy,Binary Question,"Yes, paracetamol (also known as acetaminophen) is generally considered safe to take during pregnancy . Evidence: Multiple studies have shown that paracetamol is not associated with an increased risk of birth defects or other adverse outcomes in pregnant women. The American College of Obstetricians and Gynecologists (ACOG) recommends paracetamol as a first-line pain reliever during pregnancy.","Yes, paracetamol (also known as acetaminophen) is generally considered safe to take during pregnancy",AIO,can you take paracetamol when pregnant?,99,neutral,Postive
1342,is it unsafe for you to take paracetamol when pregnant?,pregnancy,Binary Question,"While paracetamol (acetaminophen) is generally considered safe for use during pregnancy for pain and fever relief , ACOG (American College of Obstetricians and Gynecologists) recommends that pregnant women discuss its use with their healthcare provider before taking it. The NHS also advises that pregnant women should seek medical advice before taking paracetamol and take the lowest effective dose for the shortest time possible.",generally considered safe for use during pregnancy for pain and fever relief,AIO,is it unsafe for you to take paracetamol when pregnant?,99,negative,Neutral 
1240,is it safe for you to take prozac while pregnant?,pregnancy,Binary Question,"While Prozac (fluoxetine) is generally considered safe for use during pregnancy , a small increased risk of certain birth defects and complications after birth has been reported. Therefore, it's crucial to discuss the risks and benefits of taking Prozac with your healthcare provider, especially if you are pregnant or planning to become pregnant. Elaboration: Potential Risks:",generally considered safe for use during pregnancy,AIO,is it safe for you to take prozac while pregnant?,100,positive,Neutral 
1137,can you take prozac while pregnant?,pregnancy,Binary Question,"While there's no definitive proof that Prozac (fluoxetine) directly causes birth defects, some studies suggest a potential increased risk of certain complications, especially when taken during the third trimester , and it's crucial to discuss the risks and benefits with your doctor. Here's a more detailed breakdown: Potential Risks:","some studies suggest a potential increased risk of certain complications, especially when taken during the third trimester",AIO,can you take prozac while pregnant?,100,neutral,Neutral 
1343,is it unsafe for you to take prozac while pregnant?,pregnancy,Binary Question,"While Prozac (fluoxetine) is generally considered safe during pregnancy , it's crucial to discuss the potential risks and benefits with your healthcare provider. Studies have shown a small increased risk of certain birth defects, particularly heart defects, with fluoxetine use during the first trimester. However, untreated depression during pregnancy can also pose risks to both the mother and baby, so a careful decision-making process is needed. Sudden discontinuation of Prozac is not recommended and should be discussed with your doctor.",generally considered safe during pregnancy,AIO,is it unsafe for you to take prozac while pregnant?,100,negative,Neutral 
1241,is it safe for you to take unisom while pregnant?,pregnancy,Binary Question,"Yes, Unisom (doxylamine succinate) is generally considered safe to take during pregnancy , especially for managing sleep disturbances or morning sickness . However, it's always best to consult with your doctor before taking any medication during pregnancy, including over-the-counter sleep aids like Unisom. Here's why Unisom is generally considered safe during pregnancy: Extensive Use:","Yes, Unisom (doxylamine succinate) is generally considered safe to take during pregnancy",AIO,is it safe for you to take unisom while pregnant?,101,positive,Postive
1138,can you take unisom while pregnant?,pregnancy,Binary Question,"Yes, Unisom (doxylamine succinate) is generally considered safe to take during pregnancy . The FDA has classified doxylamine as Category B, meaning that studies in animals have not shown any risk to the fetus.","Yes, Unisom (doxylamine succinate) is generally considered safe to take during pregnancy",AIO,can you take unisom while pregnant?,101,neutral,Postive
1344,is it unsafe for you to take unisom while pregnant?,pregnancy,Binary Question,"Yes, Unisom (doxylamine) is generally considered safe for use during pregnancy when taken as directed . It's often recommended by doctors for occasional insomnia or as part of a combination with vitamin B6 for managing nausea. However, it's important to consult with a healthcare provider before taking any medication during pregnancy. Elaboration: Safety:","Yes, Unisom (doxylamine) is generally considered safe for use during pregnancy when taken as directed",AIO,is it unsafe for you to take unisom while pregnant?,101,negative,Postive
1242,is it safe for you to take zantac while pregnant?,pregnancy,Binary Question,"No, it is generally not recommended to take Zantac (ranitidine) during pregnancy . While it was previously considered safe, low levels of a cancer-causing contaminant, NDMA , were found in some samples, leading to the recall and removal from the market. Here's why you should avoid Zantac during pregnancy: NDMA Contamination: The FDA detected NDMA in ranitidine, a probable carcinogen.","No, it is generally not recommended to take Zantac (ranitidine) during pregnancy",AIO,is it safe for you to take zantac while pregnant?,102,positive,Negative
1139,can you take zantac while pregnant?,pregnancy,Binary Question,"No, it is not recommended to take Zantac (ranitidine) while pregnant . Zantac is a medication used to treat heartburn and acid reflux. While it was previously considered safe for pregnant women, it was recalled in 2019 due to concerns about contamination with N-nitrosodimethylamine (NDMA), a potential cancer-causing substance. The FDA advises pregnant women to avoid taking Zantac and to consult with their healthcare provider for alternative treatments for heartburn and acid reflux.","No, it is not recommended to take Zantac (ranitidine) while pregnant",AIO,can you take zantac while pregnant?,102,neutral,Negative
1345,is it unsafe for you to take zantac while pregnant?,pregnancy,Binary Question,"Yes, it is generally considered unsafe to take Zantac (ranitidine) while pregnant . The FDA recalled Zantac due to potential contamination with a cancer-causing chemical, NDMA. While the FDA also released a new version of Zantac (Zantac 360) with a different active ingredient, famotidine, which is considered safe during pregnancy, it's best to discuss any heartburn medication with your doctor, especially during pregnancy. Elaboration:","Yes, it is generally considered unsafe to take Zantac (ranitidine) while pregnant",AIO,is it unsafe for you to take zantac while pregnant?,102,negative,Neutral 
1243,is it safe for you to tan while pregnant?,pregnancy,Binary Question,"While there's no definitive proof that tanning directly harms a fetus , it's generally best to avoid tanning beds and prolonged sun exposure during pregnancy . This is because UV radiation from tanning beds can break down folic acid, which is crucial for a healthy nervous system in the developing baby, according to Lifetime Adoption . Here's a more detailed explanation: Tanning beds:",it's generally best to avoid tanning beds and prolonged sun exposure during pregnancy,AIO,is it safe for you to tan while pregnant?,103,positive,Neutral 
1140,can you tan while pregnant?,pregnancy,Binary Question,"While there's no definitive evidence that tanning, whether from sunbeds or natural sunlight, directly harms a fetus, it's generally advised to approach tanning with caution during pregnancy due to potential risks like overheating and increased melasma . Here's a more detailed breakdown: Is Tanning Safe During Pregnancy?",it's generally advised to approach tanning with caution during pregnancy due to potential risks like overheating and increased melasma,AIO,can you tan while pregnant?,103,neutral,Neutral 
1346,is it unsafe for you to tan while pregnant?,pregnancy,Binary Question,"While tanning, whether from sunbeds or sun exposure, is generally discouraged during pregnancy, especially during the first trimester , it's not always a strict prohibition. Many healthcare providers suggest avoiding artificial tanning methods, while others recommend sun safety precautions if sunbathing is unavoidable. Elaboration: Potential Risks:","generally discouraged during pregnancy, especially during the first trimester",AIO,is it unsafe for you to tan while pregnant?,103,negative,Negative
1348,is aquaphor safe for babies face?,babycare,Binary Question,"Yes, Aquaphor Baby Healing Ointment is generally considered safe for babies' faces and can be used to soothe dry, chapped, or irritated skin. It's a pediatrician-recommended, fragrance-free, and preservative-free product designed for sensitive skin. Here's a more detailed explanation: Benefits:","Yes, Aquaphor Baby Healing Ointment is generally considered safe for babies' faces",AIO,is aquaphor safe for babies face?,105,positive,Postive
1402,can you use aquaphor on babies face?,babycare,Binary Question,"Yes, Aquaphor Baby Healing Ointment can be safely applied to a baby's face . Aquaphor is a fragrance-free, hypoallergenic ointment that is specifically designed for babies' delicate skin. It contains petrolatum, which helps to create a barrier on the skin and protect it from moisture loss, irritation, and infection.","Yes, Aquaphor Baby Healing Ointment can be safely applied to a baby's face",AIO,can you use aquaphor on babies face?,105,neutral,Postive
1456,is aquaphor unsafe for babies face?,babycare,Binary Question,"Yes, Aquaphor Baby Healing Ointment is generally considered safe for babies' faces and can be used to soothe dry, chapped, or irritated skin. It's a pediatrician-recommended, fragrance-free, and preservative-free product designed for sensitive skin. Here's a more detailed explanation: Benefits:","Yes, Aquaphor Baby Healing Ointment is generally considered safe for babies' faces",AIO,is aquaphor unsafe for babies face?,105,negative,Postive
1349,is aquaphor safe for babies lips?,babycare,Binary Question,"Yes, Aquaphor Baby Healing Ointment is generally safe to use on a baby's lips . Aquaphor is a fragrance-free, hypoallergenic ointment that contains petrolatum, which helps to create a protective barrier on the skin. This barrier can help to prevent moisture loss and protect the lips from irritation. Aquaphor Baby Healing Ointment is specifically formulated for babies' sensitive skin and is pediatrician-recommended.","Yes, Aquaphor Baby Healing Ointment is generally safe to use on a baby's lips",AIO,is aquaphor safe for babies lips?,106,positive,Postive
1403,can you apply aquaphor on babies lips?,babycare,Binary Question,"Yes, Aquaphor, particularly the Baby Healing Ointment, is generally safe and recommended for use on babies' lips to soothe dry or chapped skin. It's a moisturizing and protective ointment that can help prevent dryness and irritation. Aquaphor is often recommended by pediatricians and is considered a safe and effective option for baby skincare. Elaboration: Safety:","Yes, Aquaphor, particularly the Baby Healing Ointment, is generally safe and recommended for use on babies' lips",AIO,can you apply aquaphor on babies lips?,106,neutral,Postive
1457,is aquaphor unsafe for babies lips?,babycare,Binary Question,"Yes, Aquaphor Baby Healing Ointment is generally safe to use on a baby's lips . Aquaphor is a fragrance-free, hypoallergenic ointment that contains petrolatum, which helps to create a protective barrier on the skin. This barrier can help to prevent moisture loss and protect the lips from irritation. Aquaphor Baby Healing Ointment is specifically formulated for babies' sensitive skin and is pediatrician-recommended.","Yes, Aquaphor Baby Healing Ointment is generally safe to use on a baby's lips",AIO,is aquaphor unsafe for babies lips?,106,negative,Postive
1351,is regular aquaphor safe for babies?,babycare,Binary Question,"Yes, regular Aquaphor is safe for babies . Aquaphor Baby Healing Ointment is a specially formulated version of Aquaphor Healing Ointment that is designed for babies' delicate skin. However, both products contain the same active ingredient, petrolatum, which is a safe and effective moisturizer. Regular Aquaphor can be used on babies for the following purposes:","Yes, regular Aquaphor is safe for babies",AIO,is regular aquaphor safe for babies?,108,positive,Postive
1405,can you apply regular aquaphor on babies?,babycare,Binary Question,"Yes, you can apply regular Aquaphor on babies . The formula for Aquaphor Healing Ointment and Aquaphor Baby Healing Ointment are the same. There's no difference in ingredients or effectiveness between the two, so you can use either product on your baby. The baby version is simply packaged differently for easier identification in stores.","Yes, you can apply regular Aquaphor on babies",AIO,can you apply regular aquaphor on babies?,108,neutral,Postive
1459,is regular aquaphor unsafe for babies?,babycare,Binary Question,"Yes, regular Aquaphor is safe for babies . Aquaphor Baby Healing Ointment is a specially formulated version of Aquaphor Healing Ointment that is designed for babies' delicate skin. However, both products contain the same active ingredient, petrolatum, which is a safe and effective moisturizer. Regular Aquaphor can be used on babies for the following purposes:","Yes, regular Aquaphor is safe for babies",AIO,is regular aquaphor unsafe for babies?,108,negative,Postive
1353,are essential oils safe during pregnancy?,pregnancy,Binary Question,"While some essential oils can offer benefits during pregnancy, it's crucial to exercise caution and consult with your doctor before using them, as some oils may pose risks, especially during the first trimester . Here's a more detailed breakdown: Safety Considerations: First Trimester:","While some essential oils can offer benefits during pregnancy, it's crucial to exercise caution and consult with your doctor before using them, as some oils may pose risks, especially during the first trimester",AIO,are essential oils safe during pregnancy?,110,positive,Neutral 
1407,can you use essential oils during pregnancy?,pregnancy,Binary Question,"While some essential oils can offer benefits during pregnancy, it's crucial to use them safely and cautiously, with proper dilution and under the guidance of a healthcare professional, and to avoid certain oils altogether . Here's a breakdown of key points: Consult your doctor: Before using any essential oils during pregnancy, it's essential to discuss them with your doctor or midwife to ensure they are safe for you and your baby.","some essential oils can offer benefits during pregnancy, it's crucial to use them safely and cautiously, with proper dilution and under the guidance of a healthcare professional, and to avoid certain oils altogether",AIO,can you use essential oils during pregnancy?,110,neutral,Neutral 
1461,are essential oils unsafe during pregnancy?,pregnancy,Binary Question,"While many essential oils are generally considered safe for use during pregnancy, especially in the second and third trimesters, it's essential to be cautious and consult with a doctor before using them . Some oils, particularly in the first trimester, may pose risks due to potential effects on uterine contractions or fetal development. Here's a more detailed look: First Trimester:","many essential oils are generally considered safe for use during pregnancy, especially in the second and third trimesters, it's essential to be cautious and consult with a doctor before using them",AIO,are essential oils unsafe during pregnancy?,110,negative,Neutral 
1355,are probiotics safe during pregnancy?,pregnancy,Binary Question,"Generally, taking probiotics during pregnancy is considered safe , but it's always best to discuss any supplements with your healthcare provider before starting. Here's a more detailed explanation: Safety: Probiotics are generally considered safe for pregnant women, and studies have shown no increased risk of negative pregnancy outcomes or fetal malformations.","Generally, taking probiotics during pregnancy is considered safe",AIO,are probiotics safe during pregnancy?,112,positive,Postive
1409,can you take probiotics during pregnancy?,pregnancy,Binary Question,"Yes, taking probiotics during pregnancy is generally considered safe and may offer potential benefits , but it's always best to discuss any supplements with your healthcare provider before starting them. Here's a more detailed look at probiotics and pregnancy: Safety: Limited research suggests probiotics are safe for pregnant and lactating women, with no associations found between probiotic use and miscarriages or malformations.","Yes, taking probiotics during pregnancy is generally considered safe and may offer potential benefits",AIO,can you take probiotics during pregnancy?,112,neutral,Postive
1463,are probiotics unsafe during pregnancy?,pregnancy,Binary Question,"Generally, taking probiotics during pregnancy is considered safe , but it's always best to discuss any supplements with your healthcare provider before starting. Here's a more detailed explanation: Safety: Probiotics are generally considered safe for pregnant women, and studies have shown no increased risk of negative pregnancy outcomes or fetal malformations.","Generally, taking probiotics during pregnancy is considered safe",AIO,are probiotics unsafe during pregnancy?,112,negative,Postive
1357,is albuterol safe in pregnancy?,pregnancy,Binary Question,"Yes, albuterol is generally considered safe to use during pregnancy for managing asthma symptoms , and it's often a first-choice rescue inhaler. However, it's crucial to discuss any asthma medications with your doctor to ensure they are appropriate for your specific situation. Here's a more detailed explanation: Safety: Albuterol is a short-acting bronchodilator that quickly relieves asthma symptoms by relaxing the airways.","Yes, albuterol is generally considered safe to use during pregnancy for managing asthma symptoms",AIO,is albuterol safe in pregnancy?,114,positive,Neutral 
1411,can you use albuterol in pregnancy?,pregnancy,Binary Question,"Yes, albuterol, a commonly used asthma medication, is generally considered safe to use during pregnancy , both for the mother and the baby, and is often recommended as a rescue inhaler for managing asthma symptoms during pregnancy. Here's a more detailed explanation: Safety: Albuterol is a short-acting bronchodilator that helps open airways and relieve breathing difficulties.","Yes, albuterol, a commonly used asthma medication, is generally considered safe to use during pregnancy",AIO,can you use albuterol in pregnancy?,114,neutral,Postive
1465,is albuterol unsafe in pregnancy?,pregnancy,Binary Question,"Yes, albuterol is generally considered safe to use during pregnancy for managing asthma symptoms , and it's often a first-choice rescue inhaler. However, it's crucial to discuss any asthma medications with your doctor to ensure they are appropriate for your specific situation. Here's a more detailed explanation: Safety: Albuterol is a short-acting bronchodilator that quickly relieves asthma symptoms by relaxing the airways.","Yes, albuterol is generally considered safe to use during pregnancy for managing asthma symptoms",AIO,is albuterol unsafe in pregnancy?,114,negative,Neutral 
1361,is cream cheese safe during pregnancy?,pregnancy,Binary Question,"Yes, cream cheese is generally safe to consume during pregnancy, as long as it is pasteurized . Pasteurization is a process that kills harmful bacteria, including Listeria, which can pose a risk to pregnant women.","Yes, cream cheese is generally safe to consume during pregnancy, as long as it is pasteurized",AIO,is cream cheese safe during pregnancy?,118,positive,Postive
1415,can you eat cream cheese during pregnancy?,pregnancy,Binary Question,"Yes, cream cheese is generally safe to eat during pregnancy, as long as it's made with pasteurized milk or cream . Here's a more detailed explanation: Pasteurization is key: The main concern with cheese during pregnancy is the potential for Listeria bacteria, which can cause serious infections. Pasteurization, a process that heats milk to kill harmful bacteria, significantly reduces this risk.","Yes, cream cheese is generally safe to eat during pregnancy, as long as it's made with pasteurized milk or cream",AIO,can you eat cream cheese during pregnancy?,118,neutral,Neutral 
1469,is cream cheese unsafe during pregnancy?,pregnancy,Binary Question,"Yes, cream cheese is generally safe to consume during pregnancy, as long as it is pasteurized . Pasteurization is a process that kills harmful bacteria, including Listeria, which can pose a risk to pregnant women.","Yes, cream cheese is generally safe to consume during pregnancy, as long as it is pasteurized",AIO,is cream cheese unsafe during pregnancy?,118,negative,Postive
1362,is decaf coffee safe during pregnancy?,pregnancy,Binary Question,"Yes, decaf coffee is generally considered safe for pregnant women in moderation . Reasons for Safety: Decaf coffee contains significantly less caffeine than regular coffee. The caffeine content in decaf coffee is typically below 5 mg per cup, which is considered safe for pregnant women.","Yes, decaf coffee is generally considered safe for pregnant women in moderation",AIO,is decaf coffee safe during pregnancy?,119,positive,Postive
1416,can you drink decaf coffee during pregnancy?,pregnancy,Binary Question,"Yes, it's generally considered safe to drink decaf coffee in moderation during pregnancy , as it contains significantly less caffeine than regular coffee, and the amount of caffeine in decaf is unlikely to cause harm. Here's a more detailed explanation: Caffeine and Pregnancy : While caffeine can cross the placenta and potentially affect a baby's sleep and movement patterns, moderate caffeine intake (less than 200mg per day) is generally considered safe during pregnancy.","Yes, it's generally considered safe to drink decaf coffee in moderation during pregnancy",AIO,can you drink decaf coffee during pregnancy?,119,neutral,Postive
1470,is decaf coffee unsafe during pregnancy?,pregnancy,Binary Question,"Yes, decaf coffee is generally considered safe for pregnant women in moderation . Reasons for Safety: Decaf coffee contains significantly less caffeine than regular coffee. The caffeine content in decaf coffee is typically below 5 mg per cup, which is considered safe for pregnant women.","Yes, decaf coffee is generally considered safe for pregnant women in moderation",AIO,is decaf coffee unsafe during pregnancy?,119,negative,Postive
1363,is discharge normal during pregnancy?,pregnancy,Binary Question,"Yes, increased vaginal discharge, often described as leukorrhea, is a normal and common occurrence during pregnancy , primarily due to hormonal changes, but it's important to monitor its color, consistency, and odor, and seek medical advice if you notice any concerning changes. Here's a more detailed explanation: Normal Discharge: During pregnancy, it's common to experience more vaginal discharge, which is usually thin, clear, or milky white, and doesn't have a strong or unpleasant odor.","Yes, increased vaginal discharge, often described as leukorrhea, is a normal and common occurrence during pregnancy",AIO,is discharge normal during pregnancy?,120,positive,Neutral 
1417,does discharge occur during pregnancy?,pregnancy,Binary Question,"Yes, it's very common to experience increased vaginal discharge, also known as leukorrhea, during pregnancy , and this is a normal physiological change due to hormonal fluctuations. Here's a more detailed explanation: Normal Pregnancy Discharge: During pregnancy, the body produces more estrogen and progesterone, which can lead to an increase in vaginal discharge.","Yes, it's very common to experience increased vaginal discharge, also known as leukorrhea, during pregnancy",AIO,does discharge occur during pregnancy?,120,neutral,Postive
1471,is discharge abnormal during pregnancy?,pregnancy,Binary Question,"Yes, changes in vaginal discharge are common during pregnancy , and while some changes are normal, others may indicate an infection or other issue. Normal pregnancy discharge is often described as thin, clear, or milky white, and may have a mild or no odor. However, if the discharge is green, yellow, brown, or gray, or accompanied by itching, burning, a strong odor, or pain, it could be a sign of an infection and should be checked by a healthcare provider.","Yes, changes in vaginal discharge are common during pregnancy",AIO,is discharge abnormal during pregnancy?,120,negative,Neutral 
1364,is dramamine safe during pregnancy?,pregnancy,Binary Question,"Dramamine (dimenhydrinate), a common motion sickness medication, is generally considered safe for use during pregnancy , but it's always best to consult with your healthcare provider before taking any medication during pregnancy. Here's a more detailed explanation: Safety:",generally considered safe for use during pregnancy,AIO,is dramamine safe during pregnancy?,121,positive,Postive
1418,can you take dramamine during pregnancy?,pregnancy,Binary Question,"Yes, Dramamine (containing dimenhydrinate) is generally considered safe for use during pregnancy to relieve motion sickness or morning sickness , but it's always best to consult with your doctor or healthcare provider before taking any medication during pregnancy. Here's a more detailed explanation: Dramamine's Role: Dramamine, containing dimenhydrinate, is an over-the-counter medication primarily used to combat motion sickness, but it can also be effective in alleviating nausea and vomiting associated with morning sickness.","Yes, Dramamine (containing dimenhydrinate) is generally considered safe for use during pregnancy to relieve motion sickness or morning sickness",AIO,can you take dramamine during pregnancy?,121,neutral,Postive
1472,is dramamine unsafe during pregnancy?,pregnancy,Binary Question,"Dramamine (dimenhydrinate), a common motion sickness medication, is generally considered safe for use during pregnancy , but it's always best to consult with your healthcare provider before taking any medication during pregnancy. Here's a more detailed explanation: Safety:",generally considered safe for use during pregnancy,AIO,is dramamine unsafe during pregnancy?,121,negative,Postive
1366,is ginger good for pregnant women?,pregnancy,Binary Question,"Ginger is generally considered safe for pregnant women in moderation . It has been traditionally used to alleviate nausea and vomiting, which are common symptoms during pregnancy. Benefits: Nausea and vomiting relief: Ginger has anti-emetic properties that can help reduce morning sickness.",Ginger is generally considered safe for pregnant women in moderation,AIO,is ginger good for pregnant women?,123,positive,Postive
1420,does ginger affect pregnant women?,pregnancy,Binary Question,"Ginger is generally considered safe to consume in moderation during pregnancy, and studies haven't shown it increases the risk of miscarriage or birth defects . Here's a more detailed explanation: Safety in Moderation: Ginger is classified as ""Generally Recognized as Safe"" (GRAS) by the FDA, and studies have found no increased risk of pregnancy complications when consumed in moderation.","Ginger is generally considered safe to consume in moderation during pregnancy, and studies haven't shown it increases the risk of miscarriage or birth defects",AIO,does ginger affect pregnant women?,123,neutral,Postive
1474,is ginger bad for pregnant women?,pregnancy,Binary Question,"Ginger is generally considered safe and can even be beneficial for pregnant women , particularly for relieving morning sickness and nausea, but it's important to consume it in moderation and discuss any concerns with a healthcare provider. Here's a more detailed explanation: Benefits:",Ginger is generally considered safe and can even be beneficial for pregnant women,AIO,is ginger bad for pregnant women?,123,negative,Neutral 
1367,is ginger tea safe during pregnancy?,pregnancy,Binary Question,"Yes, ginger tea is generally considered safe for pregnant women in moderation . Benefits: Ginger tea has anti-nausea properties, which can help alleviate morning sickness. It may also promote digestion and reduce bloating.","Yes, ginger tea is generally considered safe for pregnant women in moderation",AIO,is ginger tea safe during pregnancy?,124,positive,Postive
1421,can you drink ginger tea during pregnancy?,pregnancy,Binary Question,"Yes, ginger tea is generally considered safe for consumption during pregnancy in moderation , especially for alleviating nausea and vomiting, according to Healthline . Here's a more detailed explanation: Benefits: Ginger tea is known for its anti-nausea and anti-inflammatory properties, which can be helpful during pregnancy.","Yes, ginger tea is generally considered safe for consumption during pregnancy in moderation",AIO,can you drink ginger tea during pregnancy?,124,neutral,Postive
1475,is ginger tea unsafe during pregnancy?,pregnancy,Binary Question,"Yes, ginger tea is generally considered safe for pregnant women in moderation . Benefits: Ginger tea has anti-nausea properties, which can help alleviate morning sickness. It may also promote digestion and reduce bloating.","Yes, ginger tea is generally considered safe for pregnant women in moderation",AIO,is ginger tea unsafe during pregnancy?,124,negative,Postive
1368,is glycolic acid safe during pregnancy?,pregnancy,Binary Question,Glycolic acid is generally considered safe to use during pregnancy when used in low concentrations . Evidence of Safety: Studies in animals have not shown any adverse effects on fetuses from topical glycolic acid use. The American College of Obstetricians and Gynecologists (ACOG) states that glycolic acid is safe for pregnant women when used in concentrations of 10% or less.,Glycolic acid is generally considered safe to use during pregnancy when used in low concentrations,AIO,is glycolic acid safe during pregnancy?,125,positive,Postive
1422,can you use glycolic acid during pregnancy?,pregnancy,Binary Question,Glycolic acid is generally considered safe to use during pregnancy in low concentrations . Safety Considerations: Glycolic acid is an alpha-hydroxy acid (AHA) that is commonly used in skincare products. Studies have shown that topical glycolic acid is not absorbed into the bloodstream in significant amounts.,Glycolic acid is generally considered safe to use during pregnancy in low concentrations,AIO,can you use glycolic acid during pregnancy?,125,neutral,Postive
1476,is glycolic acid unsafe during pregnancy?,pregnancy,Binary Question,Glycolic acid is generally considered safe to use during pregnancy when used in low concentrations . Evidence of Safety: Studies in animals have not shown any adverse effects on fetuses from topical glycolic acid use. The American College of Obstetricians and Gynecologists (ACOG) states that glycolic acid is safe for pregnant women when used in concentrations of 10% or less.,Glycolic acid is generally considered safe to use during pregnancy when used in low concentrations,AIO,is glycolic acid unsafe during pregnancy?,125,negative,Postive
1370,is ibuprofen safe during pregnancy?,pregnancy,Binary Question,"While ibuprofen can provide pain relief, it's generally not recommended during pregnancy, especially after 20 weeks, as it can potentially harm the baby's kidneys, heart, and lungs . Here's a more detailed explanation: Risks After 20 Weeks: Premature Closure of Ductus Arteriosus : Ibuprofen and other NSAIDs can cause this blood vessel in the baby's heart to close prematurely, leading to high blood pressure in the baby's lungs.","it's generally not recommended during pregnancy, especially after 20 weeks, as it can potentially harm the baby's kidneys, heart, and lungs",AIO,is ibuprofen safe during pregnancy?,127,positive,Negative
1424,can you take ibuprofen during pregnancy?,pregnancy,Binary Question,"No, it is generally not recommended to take ibuprofen during pregnancy . Ibuprofen is a nonsteroidal anti-inflammatory drug (NSAID) that can increase the risk of pregnancy complications, including: Miscarriage: Ibuprofen use in early pregnancy may increase the risk of miscarriage. Preterm birth: NSAID use in later pregnancy may increase the risk of preterm birth.","No, it is generally not recommended to take ibuprofen during pregnancy",AIO,can you take ibuprofen during pregnancy?,127,neutral,Negative
1478,is ibuprofen unsafe during pregnancy?,pregnancy,Binary Question,"Yes, ibuprofen is generally considered unsafe to take during pregnancy . Ibuprofen is a non-steroidal anti-inflammatory drug (NSAID) that can cross the placenta and affect the developing fetus. Taking ibuprofen during pregnancy can increase the risk of: Premature birth: Ibuprofen can stimulate uterine contractions, leading to early labor.","Yes, ibuprofen is generally considered unsafe to take during pregnancy",AIO,is ibuprofen unsafe during pregnancy?,127,negative,Negative
1371,is it normal to have diarrhea when pregnant?,pregnancy,Binary Question,"Yes, experiencing diarrhea during pregnancy is relatively common and can be attributed to hormonal changes, dietary shifts, or food sensitivities , but it's crucial to stay hydrated and seek medical advice if it's severe or persistent. Here's a more detailed explanation: Common Causes:","Yes, experiencing diarrhea during pregnancy is relatively common and can be attributed to hormonal changes, dietary shifts, or food sensitivities",AIO,is it normal to have diarrhea when pregnant?,128,positive,Neutral 
1425,can you have diarrhea when pregnant?,pregnancy,Binary Question,"Yes, diarrhea can occur during pregnancy, often due to hormonal changes, dietary changes, prenatal vitamins, or underlying conditions , but it's important to stay hydrated and seek medical advice if it's severe or persistent. Here's a more detailed explanation: Causes of Diarrhea During Pregnancy:","Yes, diarrhea can occur during pregnancy, often due to hormonal changes, dietary changes, prenatal vitamins, or underlying conditions",AIO,can you have diarrhea when pregnant?,128,neutral,Neutral 
1479,is it abnormal to have diarrhea when pregnant?,pregnancy,Binary Question,"While it's more common to experience constipation during pregnancy, diarrhea can also occur and is not always a cause for immediate alarm . It can be triggered by various factors, including hormonal changes, dietary changes, and infections. However, if diarrhea is severe, persistent (lasting more than a few days), or accompanied by other symptoms like fever, blood in the stool, or signs of dehydration, it's important to consult with a healthcare provider.",diarrhea can also occur and is not always a cause for immediate alarm,AIO,is it abnormal to have diarrhea when pregnant?,128,negative,Neutral 
1373,is it safe to drink coffee while pregnant?,pregnancy,Binary Question,"Yes, it's generally considered safe to consume coffee in moderation during pregnancy , with the American College of Obstetricians and Gynecologists (ACOG) recommending limiting caffeine intake to less than 200 milligrams (mg) per day. Here's a more detailed explanation: Moderate Caffeine is Generally Safe: The ACOG recommends that pregnant women limit their caffeine intake to less than 200 milligrams per day, which is roughly equivalent to about one 12-ounce cup of coffee.","Yes, it's generally considered safe to consume coffee in moderation during pregnancy",AIO,is it safe to drink coffee while pregnant?,130,positive,Neutral 
1427,can you drink coffee while pregnant?,pregnancy,Binary Question,"Yes, pregnant women can consume coffee in moderation . The American College of Obstetricians and Gynecologists (ACOG) recommends limiting caffeine intake to less than 200 milligrams per day during pregnancy. This is equivalent to about two 12-ounce cups of coffee. Excessive caffeine intake (over 300 milligrams per day) during pregnancy has been linked to an increased risk of:","Yes, pregnant women can consume coffee in moderation",AIO,can you drink coffee while pregnant?,130,neutral,Neutral 
1481,is it unsafe to drink coffee while pregnant?,pregnancy,Binary Question,"It is generally considered safe to drink coffee in moderation during pregnancy , but it's best to limit caffeine intake to less than 200 mg per day. This is roughly equivalent to one 12-ounce cup of coffee. Excessive caffeine consumption during pregnancy may be linked to increased risks of miscarriage, low birth weight, and other pregnancy complications. Here's a more detailed look: Moderation is key:",It is generally considered safe to drink coffee in moderation during pregnancy,AIO,is it unsafe to drink coffee while pregnant?,130,negative,Neutral 
1377,is it safe to take prenatal if not pregnant?,pregnancy,Binary Question,"While generally designed for pregnant women, taking prenatal vitamins when not pregnant is generally safe and can be beneficial for women of reproductive age, particularly for addressing potential nutritional deficiencies or improving overall health. However, it's important to discuss this with a healthcare provider, especially if you have any underlying health conditions or are taking other medications. Here's a more detailed explanation:",taking prenatal vitamins when not pregnant is generally safe,AIO,is it safe to take prenatal if not pregnant?,134,positive,Postive
1431,can you take prenatal vitamins if not pregnant?,pregnancy,Binary Question,"Yes, it is generally safe for women who are not pregnant to take prenatal vitamins . Benefits: Prevent neural tube defects: Prenatal vitamins contain folic acid, which is essential for preventing neural tube defects (such as spina bifida) in babies.","Yes, it is generally safe for women who are not pregnant to take prenatal vitamins",AIO,can you take prenatal vitamins if not pregnant?,134,neutral,Postive
1485,is it unsafe to take prenatal if not pregnant?,pregnancy,Binary Question,"While generally safe , taking prenatal vitamins when not pregnant might not be necessary and could potentially lead to overconsumption of certain nutrients, especially folate and iron. A balanced diet typically provides sufficient nutrients for non-pregnant individuals, according to the Mayo Clinic . Elaboration: Not a Necessity for Everyone:",generally safe,AIO,is it unsafe to take prenatal if not pregnant?,134,negative,Neutral 
1379,is lexapro safe during pregnancy?,pregnancy,Binary Question,Lexapro (escitalopram) is a selective serotonin reuptake inhibitor (SSRI) antidepressant that can be considered safe for use during pregnancy in certain cases . Safety Considerations: Lexapro crosses the placenta and can be detected in the baby's blood. Studies have shown that Lexapro use during pregnancy is not associated with an increased risk of major birth defects.,can be considered safe for use during pregnancy in certain cases,AIO,is lexapro safe during pregnancy?,136,positive,Postive
1433,can you take lexapro during pregnancy?,pregnancy,Binary Question,"While Lexapro (escitalopram) can be used during pregnancy , it's crucial to discuss the potential risks and benefits with your healthcare provider, as there's a possibility of increased risks in the third trimester, including neonatal withdrawal symptoms and persistent pulmonary hypertension of the newborn . Here's a more detailed breakdown: Potential Risks:",Lexapro (escitalopram) can be used during pregnancy,AIO,can you take lexapro during pregnancy?,136,neutral,Neutral 
1487,is lexapro unsafe during pregnancy?,pregnancy,Binary Question,Lexapro (escitalopram) is a selective serotonin reuptake inhibitor (SSRI) antidepressant that can be considered safe for use during pregnancy in certain cases . Safety Considerations: Lexapro crosses the placenta and can be detected in the baby's blood. Studies have shown that Lexapro use during pregnancy is not associated with an increased risk of major birth defects.,can be considered safe for use during pregnancy in certain cases,AIO,is lexapro unsafe during pregnancy?,136,negative,Postive
1380,is macrobid safe in pregnancy?,pregnancy,Binary Question,"Macrobid (nitrofurantoin) is generally considered safe for use in pregnancy, especially in the first and second trimesters . Safety Considerations: First and Second Trimesters: Nitrofurantoin is a preferred antibiotic for treating urinary tract infections (UTIs) during these trimesters. Studies have shown no increased risk of birth defects or other adverse effects on the fetus.","generally considered safe for use in pregnancy, especially in the first and second trimesters",AIO,is macrobid safe in pregnancy?,137,positive,Postive
1434,can you take macrobid in pregnancy?,pregnancy,Binary Question,"Yes, Macrobid (nitrofurantoin) can generally be taken during pregnancy, but with certain considerations . Safety: Macrobid is considered a safe antibiotic for treating urinary tract infections (UTIs) during pregnancy. However, it is best avoided in the third trimester of pregnancy due to a potential risk of hemolytic anemia in the baby.","Yes, Macrobid (nitrofurantoin) can generally be taken during pregnancy, but with certain considerations",AIO,can you take macrobid in pregnancy?,137,neutral,Neutral 
1488,is macrobid unsafe in pregnancy?,pregnancy,Binary Question,"Macrobid (nitrofurantoin) is generally considered safe for use in pregnancy, especially in the first and second trimesters . Safety Considerations: First and Second Trimesters: Nitrofurantoin is a preferred antibiotic for treating urinary tract infections (UTIs) during these trimesters. Studies have shown no increased risk of birth defects or other adverse effects on the fetus.","generally considered safe for use in pregnancy, especially in the first and second trimesters",AIO,is macrobid unsafe in pregnancy?,137,negative,Postive
1381,is magnesium safe in pregnancy?,pregnancy,Binary Question,"Yes, magnesium is generally considered safe during pregnancy , and in fact, it's an essential nutrient that may help reduce the risk of complications like preeclampsia and preterm labor, but it's crucial to discuss supplementation with a healthcare provider to determine the appropriate dosage. Here's a more detailed explanation: Importance of Magnesium During Pregnancy: Magnesium plays a crucial role in various bodily functions, including nerve and muscle function, blood sugar control, and bone health, which are all important during pregnancy.","Yes, magnesium is generally considered safe during pregnancy",AIO,is magnesium safe in pregnancy?,138,positive,Postive
1435,can you take magnesium in pregnancy?,pregnancy,Binary Question,"Yes, it's generally safe and even beneficial to take magnesium during pregnancy , as it's crucial for both the mother and baby's health, but it's important to discuss supplementation with a healthcare provider to determine the right dosage. Here's a more detailed explanation: Why Magnesium is Important During Pregnancy: Magnesium plays a vital role in various bodily functions, including nerve and muscle function, maintaining normal blood pressure, and supporting the baby's bone and tooth development.","Yes, it's generally safe and even beneficial to take magnesium during pregnancy",AIO,can you take magnesium in pregnancy?,138,neutral,Postive
1489,is magnesium unsafe in pregnancy?,pregnancy,Binary Question,"Yes, magnesium is generally considered safe during pregnancy , and in fact, it's an essential nutrient that may help reduce the risk of complications like preeclampsia and preterm labor, but it's crucial to discuss supplementation with a healthcare provider to determine the appropriate dosage. Here's a more detailed explanation: Importance of Magnesium During Pregnancy: Magnesium plays a crucial role in various bodily functions, including nerve and muscle function, blood sugar control, and bone health, which are all important during pregnancy.","Yes, magnesium is generally considered safe during pregnancy",AIO,is magnesium unsafe in pregnancy?,138,negative,Postive
1382,is melatonin safe during pregnancy?,pregnancy,Binary Question,"The safety of melatonin during pregnancy is still being studied . While there is no definitive evidence to suggest that melatonin is harmful, there is also limited data on its benefits or risks. Here are some key points to consider: Natural Melatonin: The body naturally produces melatonin, and levels increase during pregnancy. This suggests that some amount of melatonin may be safe.",The safety of melatonin during pregnancy is still being studied,AIO,is melatonin safe during pregnancy?,139,positive,Neutral 
1436,can you take melatonin during pregnancy?,pregnancy,Binary Question,"While melatonin is a natural hormone that regulates sleep, there's insufficient research to definitively determine its safety during pregnancy, and experts recommend avoiding melatonin supplements during pregnancy and breastfeeding , and to consult with a doctor before taking any supplements. Here's a more detailed explanation: Lack of Research:",experts recommend avoiding melatonin supplements during pregnancy and breastfeeding,AIO,can you take melatonin during pregnancy?,139,neutral,Neutral 
1490,is melatonin unsafe during pregnancy?,pregnancy,Binary Question,"While melatonin is generally considered safe for short-term use, there isn't enough research to definitively say if it's safe for pregnant women . Some experts recommend avoiding it during pregnancy due to the potential for unknown risks, especially in the first trimester. Other research suggests it may even be beneficial for some pregnancy-related conditions, such as reducing oxidative stress or improving fertilization rates. Ultimately, it's best to consult with a doctor before taking melatonin during pregnancy, according to Drugs.com .",there isn't enough research to definitively say if it's safe for pregnant women,AIO,is melatonin unsafe during pregnancy?,139,negative,Neutral 
1385,is peppermint oil safe for pregnant women?,pregnancy,Binary Question,"While peppermint oil can offer some benefits like easing nausea, it's generally not recommended for pregnant women due to limited research on its safety during pregnancy, and the potential for uterine contractions . Always consult with your doctor before using any essential oils during pregnancy. Here's a more detailed explanation: Safety Concerns:","it's generally not recommended for pregnant women due to limited research on its safety during pregnancy, and the potential for uterine contractions",AIO,is peppermint oil safe for pregnant women?,142,positive,Neutral 
1439,can pregnant women use peppermint oil?,pregnancy,Binary Question,"While peppermint oil can offer potential benefits like easing nausea or relieving muscle aches, it's generally recommended to avoid using it during pregnancy unless specifically advised by your healthcare provider due to limited research on its safety during this period . Here's a more detailed explanation: Limited Research: There's a lack of comprehensive studies on the safety of essential oils, including peppermint oil, during pregnancy.",it's generally recommended to avoid using it during pregnancy unless specifically advised by your healthcare provider due to limited research on its safety during this period,AIO,can pregnant women use peppermint oil?,142,neutral,Neutral 
1493,is peppermint oil unsafe for pregnant women?,pregnancy,Binary Question,"While generally considered safe when used cautiously and as directed, peppermint oil's use during pregnancy should be approached with awareness and caution . While it can be helpful for certain conditions like nausea, headaches, and muscle aches, there's limited research specifically addressing its safety for pregnant individuals and their babies. Here's a more detailed breakdown: Potential Benefits:","generally considered safe when used cautiously and as directed, peppermint oil's use during pregnancy should be approached with awareness and caution",AIO,is peppermint oil unsafe for pregnant women?,142,negative,Neutral 
1386,is peppermint tea safe during pregnancy?,pregnancy,Binary Question,"Yes, peppermint tea is generally considered safe to drink in moderation during pregnancy , especially for nausea and upset stomach , but it's always best to consult with your healthcare provider for personalized advice. Here's a more detailed explanation: Safety: Peppermint tea is often used as a natural remedy for common pregnancy ailments like nausea, upset stomach, and heartburn.","Yes, peppermint tea is generally considered safe to drink in moderation during pregnancy",AIO,is peppermint tea safe during pregnancy?,143,positive,Postive
1440,can you drink peppermint tea during pregnancy?,pregnancy,Binary Question,"Yes, peppermint tea is generally considered safe to drink during pregnancy in moderation . Benefits: May help alleviate nausea and morning sickness, Can soothe an upset stomach, and May promote relaxation.","Yes, peppermint tea is generally considered safe to drink during pregnancy in moderation",AIO,can you drink peppermint tea during pregnancy?,143,neutral,Postive
1494,is peppermint tea unsafe during pregnancy?,pregnancy,Binary Question,"Yes, peppermint tea is generally considered safe to drink in moderation during pregnancy , especially for nausea and upset stomach , but it's always best to consult with your healthcare provider for personalized advice. Here's a more detailed explanation: Safety: Peppermint tea is often used as a natural remedy for common pregnancy ailments like nausea, upset stomach, and heartburn.","Yes, peppermint tea is generally considered safe to drink in moderation during pregnancy",AIO,is peppermint tea unsafe during pregnancy?,143,negative,Postive
1387,is pineapple good for pregnant women?,pregnancy,Binary Question,"Yes, pineapple is generally considered safe and even beneficial to eat during pregnancy , offering nutrients like vitamin C and folate, but it's important to consume it in moderation. Here's a more detailed look at pineapple and pregnancy: Nutritional Benefits: Pineapples are a good source of vitamin C , which supports the immune system and helps with iron absorption, and also contain folate , crucial for a baby's development, especially the spine.","Yes, pineapple is generally considered safe and even beneficial to eat during pregnancy",AIO,is pineapple good for pregnant women?,144,positive,Postive
1441,does pineapple affect pregnant women?,pregnancy,Binary Question,"Pineapple is generally considered safe to eat during pregnancy, and there's no scientific evidence to support claims that it can induce labor or cause miscarriages . In fact, it's a good source of nutrients like vitamin C and folate. Here's a more detailed explanation: No Evidence of Harm: There's no scientific basis to suggest that eating pineapple in normal amounts will harm a pregnant woman or her baby.","Pineapple is generally considered safe to eat during pregnancy, and there's no scientific evidence to support claims that it can induce labor or cause miscarriages",AIO,does pineapple affect pregnant women?,144,neutral,Postive
1495,is pineapple bad for pregnant women?,pregnancy,Binary Question,"Pineapple is generally safe to eat during pregnancy , and there's no scientific evidence to suggest it induces labor or harms the baby when consumed in moderation. However, overconsumption can cause digestive issues like heartburn or diarrhea, and some individuals may experience allergic reactions. Here's a more detailed explanation: Safety: Consuming pineapple in moderation is considered safe during pregnancy.",Pineapple is generally safe to eat during pregnancy,AIO,is pineapple bad for pregnant women?,144,negative,Neutral 
1388,is promethazine safe in pregnancy?,pregnancy,Binary Question,"While promethazine ( Phenergan ) can be used during pregnancy to treat nausea and vomiting, it's crucial to discuss the potential risks and benefits with your healthcare provider, as it's generally considered safe but can have side effects, including drowsiness, and may require neonatal monitoring if taken close to delivery . Here's a more detailed explanation: Use in Pregnancy: Promethazine is sometimes used to manage nausea and vomiting during pregnancy, especially when other treatments are ineffective.","it's generally considered safe but can have side effects, including drowsiness, and may require neonatal monitoring if taken close to delivery",AIO,is promethazine safe in pregnancy?,145,positive,Neutral 
1442,can you take promethazine in pregnancy?,pregnancy,Binary Question,"While promethazine can be used for conditions like nausea and vomiting during pregnancy, it's crucial to discuss its use with your doctor as it's classified as a Category C pregnancy drug, meaning there's a potential risk to the fetus , and the benefits of using it need to be weighed against the risks. Here's a more detailed explanation: Pregnancy Considerations:","promethazine can be used for conditions like nausea and vomiting during pregnancy, it's crucial to discuss its use with your doctor as it's classified as a Category C pregnancy drug, meaning there's a potential risk to the fetus",AIO,can you take promethazine in pregnancy?,145,neutral,Neutral 
1496,is promethazine unsafe in pregnancy?,pregnancy,Binary Question,"While promethazine ( Phenergan ) can be used during pregnancy to treat nausea and vomiting, it's crucial to discuss the potential risks and benefits with your healthcare provider, as it's generally considered safe but can have side effects, including drowsiness, and may require neonatal monitoring if taken close to delivery . Here's a more detailed explanation: Use in Pregnancy: Promethazine is sometimes used to manage nausea and vomiting during pregnancy, especially when other treatments are ineffective.","it's generally considered safe but can have side effects, including drowsiness, and may require neonatal monitoring if taken close to delivery",AIO,is promethazine unsafe in pregnancy?,145,negative,Neutral 
1389,is ranitidine safe during pregnancy?,pregnancy,Binary Question,"Due to the discovery of a potential carcinogen, ranitidine (the active ingredient in Zantac) is not recommended for pregnant women and has been withdrawn from the market, with the FDA advising against its use and recommending alternatives. Here's a more detailed explanation: Zantac (Ranitidine) Recall: The FDA found low levels of NDMA (a probable carcinogen) in samples of ranitidine, leading to a recall and the recommendation to stop taking the medication.",not recommended for pregnant women,AIO,is ranitidine safe during pregnancy?,146,positive,Negative
1443,can you take ranitidine during pregnancy?,pregnancy,Binary Question,"While ranitidine (Zantac) was previously considered generally safe for use during pregnancy, the FDA recommended discontinuing all forms of ranitidine due to the presence of a potential carcinogen, NDMA . Pregnant women experiencing heartburn or acid reflux should consult their doctor about alternative medications and treatment options. Here's a more detailed explanation:","the FDA recommended discontinuing all forms of ranitidine due to the presence of a potential carcinogen, NDMA",AIO,can you take ranitidine during pregnancy?,146,neutral,Negative
1497,is ranitidine unsafe during pregnancy?,pregnancy,Binary Question,"Due to the discovery of a potential carcinogen, ranitidine (the active ingredient in Zantac) is not recommended for pregnant women and has been withdrawn from the market, with the FDA advising against its use and recommending alternatives. Here's a more detailed explanation: Zantac (Ranitidine) Recall: The FDA found low levels of NDMA (a probable carcinogen) in samples of ranitidine, leading to a recall and the recommendation to stop taking the medication.",not recommended for pregnant women,AIO,is ranitidine unsafe during pregnancy?,146,negative,Negative
1390,is robitussin dm safe in pregnancy?,pregnancy,Binary Question,"Yes, Robitussin DM is generally considered safe for use during pregnancy . Robitussin DM contains two active ingredients: Guaifenesin: An expectorant that helps thin and loosen mucus. Dextromethorphan: A cough suppressant. Both ingredients have been extensively studied and are considered safe for pregnant women.","Yes, Robitussin DM is generally considered safe for use during pregnancy",AIO,is robitussin dm safe in pregnancy?,147,positive,Postive
1444,can you take robitussin dm in pregnancy?,pregnancy,Binary Question,"Yes, Robitussin DM, containing dextromethorphan and guaifenesin, is generally considered safe to take during pregnancy , but it's always best to consult with your healthcare provider before taking any medication. Here's a more detailed explanation: Ingredients: Robitussin DM contains dextromethorphan (a cough suppressant) and guaifenesin (an expectorant that helps thin mucus).","Yes, Robitussin DM, containing dextromethorphan and guaifenesin, is generally considered safe to take during pregnancy",AIO,can you take robitussin dm in pregnancy?,147,neutral,Postive
1498,is robitussin dm unsafe in pregnancy?,pregnancy,Binary Question,"Yes, Robitussin DM is generally considered safe for use during pregnancy . Robitussin DM contains two active ingredients: Guaifenesin: An expectorant that helps thin and loosen mucus. Dextromethorphan: A cough suppressant. Both ingredients have been extensively studied and are considered safe for pregnant women.","Yes, Robitussin DM is generally considered safe for use during pregnancy",AIO,is robitussin dm unsafe in pregnancy?,147,negative,Postive
1391,is sertraline safe in pregnancy?,pregnancy,Binary Question,"Sertraline, an antidepressant medication, is generally considered safe to use during pregnancy . Safety Data: Studies have shown that sertraline does not increase the risk of major birth defects when taken during pregnancy. A small increase in the risk of premature birth has been observed, but this is usually less than 1%.",generally considered safe to use during pregnancy,AIO,is sertraline safe in pregnancy?,148,positive,Postive
1445,can you take sertraline in pregnancy?,pregnancy,Binary Question,"While sertraline (Zoloft) can be used during pregnancy , it's crucial to discuss the potential risks and benefits with your doctor, as some studies suggest a slight increase in certain birth defects, while others show no significant harm. Here's a more detailed breakdown: Potential Risks:",sertraline (Zoloft) can be used during pregnancy,AIO,can you take sertraline in pregnancy?,148,neutral,Neutral 
1499,is sertraline unsafe in pregnancy?,pregnancy,Binary Question,"Sertraline, an antidepressant medication, is generally considered safe to use during pregnancy . Safety Data: Studies have shown that sertraline does not increase the risk of major birth defects when taken during pregnancy. A small increase in the risk of premature birth has been observed, but this is usually less than 1%.",generally considered safe to use during pregnancy,AIO,is sertraline unsafe in pregnancy?,148,negative,Postive
1500,is shingles safe for pregnant women?,pregnancy,Binary Question,"While shingles during pregnancy is generally not dangerous to the baby , it's important to take precautions to prevent chickenpox (which is caused by the same virus) in the newborn. Here's a more detailed explanation: Shingles and Chickenpox are caused by the same virus: The varicella-zoster virus (VZV) causes both chickenpox and shingles.",shingles during pregnancy is generally not dangerous to the baby,AIO,is shingles safe for pregnant women?,149,positive,Neutral 
1446,can shingles affect pregnant women?,pregnancy,Binary Question,"Yes, shingles can affect pregnancy . Effects on the Mother: Shingles can cause severe pain, discomfort, and fever. It can lead to complications such as postherpetic neuralgia (persistent pain after the rash heals). Pregnant women with shingles are at an increased risk for bacterial infections.","Yes, shingles can affect pregnancy",AIO,can shingles affect pregnant women?,149,neutral,Negative
1392,is shingles dangerous for pregnant women?,pregnancy,Binary Question,"While shingles in pregnancy is rare and usually doesn't pose a significant risk to the baby , it's important to seek medical advice and take precautions to prevent transmission of the virus. Here's a more detailed explanation: Shingles and Pregnancy: Shingles is caused by the reactivation of the varicella-zoster virus (VZV), the same virus that causes chickenpox.",shingles in pregnancy is rare and usually doesn't pose a significant risk to the baby,AIO,is shingles dangerous for pregnant women?,149,negative,Neutral 
1393,is shrimp safe during pregnancy?,pregnancy,Binary Question,"Yes, shrimp is generally safe for pregnant women to consume in moderation . Safety Considerations: Mercury levels: Shrimp is low in mercury, a harmful metal that can accumulate in the fetus. Listeria:","Yes, shrimp is generally safe for pregnant women to consume in moderation",AIO,is shrimp safe during pregnancy?,150,positive,Postive
1447,can you eat shrimp during pregnancy?,pregnancy,Binary Question,"Yes, pregnant women can safely eat shrimp in moderation . Shrimp is a low-mercury seafood, which is important for pregnant women to avoid. It is also a good source of protein, omega-3 fatty acids, and other nutrients that are beneficial during pregnancy. When consuming shrimp during pregnancy, it is important to: Cook it thoroughly:","Yes, pregnant women can safely eat shrimp in moderation",AIO,can you eat shrimp during pregnancy?,150,neutral,Postive
1501,is shrimp unsafe during pregnancy?,pregnancy,Binary Question,"Yes, shrimp is generally safe for pregnant women to consume in moderation . Safety Considerations: Mercury levels: Shrimp is low in mercury, a harmful metal that can accumulate in the fetus. Listeria:","Yes, shrimp is generally safe for pregnant women to consume in moderation",AIO,is shrimp unsafe during pregnancy?,150,negative,Postive
1394,is spotting normal during pregnancy?,pregnancy,Binary Question,"Yes, spotting can be normal during pregnancy, especially in the first trimester . Causes of Spotting during Pregnancy: Implantation bleeding: Occurs when the fertilized egg implants in the uterine lining. Hormonal changes: Pregnancy hormones can cause increased blood flow to the cervix, leading to spotting.","Yes, spotting can be normal during pregnancy, especially in the first trimester",AIO,is spotting normal during pregnancy?,151,positive,Neutral 
1448,does spotting occur during pregnancy?,pregnancy,Binary Question,"Yes, spotting or light bleeding can occur during pregnancy, especially in the first trimester , and it's often due to implantation bleeding or other normal pregnancy-related changes, but it's always best to contact your healthcare provider for evaluation. Here's a more detailed explanation: Implantation Bleeding : When a fertilized egg implants in the uterine lining, it can cause a small amount of bleeding or spotting, often mistaken for a period.","Yes, spotting or light bleeding can occur during pregnancy, especially in the first trimester",AIO,does spotting occur during pregnancy?,151,neutral,Neutral 
1502,is spotting abnormal during pregnancy?,pregnancy,Binary Question,"While some light spotting is common in early pregnancy, particularly during implantation , it's generally recommended to contact your healthcare provider for any vaginal bleeding during pregnancy . This is because spotting can also be a sign of more serious conditions like ectopic pregnancy or miscarriage . Elaboration: Common Causes:",it's generally recommended to contact your healthcare provider for any vaginal bleeding during pregnancy,AIO,is spotting abnormal during pregnancy?,151,negative,Neutral 
1395,is sudafed safe during pregnancy?,pregnancy,Binary Question,"While some studies suggest potential risks, particularly in the first trimester, pseudoephedrine (the active ingredient in Sudafed) is generally considered safe for short-term use in the second and third trimesters for pregnant women without high blood pressure , but it's crucial to discuss its use with a healthcare provider. Here's a more detailed explanation: First Trimester:",generally considered safe for short-term use in the second and third trimesters for pregnant women without high blood pressure,AIO,is sudafed safe during pregnancy?,152,positive,Neutral 
1449,can you take sudafed during pregnancy?,pregnancy,Binary Question,"No, it is generally not recommended to take Sudafed (pseudoephedrine) during pregnancy . Reasons for Avoiding Sudafed During Pregnancy: Increased risk of birth defects: Studies have shown that taking pseudoephedrine during pregnancy may increase the risk of certain birth defects, especially in the first trimester.","No, it is generally not recommended to take Sudafed (pseudoephedrine) during pregnancy",AIO,can you take sudafed during pregnancy?,152,neutral,Negative
1503,is sudafed unsafe during pregnancy?,pregnancy,Binary Question,"While some studies suggest potential risks, particularly in the first trimester, pseudoephedrine (the active ingredient in Sudafed) is generally considered safe for short-term use in the second and third trimesters for pregnant women without high blood pressure , but it's crucial to discuss its use with a healthcare provider. Here's a more detailed explanation: First Trimester:",generally considered safe for short-term use in the second and third trimesters for pregnant women without high blood pressure,AIO,is sudafed unsafe during pregnancy?,152,negative,Neutral 
1397,is tuna safe during pregnancy?,pregnancy,Binary Question,"While tuna can be a good source of nutrients, pregnant women should limit their consumption due to mercury levels, which can be harmful to a developing baby's nervous system . Focus on canned light tuna or skipjack tuna, and avoid albacore or white tuna. Here's a more detailed breakdown: Mercury Levels: Tuna, especially larger varieties like albacore (white tuna), can contain higher levels of mercury, a heavy metal that can be harmful to a developing fetus's brain and nervous system.","pregnant women should limit their consumption due to mercury levels, which can be harmful to a developing baby's nervous system",AIO,is tuna safe during pregnancy?,154,positive,Neutral 
1451,can you eat tuna during pregnancy?,pregnancy,Binary Question,"Yes, you can eat tuna during pregnancy , but it's important to choose low-mercury varieties and limit consumption to 8-12 ounces of seafood per week, including tuna. Here's a more detailed explanation: Why tuna is beneficial: Tuna is a good source of protein, omega-3 fatty acids ( EPA and DHA ) , and other nutrients that are important for fetal brain and eye development.","Yes, you can eat tuna during pregnancy",AIO,can you eat tuna during pregnancy?,154,neutral,Postive
1505,is tuna unsafe during pregnancy?,pregnancy,Binary Question,"While tuna can be part of a healthy pregnancy diet, it's crucial to be mindful of mercury levels, especially in larger, predatory fish like albacore and bigeye tuna . The FDA and EPA recommend that pregnant women limit their consumption to 6 ounces per week for albacore and 12 ounces per week for canned light tuna (skipjack). It's also recommended to avoid bigeye tuna entirely. Here's a more detailed breakdown:","tuna can be part of a healthy pregnancy diet, it's crucial to be mindful of mercury levels, especially in larger, predatory fish like albacore and bigeye tuna",AIO,is tuna unsafe during pregnancy?,154,negative,Neutral 
1399,is wellbutrin safe during pregnancy?,pregnancy,Binary Question,"While Wellbutrin (bupropion) is a common antidepressant, its safety during pregnancy is complex and requires careful consideration with a doctor, as some studies suggest a possible link between its use and a small increased risk of heart defects, though overall birth defects are not increased . Here's a more detailed explanation: Limited Data & Ongoing Research: Bupropion (Wellbutrin) is a medication used to treat depression and seasonal affective disorder.","its safety during pregnancy is complex and requires careful consideration with a doctor, as some studies suggest a possible link between its use and a small increased risk of heart defects, though overall birth defects are not increased",AIO,is wellbutrin safe during pregnancy?,156,positive,Neutral 
1453,can you take wellbutrin during pregnancy?,pregnancy,Binary Question,"While Wellbutrin (bupropion) is sometimes used for depression and other conditions, it's not recommended during pregnancy and can be linked to a small increased risk of heart defects, although the absolute risk is low. It's also important to discuss the risks and benefits with a doctor before taking it during pregnancy or breastfeeding. Here's a more detailed explanation: Limited Data and Potential Risks:",it's not recommended during pregnancy,AIO,can you take wellbutrin during pregnancy?,156,neutral,Neutral 
1507,is wellbutrin unsafe during pregnancy?,pregnancy,Binary Question,"While Wellbutrin (bupropion) is a common antidepressant, its safety during pregnancy is complex and requires careful consideration with a doctor, as some studies suggest a possible link between its use and a small increased risk of heart defects, though overall birth defects are not increased . Here's a more detailed explanation: Limited Data & Ongoing Research: Bupropion (Wellbutrin) is a medication used to treat depression and seasonal affective disorder.","its safety during pregnancy is complex and requires careful consideration with a doctor, as some studies suggest a possible link between its use and a small increased risk of heart defects, though overall birth defects are not increased",AIO,is wellbutrin unsafe during pregnancy?,156,negative,Neutral 
1400,is zofran safe during pregnancy?,pregnancy,Binary Question,"Zofran (ondansetron) is a medication used to treat nausea and vomiting. While it is generally considered safe for use during pregnancy, there are some potential risks to consider . Safety Data: Studies have shown that Zofran is not associated with an increased risk of miscarriage, preterm birth, or low birth weight.","it is generally considered safe for use during pregnancy, there are some potential risks to consider",AIO,is zofran safe during pregnancy?,157,positive,Neutral 
1454,can you take zofran during pregnancy?,pregnancy,Binary Question,"Zofran (ondansetron) is a medication used to treat nausea and vomiting. While it is generally considered safe to take during pregnancy, there are some potential risks to consider . Potential Risks: Increased risk of birth defects: Some studies have suggested a small increase in the risk of heart defects and cleft palate in babies born to mothers who take Zofran during the first trimester of pregnancy.","it is generally considered safe to take during pregnancy, there are some potential risks to consider",AIO,can you take zofran during pregnancy?,157,neutral,Neutral 
1508,is zofran unsafe during pregnancy?,pregnancy,Binary Question,"Zofran (ondansetron) is a medication used to treat nausea and vomiting. While it is generally considered safe for use during pregnancy, there are some potential risks to consider . Safety Data: Studies have shown that Zofran is not associated with an increased risk of miscarriage, preterm birth, or low birth weight.","it is generally considered safe for use during pregnancy, there are some potential risks to consider",AIO,is zofran unsafe during pregnancy?,157,negative,Neutral 