new_index,question,topic,question_type,Query_type,AIO_span_type,AIO_answer,FS_answer,answer_type,label_assigned
6,can babies eat salmon?,babycare,Binary Question,Sampled_Original,,"Yes, babies can eat salmon","Salmon may be introduced as soon as baby is ready to start solids, which is generally around 6 months of age",Highlighted_answer,Other Problematic Mismatch
6,can babies eat salmon?,babycare,Binary Question,Sampled_Original,,"Yes, babies can eat salmon , especially wild-caught salmon , which is a good source of omega-3 fatty acids , but it's important to introduce it properly and ensure it's cooked thoroughly and free of bones. Here's a more detailed explanation: When to introduce salmon: You can introduce salmon to babies around 6 months old, when they are starting to eat solid foods.","Salmon may be introduced as soon as baby is ready to start solids, which is generally around 6 months of age. Compared with other fish, salmon tends to be low in mercury. Salmon are a family of fish closely related to char and trout that live in fresh and salt waters throughout the northern hemisphere.",Whole_answer,Consistent
7,can babies eat strawberries?,babycare,Binary Question,Sampled_Original,,"Yes, babies can eat strawberries, but with some precautions",around 6 months when they begin eating solids,Highlighted_answer,Consistent
7,can babies eat strawberries?,babycare,Binary Question,Sampled_Original,,"Yes, babies can eat strawberries, but with some precautions . Age: Introduce strawberries around 6 months of age when babies start eating solids. Preparation:","Yes, babies can have strawberries around 6 months when they begin eating solids. Choose bright red berries with the green caps still intact. Make sure to rinse well and check for mold before serving.",Whole_answer,Consistent
9,can babies eat yogurt?,babycare,Binary Question,Sampled_Original,,"Yes, babies can eat yogurt","Yogurt can be introduced as soon as baby is ready to start solids, which is generally around 6 months of age",Highlighted_answer,Other Problematic Mismatch
9,can babies eat yogurt?,babycare,Binary Question,Sampled_Original,,"Yes, babies can eat yogurt . Recommended Age: Most babies can start eating yogurt when they begin introducing solid foods, typically around 6 months of age. Benefits:","Yogurt can be introduced as soon as baby is ready to start solids, which is generally around 6 months of age. Heard babies cant have dairy? Dairy in the form of a solid food like yogurt is okay to introduce before 12 months, though babies should not be given cows milk as a drink until closer to 12 months of age.",Whole_answer,Consistent
12,can baby sleep with pacifier?,babycare,Binary Question,Sampled_Original,,"Yes, it is generally safe for babies to sleep with a pacifier",a newborn baby can start sleeping with a pacifier in certain situations,Highlighted_answer,Other Problematic Mismatch
12,can baby sleep with pacifier?,babycare,Binary Question,Sampled_Original,,"Yes, it is generally safe for babies to sleep with a pacifier . Benefits: Soothing: Sucking on a pacifier can soothe and comfort babies, promoting sleep. Reduced risk of SIDS: Studies have shown that pacifier use during sleep may reduce the risk of Sudden Infant Death Syndrome (SIDS).","The answer is that a newborn baby can start sleeping with a pacifier in certain situations. While bottle-fed babies can sleep with a pacifier from birth, breastfed infants should only sleep with a pacifier once they are at least 3 to 4 weeks old and have settled into a breastfeeding routine with no latching issues.",Whole_answer,Other Problematic Mismatch
14,can you use vicks on babies?,babycare,Binary Question,Sampled_Original,,"No, Vicks VapoRub should not be used on babies under the age of 2",it is not safe to use the product on children under 2 years of age,Highlighted_answer,Consistent
14,can you use vicks on babies?,babycare,Binary Question,Sampled_Original,,"No, Vicks VapoRub should not be used on babies under the age of 2 . Vicks VapoRub contains camphor, eucalyptus oil, and menthol, which can be irritating and harmful to babies' respiratory systems. It can also cause allergic reactions, seizures, and even death in extreme cases. For babies, there are safe and effective alternatives to Vicks VapoRub for relieving congestion and coughs, such as:","Other research indicates that ingesting camphor can even be life-threatening to toddlers. For this reason, most doctors warn that it is not safe to use the product on children under 2 years of age. Vicks offers a safer alternative called Vicks BabyRub for babies and children under 2 years but older than 3 months.",Whole_answer,Consistent
17,do babies sweat?,babycare,Binary Question,Sampled_Original,,"Yes, babies can sweat","babies can sweat, but not as much as adults",Highlighted_answer,Consistent
17,do babies sweat?,babycare,Binary Question,Sampled_Original,,"Yes, babies can sweat . Sweating is a normal physiological response that helps regulate body temperature. Babies have sweat glands that become active as they grow and develop. However, babies' sweat glands are not as efficient as adults', so they may sweat more easily, especially in warm or humid environments. They may also sweat more during activities such as crying, feeding, or playing.","Apocrine glands are not activated until the hormonal changes of puberty. So babies can sweat, but not as much as adults. This matters—especially when it comes to heat—because the main purpose of sweat is to control body temperature and cool it down.",Whole_answer,Binary Contradiction
23,should babies wear shoes?,babycare,Binary Question,Sampled_Original,,Babies don't need shoes until they start walking,Your baby does not need shoes until they start walking,Highlighted_answer,Consistent
23,should babies wear shoes?,babycare,Binary Question,Sampled_Original,,"Babies don't need shoes until they start walking , and even then, prioritize barefoot time and flexible, lightweight shoes that mimic natural foot movement. Here's a more detailed explanation: Barefoot is best for development: Babies benefit from walking barefoot, as it strengthens their foot and ankle muscles, promotes proper arch development, and encourages natural gait patterns.","The short answer is no. Your baby does not need shoes until they start walking, according to the American Academy of Pediatrics. The only thing younger babies need on their feet are socks to keep them warm. Think about it like this: The purpose of shoes (other than to look cute, of course), is to protect the feet.",Whole_answer,Consistent
26,are babies born with kneecaps?,babycare,Binary Question,Sampled_Original,,"Yes, babies are born with kneecaps",Babies are in fact born without any kneecaps,Highlighted_answer,Binary Contradiction
26,are babies born with kneecaps?,babycare,Binary Question,Sampled_Original,,"Yes, babies are born with kneecaps . However, these kneecaps are initially made of cartilage, a soft and flexible material. As the baby grows, the cartilage gradually turns into bone, forming the permanent kneecap. This process typically occurs between the ages of 2 and 6.","Babies are in fact born without any kneecaps – they have a structure made of cartilage that resembles a kneecap, but they dont fully develop until around 6 months of age. Most people assume that babies born in January will be the heaviest because of all the feasting over Christmas and New Year.",Whole_answer,Binary Contradiction
27,are babies born with teeth?,babycare,Binary Question,Sampled_Original,,"No, babies are typically not born with teeth",Natal teeth are teeth that are present when a baby is born,Highlighted_answer,Binary Contradiction
27,are babies born with teeth?,babycare,Binary Question,Sampled_Original,,"No, babies are typically not born with teeth . The first baby teeth usually erupt around 6 months of age. However, in rare cases, babies may be born with one or more teeth, known as natal teeth. This is a rare condition that occurs in about 1 in 2,000 to 3,000 births.",Natal teeth are teeth that are present when a baby is born. They are not common. They are not the same as neonatal teeth that erupt in the childs mouth during the first month of life. Natal teeth are often not fully developed and may have a weak root.,Whole_answer,Consistent
30,are molars baby teeth?,babycare,Binary Question,Sampled_Original,,"Yes, molars are considered baby teeth","first molars, canines and second molars",Highlighted_answer,Other Problematic Mismatch
30,are molars baby teeth?,babycare,Binary Question,Sampled_Original,,"Yes, molars are considered baby teeth , also known as primary or deciduous teeth. They are the first set of molars that children develop, typically between the ages of 12 and 30 months.","Baby teeth typically fall out in the order they came in — the two bottom front teeth (lower central incisors) first, followed by the two top front teeth (upper central incisors), then the lateral incisors, first molars, canines and second molars.",Whole_answer,Other Problematic Mismatch
38,can a baby survive at 20 weeks?,babycare,Binary Question,Sampled_Original,surpressed_AIO,"yes, there have been cases of babies born at 20 weeks surviving, though they are extremely rare",infants that are born very early are not considered to be viable until after 24 weeks gestation,Highlighted_answer,Binary Contradiction
38,can a baby survive at 20 weeks?,babycare,Binary Question,Sampled_Original,surpressed_AIO,"While babies born at 20 weeks face a very low chance of survival, yes, there have been cases of babies born at 20 weeks surviving, though they are extremely rare . Here's a more detailed explanation: Viability : Infants born before 24 weeks gestation are generally not considered viable, meaning their chance of survival is low, often less than 50%. Survival Rates: Before 23 weeks, survival rates remain very low, even with interventions. At 23 weeks, the rate increases, but still remains low.","In general, infants that are born very early are not considered to be viable until after 24 weeks gestation. This means that if you give birth to an infant before they are 24 weeks old, their chance of surviving is usually less than 50 percent. Some infants are born before 24 weeks gestation and do survive.",Whole_answer,Consistent
43,can a man have a baby?,babycare,Binary Question,Sampled_Original,surpressed_AIO,"Couvade syndrome, or sympathetic pregnancy","Mammalian males, including humans, do not possess a uterus to gestate offspring",Highlighted_answer,Other Problematic Mismatch
43,can a man have a baby?,babycare,Binary Question,Sampled_Original,surpressed_AIO,"While a cisgender man cannot become pregnant, the phenomenon of a man experiencing pregnancy-like symptoms during his partner's pregnancy is called Couvade syndrome, or sympathetic pregnancy . Here's a more detailed explanation: Couvade Syndrome : This is a condition where an expectant father experiences some of the same symptoms and behaviors as his pregnant partner, such as nausea, weight gain, mood swings, and bloating. Sympathetic Pregnancy : This is another term used to describe the same phenomenon.","Mammalian males, including humans, do not possess a uterus to gestate offspring.",Whole_answer,Other Problematic Mismatch
44,can a man carry a baby?,babycare,Binary Question,Sampled_Original,surpressed_AIO,"Yes, transgender men who retain their uterus have given birth",A person who was born with male reproductive organs and is living as a man cannot get pregnant,Highlighted_answer,Other Problematic Mismatch
44,can a man carry a baby?,babycare,Binary Question,Sampled_Original,surpressed_AIO,"Yes, transgender men who retain their uterus have given birth , with cases like Thomas Beatie and Trystan Reese gaining media attention. Here's a more detailed explanation: Transgender Men and Pregnancy: While cisgender men do not have the reproductive organs necessary for pregnancy, transgender men who have not undergone full gender-affirming surgery and still retain their uterus can become pregnant and give birth. Notable Cases: Thomas Beatie: Became known as ""the pregnant man"" after becoming pregnant through artificial insemination in 2007. He had gender-affirming surgery in 2002 and kept his uterus.","A person who was born with male reproductive organs and is living as a man cannot get pregnant. However, some transgender men and nonbinary people can become pregnant. In most cases, including cis-men who have sex with men, male pregnancy is not possible.",Whole_answer,Consistent
54,can blue eyed parents have brown eyed baby?,babycare,Binary Question,Sampled_Original,,"Yes, it's possible for blue-eyed parents to have a brown-eyed child",It is possible for two blue-eyed parents to have a brown-eyed child,Highlighted_answer,Consistent
54,can blue eyed parents have brown eyed baby?,babycare,Binary Question,Sampled_Original,,"Yes, it's possible for blue-eyed parents to have a brown-eyed child , as eye color is determined by multiple genes, not just one, and parents can carry genes for brown eyes even if they have blue eyes themselves. Here's a more detailed explanation: Eye color is complex: Eye color is not determined by a single gene, but rather by a complex interplay of multiple genes and their interactions.","It is possible for two blue-eyed parents to have a brown-eyed child. Blue eye color is recessive while brown eye color is dominant. So, if the gene for brown eye color is present in the parents DNA, then their child could have brown eyes.",Whole_answer,Consistent
55,can i use aquaphor on baby face?,babycare,Binary Question,Sampled_Original,,"Yes, Aquaphor Baby Healing Ointment is generally safe for use on a baby's face",can be used for many of your babys skin needs,Highlighted_answer,Consistent
55,can i use aquaphor on baby face?,babycare,Binary Question,Sampled_Original,,"Yes, Aquaphor Baby Healing Ointment is generally safe for use on a baby's face . Aquaphor is a fragrance-free, hypoallergenic ointment that contains petrolatum, which helps to protect and moisturize the skin. It is specifically designed for babies' delicate skin and can be used to treat: Dry, chapped skin","This multi-purpose ointment can be used for many of your babys skin needs, from chapped cheeks to minor scrapes and scratches, to diaper rash, to the dry skin, and many more, so your baby stays happy, healthy, and protected.",Whole_answer,Consistent
58,can two blue eyed people have brown eyed baby?,babycare,Binary Question,Sampled_Original,,"Yes, two people with blue eyes can have a child with brown eyes",It is possible for two blue-eyed parents to have a brown-eyed child,Highlighted_answer,Consistent
58,can two blue eyed people have brown eyed baby?,babycare,Binary Question,Sampled_Original,,"Yes, two people with blue eyes can have a child with brown eyes , because eye color is determined by multiple genes, not just one, and both parents could carry recessive genes for brown eyes, even if they have blue eyes themselves. Here's a more detailed explanation: Eye color is complex: Eye color is determined by multiple genes, not just one, and the interactions between them.","It is possible for two blue-eyed parents to have a brown-eyed child. Blue eye color is recessive while brown eye color is dominant. So, if the gene for brown eye color is present in the parents DNA, then their child could have brown eyes.",Whole_answer,Consistent
60,can you hear baby heartbeat with stethoscope?,babycare,Binary Question,Sampled_Original,,"Yes, it is possible to hear a baby's heartbeat with a stethoscope",It is possible to pick up the fetal heartbeat with a stethoscope after about 18 weeks,Highlighted_answer,Other Problematic Mismatch
60,can you hear baby heartbeat with stethoscope?,babycare,Binary Question,Sampled_Original,,"Yes, it is possible to hear a baby's heartbeat with a stethoscope . Typically, a fetal stethoscope or a special type of medical stethoscope designed for pregnant women is used. The stethoscope is placed on the mother's abdomen, usually near the midline below the belly button. The fetal heartbeat can usually be heard between 18 and 20 weeks of gestation. However, it's important to note that not all pregnant women can hear their baby's heartbeat with a stethoscope.",It is possible to pick up the fetal heartbeat with a stethoscope after about 18 weeks.,Whole_answer,Consistent
65,do babies have knees?,babycare,Binary Question,Sampled_Original,,"Yes, babies have knees",Babies are in fact born without any kneecaps,Highlighted_answer,Binary Contradiction
65,do babies have knees?,babycare,Binary Question,Sampled_Original,,"Yes, babies have knees . However, their knees are different from adults' in a few ways: Cartilage: Babies' kneecaps are made of cartilage, a soft and flexible material. Adults' kneecaps are made of bone. Development: Babies' kneecaps develop gradually over time. The cartilage gradually turns into bone, usually between the ages of 2 and 6.","Babies are in fact born without any kneecaps – they have a structure made of cartilage that resembles a kneecap, but they dont fully develop until around 6 months of age. Most people assume that babies born in January will be the heaviest because of all the feasting over Christmas and New Year.",Whole_answer,Binary Contradiction
69,do babies open their eyes in the womb?,babycare,Binary Question,Sampled_Original,,"Yes, babies can open their eyes in the womb","Your babys eyes first open around 27 weeks of pregnancy, at the end of your second trimester",Highlighted_answer,Other Problematic Mismatch
69,do babies open their eyes in the womb?,babycare,Binary Question,Sampled_Original,,"Yes, babies can open their eyes in the womb . By around 26 weeks of pregnancy, the baby's eyelids begin to develop and open. They can then see light and dark, and may even blink. However, their vision is still blurry and they cannot focus clearly.","Your babys eyes first open around 27 weeks of pregnancy, at the end of your second trimester. By 31 weeks, the pupils can constrict, dilate, and detect light.",Whole_answer,Numeric Mismatch
74,do breech babies have abnormalities?,babycare,Binary Question,Sampled_Original,,they have a slightly elevated risk of certain congenital anomalies compared to babies born head-down,hip dysplasia due to their reduced movement and position in the uterus,Highlighted_answer,Other Problematic Mismatch
74,do breech babies have abnormalities?,babycare,Binary Question,Sampled_Original,,"While most breech babies are born healthy, they have a slightly elevated risk of certain congenital anomalies compared to babies born head-down . These anomalies are not necessarily caused by the breech position itself, but may be more likely to be detected or diagnosed due to the breech presentation. Specific Anomalies: Developmental Dysplasia of the Hip (DDH) : ","In most cases, babies who are born breech do not experience lasting harm. The most common problem associated with breech babies is hip dysplasia due to their reduced movement and position in the uterus.",Whole_answer,Consistent
77,do you have to sterilize baby bottles?,babycare,Binary Question,Sampled_Original,surpressed_AIO,"Yes, it's generally recommended to sterilize baby bottles, especially for babies under 3 months, premature babies, or those with weakened immune systems, to protect against infections","Its important to sterilise all your babys feeding equipment, including bottles and teats, until theyre at least 12 months old",Highlighted_answer,Numeric Mismatch
77,do you have to sterilize baby bottles?,babycare,Binary Question,Sampled_Original,surpressed_AIO,"Yes, it's generally recommended to sterilize baby bottles, especially for babies under 3 months, premature babies, or those with weakened immune systems, to protect against infections , but thorough cleaning is often sufficient for older, healthy babies. Here's a more detailed explanation: Why sterilize? Newborns and infants have underdeveloped immune systems, making them more vulnerable to infections from bacteria, viruses, parasites, and fungi. Germs can thrive in the warm, nutrient-rich environment of leftover milk or formula, so sterilizing provides an extra layer of protection. When to sterilize?","Its important to sterilise all your babys feeding equipment, including bottles and teats, until theyre at least 12 months old. This will protect your baby against infections, in particular diarrhoea and vomiting.",Whole_answer,Numeric Mismatch
81,is an embryo a baby?,babycare,Binary Question,Sampled_Original,surpressed_AIO,"Yes, embryos develop a heartbeat",The embryo is what will develop into your baby,Highlighted_answer,Binary Contradiction
81,is an embryo a baby?,babycare,Binary Question,Sampled_Original,surpressed_AIO,"Yes, embryos develop a heartbeat , which can be detected as early as 5 to 6 weeks after conception, though the heart itself is not fully formed at this stage. Here's a more detailed explanation: Early Development: Around 5-6 weeks of pregnancy, the cells that will form the heart begin to cluster and pulse, initiating cardiac activity . Detection: This early heartbeat, or rather, the fluttering of cells in the embryonic heart tube, can be detected via ultrasound.","The embryo is what will develop into your baby. The outer group of cells will become structures, called membranes, which nourish and protect the embryo.",Whole_answer,Binary Contradiction
82,is baby oil good for dry skin?,babycare,Binary Question,Sampled_Original,,"Yes, baby oil, typically made from mineral oil, can be effective for moisturizing dry skin","Baby oil can certainly be a beneficial addition to your skincare routine, particularly if you have dry skin",Highlighted_answer,Consistent
82,is baby oil good for dry skin?,babycare,Binary Question,Sampled_Original,,"Yes, baby oil, typically made from mineral oil, can be effective for moisturizing dry skin as it acts as an occlusive agent, forming a protective barrier that locks in moisture. It's gentle, non-irritating, and can be used on various body parts. Here's a more detailed explanation: Occlusive Agent :","Baby oil can certainly be a beneficial addition to your skincare routine, particularly if you have dry skin. Its effectiveness lies in its ability to trap moisture and leave skin feeling smooth and hydrated.",Whole_answer,Consistent
86,is baby powder safe?,babycare,Binary Question,Sampled_Original,surpressed_AIO,"due to concerns about potential health risks, including inhalation of particles that can irritate the lungs and possible asbestos contamination, which has been linked to cancer",the American Academy of Pediatrics warns against using any powder on babies,Highlighted_answer,Other Problematic Mismatch
86,is baby powder safe?,babycare,Binary Question,Sampled_Original,surpressed_AIO,"Baby powder, especially talcum powder, is no longer recommended due to concerns about potential health risks, including inhalation of particles that can irritate the lungs and possible asbestos contamination, which has been linked to cancer . Here's a more detailed explanation: Inhalation Risks: Baby powder, even cornstarch-based versions, can be easily inhaled, and the fine particles can irritate a baby's delicate lungs. Inhaled particles can lead to respiratory problems, including coughing, wheezing, and difficulty breathing.","Should you avoid talcum powder? Even though its called baby powder, the American Academy of Pediatrics warns against using any powder on babies, whether talcum-based or not, because inhaling the particles may injure their lungs. Parents may ask a pediatrician about safe alternatives to baby powder.",Whole_answer,Consistent
87,is baby powder safe to use?,babycare,Binary Question,Sampled_Original,surpressed_AIO,"Baby powder, especially talcum powder, is no longer recommended due to concerns about potential health risks, including inhalation of particles that can irritate the lungs and possible asbestos contamination, which has been linked to cancer . Here's a more detailed explanation: Inhalation Risks: Baby powder, even cornstarch-based versions, can be easily inhaled, and the fine particles can irritate a baby's delicate lungs. Inhaled particles can lead to respiratory problems, including coughing, wheezing, and difficulty breathing.","Even though its called baby powder, the American Academy of Pediatrics warns against using any powder on babies, whether talcum-based or not, because inhaling the particles may injure their lungs. Parents may ask a pediatrician about safe alternatives to baby powder.",Whole_answer,Consistent
89,is every baby born with blue eyes?,babycare,Binary Question,Sampled_Original,,"No, not all babies are born with blue eyes","Some babies may be born with blue eyes, but others are born with brown or hazel eyes",Highlighted_answer,Consistent
89,is every baby born with blue eyes?,babycare,Binary Question,Sampled_Original,,"No, not all babies are born with blue eyes . Eye color is determined by melanin, a pigment produced by melanocytes in the eyes. At birth, babies have low levels of melanin, which can make their eyes appear blue or gray.","Some babies may be born with blue eyes, but others are born with brown or hazel eyes. In fact, blue eyes may be a little less common than you think. A 2016 study involving 192 newborns revealed that almost two-thirds of them were born with brown eyes. Only about one in five had blue eyes.",Whole_answer,Consistent
96,are all babies born white?,babycare,Binary Question,Sampled_Original,,"No, not all babies are born with the same skin color","Generally, a baby will have dark red to purple skin when they are born",Highlighted_answer,Consistent
96,are all babies born white?,babycare,Binary Question,Sampled_Original,,"No, not all babies are born with the same skin color , and babies can have a variety of skin tones at birth, which can change over time, influenced by genetics and melanin production. Here's a more detailed explanation: Skin Color at Birth: A baby's skin color is determined by melanin, a pigment that gives skin its color, and this is influenced by genetics.","When a baby is born, they can have a range of skin tones. Generally, a baby will have dark red to purple skin when they are born. Once the baby takes their first breath, their skin color typically changes to red. This red shade usually fades over the first day.",Whole_answer,Consistent
97,can babies see spirits?,babycare,Binary Question,Sampled_Original,,There is no scientific evidence to suggest that babies can see spirits,"if they see a spirit, they might just be intrigued or even unfazed",Highlighted_answer,Binary Contradiction
97,can babies see spirits?,babycare,Binary Question,Sampled_Original,,"There is no scientific evidence to suggest that babies can see spirits . Babies have a developing visual system, and their ability to perceive the world around them is different from adults. They may see things differently or have more vivid imaginations, but this does not mean they can see supernatural entities.","Babies dont have the same fear filters as adults. Theyre more curious than scared when it comes to the unknown. So, if they see a spirit, they might just be intrigued or even unfazed. But, if they find the experience unpleasant, they might cry, not really understanding what theyre seeing.",Whole_answer,Binary Contradiction
107,is pregnancy brain real?,pregnancy,Binary Question,Sampled_Original,,"Yes, ""pregnancy brain"" is a real phenomenon","Yes, pregnancy brain or “momnesia” is a real thing",Highlighted_answer,Consistent
107,is pregnancy brain real?,pregnancy,Binary Question,Sampled_Original,,"Yes, ""pregnancy brain"" is a real phenomenon . Scientific Evidence: Studies have shown that pregnant women experience changes in brain structure and function, particularly in areas related to memory, attention, and decision-making. These changes are thought to be caused by hormonal fluctuations, sleep disturbances, and stress associated with pregnancy.","Yes, pregnancy brain or “momnesia” is a real thing, said Akron Childrens Maternal-Fetal Medicine Specialist Dr. Abdelaziz Saleh. “A womans actual brain cells do not change, but the environment around them do,” he said. “During pregnancy, the body sends a flood of fluctuating hormones throughout the body.",Whole_answer,Consistent
111,is back pain a sign of pregnancy?,pregnancy,Binary Question,Sampled_Original,,"Yes, back pain, particularly in the lower back, is a common symptom of pregnancy",Lower back pain may be a sign of early pregnancy,Highlighted_answer,Consistent
111,is back pain a sign of pregnancy?,pregnancy,Binary Question,Sampled_Original,,"Yes, back pain, particularly in the lower back, is a common symptom of pregnancy , often starting in the first trimester and becoming more noticeable as the pregnancy progresses. Here's a more detailed explanation: Commonality: Back pain is estimated to affect between 50% and 70% of pregnant women at some point during their pregnancy.","Lower back pain may be a sign of early pregnancy, as changing hormones, the shifting uterus, and weakened abdominal muscles can all contribute to pain. Lower back pain is common in pregnancy, during both the early and later stages. Around 50% of pregnant women experience lower back pain at some stage of pregnancy.",Whole_answer,Numeric Mismatch
116,can you be pregnant and not know?,pregnancy,Binary Question,Sampled_Original,,"Yes, it is possible to be pregnant and not know it, known as a ""cryptic pregnancy.""",A cryptic pregnancy (or stealth pregnancy) is when youre pregnant but dont know it,Highlighted_answer,Consistent
116,can you be pregnant and not know?,pregnancy,Binary Question,Sampled_Original,,"Yes, it is possible to be pregnant and not know it, known as a ""cryptic pregnancy."" Reasons for Cryptic Pregnancy: Irregular periods: Women with irregular menstrual cycles may not notice a missed period, which is a common early sign of pregnancy.",A cryptic pregnancy (or stealth pregnancy) is when youre pregnant but dont know it. Its even possible not to realize youre pregnant until labor begins. Its most common to realize youre pregnant somewhere between four and 12 weeks of pregnancy.,Whole_answer,Consistent
119,can pre com get you pregnant nhs?,pregnancy,Binary Question,Sampled_Original,,"Yes, it's possible to get pregnant from pre-ejaculate (precum), though the risk is generally low","Your chance of becoming pregnant from pre-cum may be slim, but it can still happen",Highlighted_answer,Consistent
119,can pre com get you pregnant nhs?,pregnancy,Binary Question,Sampled_Original,,"Yes, it's possible to get pregnant from pre-ejaculate (precum), though the risk is generally low . While the fluid itself may not contain sperm, sperm can leak into it and can travel into the vagina. Here's a more detailed explanation: Sperm in Pre-ejaculate: Studies have shown that while pre-ejaculate itself may not always contain sperm, it's possible for sperm to leak into it from the urethra.","Your chance of becoming pregnant from pre-cum may be slim, but it can still happen. Sperm can still be present in the urethra and mix with pre-cum released before ejaculation. If you have a positive pregnancy test, its important to consult a healthcare professional as soon as possible.",Whole_answer,Consistent
123,do dollar store pregnancy tests work?,pregnancy,Binary Question,Sampled_Original,,"Yes, dollar store pregnancy tests are generally reliable and can work effectively",Dollar pregnancy tests have the same accuracy rate as more expensive tests,Highlighted_answer,Consistent
123,do dollar store pregnancy tests work?,pregnancy,Binary Question,Sampled_Original,,"Yes, dollar store pregnancy tests are generally reliable and can work effectively . Regulation and Accuracy: Home pregnancy tests, including those sold at dollar stores, are regulated by the Food and Drug Administration (FDA). They are required to meet certain standards of accuracy and sensitivity.","Dollar pregnancy tests have the same accuracy rate as more expensive tests. That said, some more expensive home pregnancy tests are designed to be faster or easier to read. So, there are some advantages to paying a little extra if you need a quick answer or think you might struggle to read the test results.",Whole_answer,Consistent
124,are cramps normal during early pregnancy?,pregnancy,Binary Question,Sampled_Original,surpressed_AIO,"vaginal bleeding, severe headaches, swelling, chest pain, and difficulty breathing","Cramps, a bit like period pains, are very common in early pregnancy",Highlighted_answer,Other Problematic Mismatch
124,are cramps normal during early pregnancy?,pregnancy,Binary Question,Sampled_Original,surpressed_AIO,"Five potential warning signs of a problem during pregnancy that require immediate medical attention include vaginal bleeding, severe headaches, swelling, chest pain, and difficulty breathing . Here's a more detailed breakdown of these warning signs: Vaginal Bleeding : Any vaginal bleeding, especially after the first trimester, should be evaluated by a healthcare provider as it could indicate complications like miscarriage , placental problems , or ectopic pregnancy . Severe Headaches : A persistent or worsening headache, especially if accompanied by vision changes , dizziness , or swelling , could be a sign of preeclampsia or other serious conditions.","Cramps, a bit like period pains, are very common in early pregnancy. These are usually caused by changes in your hormones and by your growing womb. Sometimes stomach pains in early pregnancy can be a sign of something more serious such as: ectopic pregnancy.",Whole_answer,Other Problematic Mismatch
129,is it safe for pregnant women to fly?,pregnancy,Binary Question,Sampled_Original,surpressed_AIO,after 36 weeks for domestic flights and after 28-35 weeks for international travel,occasional air travel is almost always safe,Highlighted_answer,Other Problematic Mismatch
129,is it safe for pregnant women to fly?,pregnancy,Binary Question,Sampled_Original,surpressed_AIO,"While flying during pregnancy is generally safe, many airlines discourage travel after 36 weeks for domestic flights and after 28-35 weeks for international travel , and it's crucial to consult with your healthcare provider and check airline policies. Here's a more detailed breakdown: First Trimester (0-3 months): Some women prefer to avoid travel during this time due to nausea, fatigue, and the higher risk of miscarriage, but flying itself doesn't increase these risks. Second Trimester (4-6 months): This is often considered the safest time to travel as energy levels improve, and the risk of miscarriage is lower.","During a healthy pregnancy, occasional air travel is almost always safe. Most airlines allow you to fly domestically until about 36 weeks of pregnancy. Your ob-gyn can provide proof of your due date if you need it. If you are planning an international flight, the cut-off for traveling may be earlier.",Whole_answer,Consistent
130,will a pregnancy test show ectopic pregnancy?,pregnancy,Binary Question,Sampled_Original,,"Yes, a pregnancy test can show an ectopic pregnancy","If the pregnancy is ectopic, you will still have a positive at-home pregnancy test",Highlighted_answer,Consistent
130,will a pregnancy test show ectopic pregnancy?,pregnancy,Binary Question,Sampled_Original,,"Yes, a pregnancy test can show an ectopic pregnancy . An ectopic pregnancy occurs when a fertilized egg implants outside the uterus, typically in the fallopian tube. The body still produces human chorionic gonadotropin (hCG), the hormone detected by pregnancy tests. Therefore, a home pregnancy test or blood test will usually be positive in an ectopic pregnancy.","Ectopic pregnancies account for about 2% of pregnancies, which is about 1 in 50, and if left untreated can be life-threatening. If the pregnancy is ectopic, you will still have a positive at-home pregnancy test; because regardless of the location, the implanted fertilized egg produces HCG.",Whole_answer,Consistent
135,is miralax safe during pregnancy?,pregnancy,Binary Question,Sampled_Original,surpressed_AIO,"You can take MiraLAX while pregnant if your doctor approves it, but you should consult your doctor before taking it",MiraLAX is considered safe to take during pregnancy when other methods of treating constipation have failed,Highlighted_answer,Other Problematic Mismatch
135,is miralax safe during pregnancy?,pregnancy,Binary Question,Sampled_Original,surpressed_AIO,"You can take MiraLAX while pregnant if your doctor approves it, but you should consult your doctor before taking it . Safety MiraLAX is generally considered safe to take during pregnancy. It's thought that very little MiraLAX is absorbed by the body. Studies of pregnant animals given MiraLAX found no harm to a fetus. Side effects Like other medications, MiraLAX can cause side effects in some people.","The American College of Gastroenterology recommends MiraLAX when laxative use is needed during pregnancy. In general, MiraLAX is considered safe to take during pregnancy when other methods of treating constipation have failed.",Whole_answer,Other Problematic Mismatch
138,can a pregnant woman drink wine?,pregnancy,Binary Question,Sampled_Original,,"No, pregnant women should not consume wine or any other form of alcohol","All types of alcohol can be harmful, including red or white wine, beer, and liquor",Highlighted_answer,Consistent
138,can a pregnant woman drink wine?,pregnancy,Binary Question,Sampled_Original,,"No, pregnant women should not consume wine or any other form of alcohol . Alcohol crosses the placenta and can harm the developing fetus. Even small amounts of alcohol can increase the risk of: Fetal alcohol spectrum disorders (FASDs): These disorders can cause physical, cognitive, and behavioral problems. Premature birth","There is no known safe amount of alcohol use during pregnancy. There is no safe time during pregnancy to drink alcohol. All types of alcohol can be harmful, including red or white wine, beer, and liquor.",Whole_answer,Consistent
139,can you take miralax while pregnant?,pregnancy,Binary Question,Sampled_Original,surpressed_AIO,"Yes, Miralax (polyethylene glycol 3350) is generally considered safe to take during pregnancy","yes, stool softeners and Miralax are generally considered safe for use during pregnancy",Highlighted_answer,Consistent
139,can you take miralax while pregnant?,pregnancy,Binary Question,Sampled_Original,surpressed_AIO,"Yes, Miralax (polyethylene glycol 3350) is generally considered safe to take during pregnancy , but it's crucial to consult with your healthcare provider before starting any new medication, including over-the-counter options, during pregnancy. Here's a more detailed explanation: Why it's considered safe: Miralax works by drawing water into the intestines, which softens the stool and makes it easier to pass, rather than being absorbed into the bloodstream. Limited absorption: Very little of the medication is absorbed into the bloodstream, so it's unlikely to affect the fetus.","The short answer is yes, stool softeners and Miralax are generally considered safe for use during pregnancy. However, its essential to consult your OB/GYN before starting any new medications or supplements, even over-the-counter ones.",Whole_answer,Consistent
140,can you eat mozzarella when pregnant?,pregnancy,Binary Question,Sampled_Original,,"Yes, mozzarella cheese can generally be consumed during pregnancy, as long as it is made from pasteurized milk . Pasteurization is a process that heats milk to a high temperature to kill harmful bacteria, including Listeria, which can be dangerous for pregnant women.","Youre safe to eat some milk and dairy foods, including: All hard cheeses, such as cheddar, Parmesan or Gruyere. Pasteurised semi-hard and soft cheeses, such as cottage cheese, mozzarella, feta, paneer, ricotta, halloumi, cream cheese, cheese spreads, or goats cheese without a white coating on the outside (rind)",Whole_answer,Consistent
141,can you take cold medicine when pregnant?,pregnancy,Binary Question,Sampled_Original,surpressed_AIO,avoid Mucinex (guaifenesin) during the first trimester of pregnancy,"You should avoid using oral decongestants during your first trimester, while breastfeeding or if you have high blood pressure",Highlighted_answer,Other Problematic Mismatch
141,can you take cold medicine when pregnant?,pregnancy,Binary Question,Sampled_Original,surpressed_AIO,"While generally considered safe during the second and third trimesters, avoid Mucinex (guaifenesin) during the first trimester of pregnancy and always consult your doctor before taking any medication, including Mucinex, during pregnancy. Here's a more detailed explanation: Guaifenesin (Mucinex) is an expectorant: It helps to thin and loosen mucus in the respiratory passages, making it easier to cough up. Generally safe during the second and third trimesters: Studies suggest that guaifenesin is likely safe to use during the second and third trimesters of pregnancy.","Its recommended to only use oral decongestants on a limited basis. You should avoid using oral decongestants during your first trimester, while breastfeeding or if you have high blood pressure. Nasal saline sprays are considered a safe alternative for treating nasal congestion while pregnant or breastfeeding.",Whole_answer,Other Problematic Mismatch
145,can a guy get pregnant?,pregnancy,Binary Question,Sampled_Original,surpressed_AIO,Thomas Beatie,men cannot get pregnant,Highlighted_answer,Binary Contradiction
145,can a guy get pregnant?,pregnancy,Binary Question,Sampled_Original,surpressed_AIO,"The first widely recognized man to give birth, after transitioning from female to male, was Thomas Beatie , who gave birth to a daughter in 2008. Here's a more detailed look at his story: Background: Thomas Beatie, born Tracy Lagondino, underwent gender confirmation surgery in 2002, but chose to keep his reproductive organs intact because he wanted to have children. Pregnancy and Birth: He became pregnant through artificial insemination in 2007, and gave birth to a daughter named Nancy Beatie in 2008.","“I mean clearly any high school biology class teaches that men and women have different chromosomes, females are XX chromosome and male are XY chromosome,” he added. “I cant believe its necessary to say this, but men cannot get pregnant and cannot give birth, regardless of how they identify themselves.”",Whole_answer,Binary Contradiction
151,can you drink herbal tea when pregnant?,pregnancy,Binary Question,Sampled_Original,surpressed_AIO,"alcohol, unpasteurized milk and juices, and excessive caffeine",Most herbal teas should be avoided,Highlighted_answer,Other Problematic Mismatch
151,can you drink herbal tea when pregnant?,pregnancy,Binary Question,Sampled_Original,surpressed_AIO,"During pregnancy, you should avoid alcohol, unpasteurized milk and juices, and excessive caffeine , as they can pose risks to your baby's health and development. Here's a more detailed breakdown of drinks to avoid or limit during pregnancy: Drinks to Avoid: Alcohol: Any amount of alcohol can be harmful to a developing fetus, potentially leading to fetal alcohol spectrum disorders (FASD). Unpasteurized Milk and Juices: These can contain harmful bacteria like Listeria, E. coli, and Salmonella, which can cause serious infections and harm to the baby.","Most herbal teas should be avoided. Raspberry leaf, peppermint, ginger, and lemon balm tea are the only ones currently deemed as potentially safe. However, women may benefit from avoiding the first two during their first trimester of pregnancy.",Whole_answer,Other Problematic Mismatch
152,can pregnant women eat pineapple?,pregnancy,Binary Question,Sampled_Original,,"Yes, pregnant women can generally eat pineapple","Pineapple is a safe, healthy choice during pregnancy",Highlighted_answer,Consistent
152,can pregnant women eat pineapple?,pregnancy,Binary Question,Sampled_Original,,"Yes, pregnant women can generally eat pineapple . Pineapple contains nutrients beneficial for both mother and baby, such as: Vitamin C, Folic acid, Potassium, and Fiber. However, there are a few considerations:","Pineapple is a safe, healthy choice during pregnancy. Someone might have told you to avoid this fruit because it may cause early miscarriage or bring on labor. However, this is just a myth. Theres no scientific evidence to support that pineapple is dangerous during pregnancy.",Whole_answer,Consistent
158,is green tea safe while pregnant?,pregnancy,Binary Question,Sampled_Original,wh,"alcohol, unpasteurized milk and juices, and excessive caffeine",One to three cups of green tea per day is generally considered safe,Highlighted_answer,Other Problematic Mismatch
158,is green tea safe while pregnant?,pregnancy,Binary Question,Sampled_Original,surpressed_AIO,"During pregnancy, you should avoid alcohol, unpasteurized milk and juices, and excessive caffeine , as they can pose risks to your baby's health and development. Here's a more detailed breakdown of drinks to avoid or limit during pregnancy: Drinks to Avoid: Alcohol: Any amount of alcohol can be harmful to a developing fetus, potentially leading to fetal alcohol spectrum disorders (FASD). Unpasteurized Milk and Juices: These can contain harmful bacteria like Listeria, E. coli, and Salmonella, which can cause serious infections and harm to the baby.","One to three cups of green tea per day is generally considered safe, Barmmer says. The American College of Obstetricians and Gynecologists (ACOG) recommends limiting caffeine intake to less than 200 milligrams per day during pregnancy.",Whole_answer,Other Problematic Mismatch
162,can pregnant women eat ice cream?,pregnancy,Binary Question,Sampled_Original,,"Yes, pregnant women can generally eat ice cream, as long as it meets the following criteria",occasionally and in small amounts,Highlighted_answer,Other Problematic Mismatch
162,can pregnant women eat ice cream?,pregnancy,Binary Question,Sampled_Original,,"Yes, pregnant women can generally eat ice cream, as long as it meets the following criteria : Pasteurized: The ice cream should be made with pasteurized milk to prevent the risk of listeria infection, which can be harmful to the baby. No raw eggs: Avoid ice creams that contain raw eggs, as they can carry the risk of salmonella poisoning.","Enjoy ice cream as you would other sugary treats: occasionally and in small amounts. If youre wondering how much ice cream is too much, work with a registered dietitian to come up with a healthy dietary pattern that allows room for your favorite foods to promote a healthy pregnancy.",Whole_answer,Other Problematic Mismatch
163,can you take antidepressants while pregnant?,pregnancy,Binary Question,Sampled_Original,surpressed_AIO,"SSRIs (like Zoloft, Lexapro, and Prozac) and SNRIs (like Cymbalta)","antidepressants are not usually recommended for most pregnant women, especially during the early stages of a pregnancy",Highlighted_answer,Other Problematic Mismatch
163,can you take antidepressants while pregnant?,pregnancy,Binary Question,Sampled_Original,surpressed_AIO,"While no antidepressants are specifically FDA-approved for use during pregnancy, SSRIs (like Zoloft, Lexapro, and Prozac) and SNRIs (like Cymbalta) are often considered relatively safe and are commonly prescribed to pregnant women for mental health conditions. Here's a more detailed breakdown: SSRIs (Selective Serotonin Reuptake Inhibitors): Examples: Sertraline (Zoloft), escitalopram (Lexapro), fluoxetine (Prozac), and citalopram (Celexa). Considered relatively safe: Studies haven't shown a significant increase in birth defects or other serious risks when SSRIs are taken during pregnancy.","As a precaution, antidepressants are not usually recommended for most pregnant women, especially during the early stages of a pregnancy. This is because there might be risks for you or your baby. But its important that depression is well treated because it can affect both you and your babys wellbeing.",Whole_answer,Binary Contradiction
166,can a pregnant woman take alka seltzer?,pregnancy,Binary Question,Sampled_Original,,"No, pregnant women should generally avoid taking Alka-Seltzer",should be avoided by pregnant patients unless prescribed by your provider to treat other medical issues,Highlighted_answer,Consistent
166,can a pregnant woman take alka seltzer?,pregnancy,Binary Question,Sampled_Original,,"No, pregnant women should generally avoid taking Alka-Seltzer . Alka-Seltzer contains aspirin, which is a non-steroidal anti-inflammatory drug (NSAID). NSAIDs can cross the placenta and harm the developing baby, especially during the second and third trimesters. They can increase the risk of: Premature birth, Low amniotic fluid levels, Birth defects, and Kidney problems.","Is Alka Seltzer safe to take while pregnant? Alka Seltzer is an over-the-counter medicine frequently used to treat heartburn. However, an active ingredient in many Alka Seltzer products is aspirin, which should be avoided by pregnant patients unless prescribed by your provider to treat other medical issues.",Whole_answer,Other Problematic Mismatch
167,can you eat clams when pregnant?,pregnancy,Binary Question,Sampled_Original,,"Yes, pregnant women can eat clams in moderation, as long as they are cooked properly","Yes, as long as theyre thoroughly cooked¹",Highlighted_answer,Consistent
167,can you eat clams when pregnant?,pregnancy,Binary Question,Sampled_Original,,"Yes, pregnant women can eat clams in moderation, as long as they are cooked properly . Here are some important considerations: Cook thoroughly: Clams should be cooked until they open fully. This ensures that any harmful bacteria are killed.","Can you eat clams during pregnancy? Yes, as long as theyre thoroughly cooked¹ – make sure their shells open, which indicates that theyre done, and discard any that remain closed after cooking.",Whole_answer,Consistent
170,can pregnant women eat crawfish?,pregnancy,Binary Question,Sampled_Original,,"Yes, pregnant women can generally eat crawfish as long as they are properly cooked",as long as it is fully cooked,Highlighted_answer,Consistent
170,can pregnant women eat crawfish?,pregnancy,Binary Question,Sampled_Original,,"Yes, pregnant women can generally eat crawfish as long as they are properly cooked . Crawfish are a type of shellfish that are low in mercury, making them a safe seafood option for pregnant women. However, it is important to ensure that the crawfish are thoroughly cooked to an internal temperature of 145°F to kill any potential bacteria or parasites.","Fortunately for crawfish lovers, crawfish is in the class of seafood that is considered to have the lowest levels of mercury by the American Pregnancy Association, as long as it is fully cooked.",Whole_answer,Consistent
176,can i take tums while pregnant?,pregnancy,Binary Question,Sampled_Original,surpressed_AIO,"antacids like Tums, Rolaids, or Mylanta, simethicone for gas, and ginger for nausea",Tums are perfectly safe to take during pregnancy,Highlighted_answer,Other Problematic Mismatch
176,can i take tums while pregnant?,pregnancy,Binary Question,Sampled_Original,surpressed_AIO,"For an upset stomach during pregnancy, safe options include antacids like Tums, Rolaids, or Mylanta, simethicone for gas, and ginger for nausea , but always consult your doctor or healthcare provider before taking any medication. Here's a more detailed breakdown: Safe Over-the-Counter Options: Antacids: Tums, Rolaids, Mylanta, and Maalox are generally considered safe for heartburn relief during pregnancy. Simethicone:","Tums are perfectly safe to take during pregnancy. Use as directed (two to three tablets as symptoms occur) and dont take more than five tablets in 24 hours. Its also safe to take Pepcid, Pepcid Complete, Prevacid, Prilosec, and other similar antacids during pregnancy.",Whole_answer,Consistent
177,do you get cramps when pregnant?,pregnancy,Binary Question,Sampled_Original,surpressed_AIO,"implantation bleeding, breast tenderness, fatigue, or cramping",Stomach (abdominal) pains or cramps are common in pregnancy,Highlighted_answer,Other Problematic Mismatch
177,do you get cramps when pregnant?,pregnancy,Binary Question,Sampled_Original,surpressed_AIO,"In the first week of pregnancy (which is actually the first week of your menstrual cycle, before conception), you may not experience any noticeable symptoms, or you might experience implantation bleeding, breast tenderness, fatigue, or cramping . Here's a more detailed explanation: Early Pregnancy Symptoms (1-4 weeks): Implantation Bleeding : This occurs when the fertilized egg attaches to the lining of the uterus, which can cause light spotting or bleeding, similar to a very light period. Breast Tenderness : Hormonal changes can cause breast swelling, tenderness, or tingling, which may start as early as one week after conception.","Stomach (abdominal) pains or cramps are common in pregnancy. Theyre usually nothing to worry about, but they can sometimes be a sign of something more serious that needs to be checked. Its probably nothing to worry about if the pain is mild and goes away when you change position, have a rest, do a poo or pass wind.",Whole_answer,Other Problematic Mismatch
180,can pregnant women take tums?,pregnancy,Binary Question,Sampled_Original,surpressed_AIO,"over-the-counter antacids like Tums, Rolaids, and Maalox",Tums are perfectly safe to take during pregnancy,Highlighted_answer,Other Problematic Mismatch
180,can pregnant women take tums?,pregnancy,Binary Question,Sampled_Original,surpressed_AIO,"For heartburn during pregnancy, pregnant women can safely use over-the-counter antacids like Tums, Rolaids, and Maalox , which contain calcium carbonate or magnesium, but should avoid those with high sodium or aluminum. Here's a more detailed explanation: Antacids : Antacids containing calcium carbonate (like Tums) and magnesium hydroxide (like Maalox and Mylanta) are generally considered safe for use during pregnancy to neutralize stomach acid. Avoid antacids with high sodium levels : as they can lead to fluid buildup.","Tums are perfectly safe to take during pregnancy. Use as directed (two to three tablets as symptoms occur) and dont take more than five tablets in 24 hours. Its also safe to take Pepcid, Pepcid Complete, Prevacid, Prilosec, and other similar antacids during pregnancy.",Whole_answer,Consistent
188,is heartburn a sign of pregnancy?,pregnancy,Binary Question,Sampled_Original,,"Yes, heartburn can be a sign of pregnancy, especially in the first trimester",Yes.,Highlighted_answer,Consistent
188,is heartburn a sign of pregnancy?,pregnancy,Binary Question,Sampled_Original,,"Yes, heartburn can be a sign of pregnancy, especially in the first trimester , as pregnancy hormones , particularly progesterone , can relax the valve between the stomach and esophagus, allowing stomach acid to flow back up. Here's a more detailed explanation: Hormonal Changes : During pregnancy, hormone levels, especially progesterone, increase, which can relax the lower esophageal sphincter (the muscle that separates the stomach and esophagus).","Yes. Heartburn and indigestion are common signs of early pregnancy, particularly if you dont typically suffer from acid reflux or experience frequent indigestion after consuming common foods and drinks.",Whole_answer,Consistent
193,is it safe to travel while pregnant?,pregnancy,Binary Question,Sampled_Original,surpressed_AIO,the 9th month,"In most cases, pregnant women can travel safely until close to their due dates",Highlighted_answer,Other Problematic Mismatch
193,is it safe to travel while pregnant?,pregnancy,Binary Question,Sampled_Original,surpressed_AIO,"While air travel is generally considered safe during pregnancy, most airlines and medical professionals advise against flying after 36 weeks of pregnancy ( the 9th month ), as the risk of labor increases significantly. Here's a more detailed breakdown: General Guidelines: Air travel is generally safe for uncomplicated pregnancies. Most airlines allow pregnant travelers up to 36 weeks of pregnancy. Some airlines may have stricter policies, especially for international travel, and may require a doctor's note confirming the pregnancy is uncomplicated and the due date.","In most cases, pregnant women can travel safely until close to their due dates. But travel may not be recommended if you have pregnancy complications. If you are planning a trip, talk with your obstetrician–gynecologist (ob-gyn). And no matter how you choose to travel, think ahead about your comfort and safety.",Whole_answer,Other Problematic Mismatch
197,can pregnant women eat calamari?,pregnancy,Binary Question,Sampled_Original,,"Yes, pregnant women can eat calamari, as long as it is cooked thoroughly",a safe choice during pregnancy — in moderation,Highlighted_answer,Other Problematic Mismatch
197,can pregnant women eat calamari?,pregnancy,Binary Question,Sampled_Original,,"Yes, pregnant women can eat calamari, as long as it is cooked thoroughly . Calamari is a type of seafood that is low in mercury, making it a safe option for pregnant women. However, it is important to ensure that the calamari is cooked to an internal temperature of 145°F (63°C) to kill any harmful bacteria.","The good news for calamari lovers is that this particular seafood doesnt have a high mercury level, making it a safe choice during pregnancy — in moderation. Calamari is actually included among one of the best seafood choices for women who are pregnant or who might become pregnant, also according to the FDA.",Whole_answer,Other Problematic Mismatch
201,how big is a baby at 4 weeks?,babycare,How + adj/adv Question,Sampled_Original,,"about the size of a poppy seed, measuring approximately 2 millimeters in length",about 2mm long (about the size of a poppy seed),Highlighted_answer,Consistent
201,how big is a baby at 4 weeks?,babycare,How + adj/adv Question,Sampled_Original,,"At 4 weeks of pregnancy, the baby is about the size of a poppy seed, measuring approximately 2 millimeters in length . It is a small, developing ball of cells called a blastocyst.","Your baby, or embryo, is about 2mm long (about the size of a poppy seed) and growing rapidly in your womb. Its protected by an amniotic sac, which is filled with cushioning fluid, and attached to a tiny yolk sac that provides all the nourishment it needs.",Whole_answer,Consistent
202,how big is a baby at 10 weeks?,babycare,How + adj/adv Question,Sampled_Original,,1.22 inches long and weighs approximately 1/4 ounce,around 30mm long from head to bottom,Highlighted_answer,Consistent
202,how big is a baby at 10 weeks?,babycare,How + adj/adv Question,Sampled_Original,,"At 10 weeks of pregnancy, a baby is about 1.22 inches long and weighs approximately 1/4 ounce , roughly the size of a strawberry or a prune. Here's a more detailed look at the baby's development at 10 weeks: Size and Weight:","Your baby, or foetus, is now around 30mm long from head to bottom, which is about the size of a small apricot. The baby will be making jerky movements and babys movement can be seen on a scan. Your baby is going through another huge growth spurt.",Whole_answer,Consistent
204,how often do babies eat?,babycare,How + adj/adv Question,Sampled_Original,surpressed_AIO,"newborns should eat every 2-3 hours, transitioning to every 3-4 hours by 2 months, and eventually every 4-5 hours by 6 months, with the introduction of solids around 6 months","After the first few days of life, most healthy formula-fed newborns feed about every 2–3 hours",Highlighted_answer,Consistent
204,how often do babies eat?,babycare,How + adj/adv Question,Sampled_Original,surpressed_AIO,"In general, newborns should eat every 2-3 hours, transitioning to every 3-4 hours by 2 months, and eventually every 4-5 hours by 6 months, with the introduction of solids around 6 months . Here's a more detailed breakdown of baby feeding frequency by age: Newborns (0-1 month): Feed on demand, typically every 2-3 hours, aiming for 8-12 feedings per day. 1-2 months: Feed every 3-4 hours, with 7-9 feedings per day for breastfed babies and 6-8 feedings for formula-fed babies.","Newborns and young babies should be fed whenever they seem hungry. This is called on-demand feeding. After the first few days of life, most healthy formula-fed newborns feed about every 2–3 hours. As they get bigger and their tummies can hold more milk, they usually eat about every 3–4 hours.",Whole_answer,Consistent
206,how long should baby sleep in parents room?,babycare,How + adj/adv Question,Sampled_Original,,"at least the first six months, and ideally for the first year","ideally for a year, but at least for six months",Highlighted_answer,Consistent
206,how long should baby sleep in parents room?,babycare,How + adj/adv Question,Sampled_Original,,"The American Academy of Pediatrics (AAP) recommends that babies sleep in the same room as their parents, but on a separate surface (like a crib, bassinet, or portable crib), for at least the first six months, and ideally for the first year , to reduce the risk of Sudden Infant Death Syndrome (SIDS) . Here's a more detailed breakdown: Why room-sharing is recommended:","The AAP recommends infants share a parents\ room, but not a bed, ideally for a year, but at least for six months to reduce the risk of sudden infant death syndrome (SIDS).",Whole_answer,Consistent
208,how many babies are born with down syndrome?,babycare,How + adj/adv Question,Sampled_Original,,1 in 700,"3,000 to 5,000",Highlighted_answer,Numeric Mismatch
208,how many babies are born with down syndrome?,babycare,How + adj/adv Question,Sampled_Original,,"According to the Centers for Disease Control and Prevention (CDC), approximately 1 in 700 babies born in the United States are diagnosed with Down syndrome.","The estimated incidence of Down syndrome is between 1 in 1,000 to 1 in 1,100 live births worldwide. Each year, approximately 3,000 to 5,000 children are born with this chromosome disorder.",Whole_answer,Numeric Mismatch
213,how big is baby at 15 weeks?,babycare,How + adj/adv Question,Sampled_Original,,"At 15 weeks of pregnancy, the baby is typically: Size: Around 4.3 inches (11 cm) long from crown to rump and weighs approximately 4 ounces (113 grams). Comparable to: An apple or a small pear.","What does my baby look like? Your baby, or foetus, is around 10.1cm long from head to bottom, which is about the size of an apple.",Whole_answer,Consistent
214,how many baby teeth fall out?,babycare,How + adj/adv Question,Sampled_Original,,20 baby teeth,"20 baby teeth starting around age 6, with the final teeth falling out around age 12 to 13",Highlighted_answer,Consistent
214,how many baby teeth fall out?,babycare,How + adj/adv Question,Sampled_Original,,All 20 baby teeth (primary teeth) eventually fall out to be replaced by permanent teeth. This process typically begins around the age of 6 and is usually complete by the age of 12-13.,"As children grow, it is normal for their bodies to change and adapt to new conditions, and their teeth are no exception. Kids will usually grow 20 baby teeth to accommodate their smaller mouths. Then, they will start losing all 20 baby teeth starting around age 6, with the final teeth falling out around age 12 to 13.",Whole_answer,Consistent
220,how do babies get ear infections?,babycare,How + adj/adv Question,Sampled_Original,,Immature Eustachian Tubes,"If your child has a sore throat, cold, or an upper respiratory infection, bacteria can spread to the middle ear through the eustachian tubes",Highlighted_answer,Consistent
220,how do babies get ear infections?,babycare,How + adj/adv Question,Sampled_Original,,"Babies are prone to ear infections due to the following factors: Immature Eustachian Tubes : Babies' Eustachian tubes are shorter, narrower, and more horizontal than adults', making it easier for fluid to accumulate in the middle ear. Frequent Respiratory Infections: Babies often have colds, coughs, and other respiratory infections that can spread bacteria or viruses into the Eustachian tubes.","If your child has a sore throat, cold, or an upper respiratory infection, bacteria can spread to the middle ear through the eustachian tubes (the channels that connect the middle ear to the throat). In response to the infection, fluid builds up behind the eardrum.",Whole_answer,Consistent
224,how old do babies start talking?,babycare,How + adj/adv Question,Sampled_Original,,9 to 12 months of age,12 to 18 months old,Highlighted_answer,Numeric Mismatch
224,how old do babies start talking?,babycare,How + adj/adv Question,Sampled_Original,,"Babies typically start saying their first words around 9 to 12 months of age , with some saying simple words like ""mama"" or ""dada"" by their first birthday. Here's a more detailed breakdown of baby speech development: Babbling :","At 12 to 18 months old: Many babies start using single words. They name familiar people and objects – such as ma-ma, da-da, ball and cat. By age 2: Child says two-word phrases, such as: Dog sit. Mommy go. By age 3: Child has words for almost everything and speaks three-word phrases.",Whole_answer,Numeric Mismatch
225,how much milk does a baby need?,babycare,How + adj/adv Question,Sampled_Original,,"1-2 ounces (30-60 ml) per feeding, increasing to 3-4 ounces (90-120 ml) by 4-5 weeks, with a peak daily intake of around 30 ounces (900 ml)",1.5–3 ounces (45–90 milliliters) every 2–3 hours,Highlighted_answer,Numeric Mismatch
225,how much milk does a baby need?,babycare,How + adj/adv Question,Sampled_Original,,"A general guideline is that newborns need 1-2 ounces (30-60 ml) per feeding, increasing to 3-4 ounces (90-120 ml) by 4-5 weeks, with a peak daily intake of around 30 ounces (900 ml) . Here's a more detailed breakdown: First few days: Newborns have tiny stomachs, so they may only take 1/2 to 1 ounce (15-30 ml) per feeding, and feed frequently, up to 8-12 times a day.","On average, a newborn drinks about 1.5–3 ounces (45–90 milliliters) every 2–3 hours. This amount increases as your baby grows and can take more at each feeding. At about 2 months, your baby may drink about 4–5 ounces (120–150 milliliters) every 3–4 hours.",Whole_answer,Numeric Mismatch
228,how many baby teeth do children lose?,babycare,How + adj/adv Question,Sampled_Original,,all 20,"20 baby teeth starting around age 6, with the final teeth falling out around age 12 to 13",Highlighted_answer,Consistent
228,how many baby teeth do children lose?,babycare,How + adj/adv Question,Sampled_Original,,"Children typically lose all 20 of their baby teeth (also known as primary teeth) as they grow older. These teeth are gradually replaced by their permanent adult teeth, resulting in a total of 32 adult teeth.","Kids will usually grow 20 baby teeth to accommodate their smaller mouths. Then, they will start losing all 20 baby teeth starting around age 6, with the final teeth falling out around age 12 to 13.",Whole_answer,Consistent
229,how much baby food 6 month?,babycare,How + adj/adv Question,Sampled_Original,,"2-3 tablespoons of solid food per meal, 2-3 times per day",5–15 ml (1–3 tsp) of smooth or pureed food,Highlighted_answer,Numeric Mismatch
229,how much baby food 6 month?,babycare,How + adj/adv Question,Sampled_Original,,"At 6 months of age, babies can typically consume around 2-3 tablespoons of solid food per meal, 2-3 times per day . This amount may vary depending on the individual baby's appetite and feeding preferences. Here are some additional guidelines: Breast milk or formula: Babies should still be receiving the majority of their nutrition from breast milk or formula at this age.","Start by offering 5–15 ml (1–3 tsp) of smooth or pureed food. Give your baby more food if they show you theyre hungry, and stop feeding when they show you theyre full. Some days, your baby will eat a lot, other days not as much. Offer your baby small amounts of food (a few teaspoons to a few tablespoons at a time).",Whole_answer,Numeric Mismatch
233,how many diapers does a baby use?,babycare,How + adj/adv Question,Sampled_Original,,"around 8,000 diapers before potty training",10 to 12 diapers over the first month of a babys life,Highlighted_answer,Numeric Mismatch
233,how many diapers does a baby use?,babycare,How + adj/adv Question,Sampled_Original,,"On average, a baby uses around 8,000 diapers before potty training and can go through 8-12 diapers per day in the newborn phase, which is about 220-330 diapers in the first four weeks. Here's a more detailed breakdown: Newborns: May use up to 10 diapers per day.","A daily average of 10 to 12 diapers over the first month of a babys life means that your baby may go through around 300 or so diapers in his first month of life! Once your baby is older than 1 month, you may notice fewer soiled diapers. Babies between 1 and 5 months old typically go through 8 to 10 diapers per day.",Whole_answer,Numeric Mismatch
242,how big is baby at 21 weeks?,babycare,How + adj/adv Question,Sampled_Original,,"At 21 weeks of pregnancy, the baby is typically: Size: About the size of a large banana or a butternut squash Length: Around 10.5 inches (26.7 cm) from head to heel Weight: Approximately 11-12.5 ounces (312-378 grams) Other developmental milestones at 21 weeks include: The baby can now taste and swallow amniotic fluid.","Your baby, or foetus, is around 26.7cm long from head to toe. Thats approximately the size of a carrot. Your baby is now heavier than the placenta. The placenta basically doubles up as a larder and toilet, by providing food and removing waste.",Whole_answer,Consistent
250,how often are babies born?,babycare,How + adj/adv Question,Sampled_Original,,every 8 seconds globally,"more than 367,000 babies born each day",Highlighted_answer,Numeric Mismatch
250,how often are babies born?,babycare,How + adj/adv Question,Sampled_Original,,"On average, a baby is born every 8 seconds globally . This translates to approximately 258 babies born every minute. According to the World Health Organization, the global birth rate is around 17 births per 1,000 people per year.","Thats more than 367,000 babies born each day. In 2022, the total number of global births was 133,990,599. Our World in DataOpens a new window projects that there will be 134.8 million births worldwide in 2023, an average of about 368,000 births each day.",Whole_answer,Numeric Mismatch
251,how long does baby acne last?,babycare,How + adj/adv Question,Sampled_Original,,typically clears up on its own within a few weeks or months,a few days to a couple of weeks,Highlighted_answer,Numeric Mismatch
251,how long does baby acne last?,babycare,How + adj/adv Question,Sampled_Original,,"Baby acne, also known as neonatal cephalic pustulosis , usually appears within the first few weeks of life and typically clears up on its own within a few weeks or months . Here's a more detailed explanation: Timing of Appearance: Baby acne often shows up 2 to 4 weeks after birth.","Baby acne could clear up on its own within a few days to a couple of weeks. The timeline could be faster if a healthcare provider recommends a topical medication. Sometimes, it could take up to a month before baby acne clears up. If your babys acne isnt clearing up, talk to their healthcare provider.",Whole_answer,Numeric Mismatch
253,how many baby bottles do i need?,babycare,How + adj/adv Question,Sampled_Original,,"If you're exclusively bottle-feeding, aim for 6-10 bottles to have enough on hand for cleaning and preparing feedings, while if you're mostly breastfeeding, 3-4 bottles may suffice",eight to 10 bottles,Highlighted_answer,Numeric Mismatch
253,how many baby bottles do i need?,babycare,How + adj/adv Question,Sampled_Original,,"If you're exclusively bottle-feeding, aim for 6-10 bottles to have enough on hand for cleaning and preparing feedings, while if you're mostly breastfeeding, 3-4 bottles may suffice . Here's a more detailed breakdown: Exclusively Bottle-Feeding: Initial Stock: Start with 6-10 bottles, including a mix of sizes (4-6 oz and 8 oz).","If youre completely or mostly bottle-feeding, its recommended that you have eight to 10 bottles. If youre usually breastfeeding, then youll need fewer, around three or four.",Whole_answer,Numeric Mismatch
259,how much formula should my baby be having?,babycare,How + adj/adv Question,Sampled_Original,surpressed_AIO,8-10 cans,1.5–3 ounces (45–90 milliliters) every 2–3 hours,Highlighted_answer,Numeric Mismatch
259,how much formula should my baby be having?,babycare,How + adj/adv Question,Sampled_Original,surpressed_AIO,"A fully formula-fed baby typically goes through around 8-10 cans of formula per month, but this can vary depending on the baby's age, appetite, and the size of the formula cans. Here's a more detailed breakdown: Newborns (0-1 month): May need 8-10 cans of formula per month, with each can lasting about 4-5 days. 1-3 Months : May need 8-10 cans of formula per month, with each can lasting about 4-5 days. 4-6 Months :","On average, a newborn drinks about 1.5–3 ounces (45–90 milliliters) every 2–3 hours. This amount increases as your baby grows and can take more at each feeding. At about 2 months, your baby may drink about 4–5 ounces (120–150 milliliters) every 3–4 hours.",Whole_answer,Numeric Mismatch
261,how many baby teeth?,babycare,How + adj/adv Question,Sampled_Original,,20 primary (baby) teeth,20 baby (primary) teeth,Highlighted_answer,Consistent
261,how many baby teeth?,babycare,How + adj/adv Question,Sampled_Original,,Babies typically have 20 primary (baby) teeth . These teeth usually begin erupting around 6 months of age and are fully present by the age of 3.,"At birth people usually have 20 baby (primary) teeth, which start to come in (erupt) at about 6 months of age. They fall out (shed) at various times throughout childhood. By age 21, all 32 of the permanent teeth have usually erupted.",Whole_answer,Consistent
265,how much formula to feed baby?,babycare,How + adj/adv Question,Sampled_Original,surpressed_AIO,8-10 cans,1.5–3 ounces (45–90 milliliters) every 2–3 hours,Highlighted_answer,Numeric Mismatch
265,how much formula to feed baby?,babycare,How + adj/adv Question,Sampled_Original,surpressed_AIO,"A fully formula-fed baby typically goes through around 8-10 cans of formula per month, but this can vary depending on the baby's age, appetite, and the size of the formula cans. Here's a more detailed breakdown: Newborns (0-1 month): May need 8-10 cans of formula per month, with each can lasting about 4-5 days. 1-3 Months : May need 8-10 cans of formula per month, with each can lasting about 4-5 days. 4-6 Months :","On average, a newborn drinks about 1.5–3 ounces (45–90 milliliters) every 2–3 hours. This amount increases as your baby grows and can take more at each feeding. At about 2 months, your baby may drink about 4–5 ounces (120–150 milliliters) every 3–4 hours.",Whole_answer,Numeric Mismatch
266,how old do babies start walking?,babycare,How + adj/adv Question,Sampled_Original,,between 12 and 15 months of age,between about 10 and 18 months of age,Highlighted_answer,Numeric Mismatch
266,how old do babies start walking?,babycare,How + adj/adv Question,Sampled_Original,,"Most babies start walking independently between 12 and 15 months of age . However, some babies may take their first steps as early as 9 months or as late as 18 months. Here are some factors that can influence when a baby starts walking: Physical development: Babies need strong leg muscles and good balance to walk.","Babies usually start walking sometime between about 10 and 18 months of age. Before they start to walk, babies will usually have been crawling (between 7 and 12 months) and pulling themselves up to stand (usually between ages 9 and 12 months).",Whole_answer,Numeric Mismatch
271,how much tylenol for baby?,babycare,How + adj/adv Question,Sampled_Original,surpressed_AIO,possibility of liver damage from overdose and potential neurodevelopmental issues,6-11 lbs: 1.25 ml,Highlighted_answer,Other Problematic Mismatch
271,how much tylenol for baby?,babycare,How + adj/adv Question,Sampled_Original,surpressed_AIO,"While Tylenol (acetaminophen) is generally considered safe for infants when used as directed, there are some potential risks and concerns to consider, including the possibility of liver damage from overdose and potential neurodevelopmental issues . Here's a more detailed explanation: Potential Risks and Concerns: Overdose and Liver Damage: Acetaminophen, even when used correctly, can cause liver damage if taken in excessive amounts.","For 160 mg/5 ml-strength liquid acetaminophen, weight-based dosing guidelines from the the American Academy of Pediatrics are: 6-11 lbs: 1.25 ml. 12-17 lbs: 2.5 ml. 18-23 lbs: 3.75 ml.",Whole_answer,Other Problematic Mismatch
275,how many baby teeth do kids have?,babycare,How + adj/adv Question,Sampled_Original,,20 baby teeth,20 baby (primary) teeth,Highlighted_answer,Consistent
275,how many baby teeth do kids have?,babycare,How + adj/adv Question,Sampled_Original,,"Children typically have 20 baby teeth , also known as primary teeth. These teeth begin to erupt around 6 months of age and are usually fully in place by the age of 3.","At birth people usually have 20 baby (primary) teeth, which start to come in (erupt) at about 6 months of age. They fall out (shed) at various times throughout childhood. By age 21, all 32 of the permanent teeth have usually erupted.",Whole_answer,Consistent
279,how many diapers does a baby use in a year?,babycare,How + adj/adv Question,Sampled_Original,,"between 2,500 and 3,000","2,500 to 3,000",Highlighted_answer,Consistent
279,how many diapers does a baby use in a year?,babycare,How + adj/adv Question,Sampled_Original,,"The average baby uses between 2,500 and 3,000 diapers in their first year. This number can vary depending on factors such as: Age: Newborns use more diapers than older babies. Feeding type: Formula-fed babies may use more diapers than breastfed babies. Diaper type: Disposable diapers may be used more frequently than cloth diapers.","“On average, a baby will go through approximately 2,500 to 3,000 diapers within their first year,” Dr. Gator says. While you definitely dont have to buy them all at once, your baby shower is a great time to start a diaper stockpile if you have the space to store them.",Whole_answer,Consistent
282,how much does a baby weigh at 20 weeks?,babycare,How + adj/adv Question,Sampled_Original,,10-11 ounces,11 ounces (320 grams),Highlighted_answer,Consistent
282,how much does a baby weigh at 20 weeks?,babycare,How + adj/adv Question,Sampled_Original,,"At 20 weeks of pregnancy, a baby typically weighs around 10-11 ounces (280-310 grams). This is about the size of a banana. Here are some additional facts about fetal weight at 20 weeks:","By now, your baby might be about 6 1/3 inches (160 millimeters) long from crown to rump and weigh about 11 ounces (320 grams).",Whole_answer,Consistent
284,how big is baby at 5 weeks?,babycare,How + adj/adv Question,Sampled_Original,,"about the size of a sesame seed, measuring around 2 millimeters in length",around 2mm long,Highlighted_answer,Consistent
284,how big is baby at 5 weeks?,babycare,How + adj/adv Question,Sampled_Original,,"At 5 weeks of pregnancy, the baby is typically about the size of a sesame seed, measuring around 2 millimeters in length . Here are some additional details: Crown-rump length (CRL): This measurement, from the top of the head to the bottom of the buttocks, is around 3 millimeters.","Your baby, or embryo, is around 2mm long (about the size of a sesame seed). The face is starting to take shape, with a tiny nose and little eyes, which stay closed until around 28 weeks. Your babys brain and spinal cord are forming rapidly inside you.",Whole_answer,Consistent
288,how big is a baby at 14 weeks?,babycare,How + adj/adv Question,Sampled_Original,,"At 14 weeks of pregnancy, the baby is typically about: Size: 3.5 to 4 inches (8.9 to 10.2 cm) long from crown to rump","Your babys sex likely will become clearer this week. By now, your baby might be almost 3 1/2 inches (87 millimeters) long from the top of the head to the bottom of the tailbone, called crown to rump, and weigh about 1 1/2 ounces (45 grams).",Whole_answer,Consistent
289,how long is a baby considered a newborn?,babycare,How + adj/adv Question,Sampled_Original,,the first 28 days (four weeks) of life,28 days old or younger,Highlighted_answer,Consistent
289,how long is a baby considered a newborn?,babycare,How + adj/adv Question,Sampled_Original,,"A baby is typically considered a newborn for the first 28 days (four weeks) of life . After this period, they are considered an infant. Some sources may extend the newborn period to 3 months (90 days).","For clinical care, the World Health Organization (WHO) and American Academy of Pediatrics (AAP) both define a newborn, or neonate, as a child who is 28 days old or younger. 1 Informally, however, many consider newborns to be babies within their first 2 or 3 months of life.",Whole_answer,Consistent
297,how old are babies when they crawl?,babycare,How + adj/adv Question,Sampled_Original,,between 6 and 12 months old,between 7 and 10 months of age,Highlighted_answer,Numeric Mismatch
297,how old are babies when they crawl?,babycare,How + adj/adv Question,Sampled_Original,,"Babies typically start crawling between 6 and 12 months old , though some may bypass crawling altogether or start at different ages. Here's a more detailed look: Typical Range: Most babies start crawling between 7 and 10 months, but some may start as early as 6 months or later, even up to 12 months.","Many babies will crawl between 7 and 10 months of age 1. Of course, baby development is on a spectrum, and some babies may be crawling at 6 months or may start to crawl later than 10 months, and some may skip crawling altogether.",Whole_answer,Consistent
298,how often do you feed a newborn baby?,babycare,How + adj/adv Question,Sampled_Original,surpressed_AIO,4-5 hours,8 to 12 feedings a day,Highlighted_answer,Numeric Mismatch
298,how often do you feed a newborn baby?,babycare,How + adj/adv Question,Sampled_Original,surpressed_AIO,"Newborns typically wake every 2-3 hours to feed, and it's generally recommended to wake them up to feed if they sleep for more than 4-5 hours , especially during the first few weeks, to ensure adequate weight gain. Here's a more detailed explanation: Frequent Feeding: Newborns have small stomachs and need to eat frequently, often every 2-3 hours, to meet their nutritional needs. Waking for Feedings: While some babies may wake themselves to feed, it's important to gently rouse them if they sleep for longer than 4-5 hours, especially in the first few weeks, to ensure they are getting enough nourishment.","Most newborns need 8 to 12 feedings a day. Thats about one feeding every 2 to 3 hours. Look for early signs your child is ready to feed. Early signs are moving the hands to the mouth, sucking on fists and fingers, and lip smacking.",Whole_answer,Consistent
306,how soon does a pregnancy test show positive?,pregnancy,How + adj/adv Question,Sampled_Original,,as early as 10-12 days after ovulation,from the first day of a missed period,Highlighted_answer,Numeric Mismatch
306,how soon does a pregnancy test show positive?,pregnancy,How + adj/adv Question,Sampled_Original,,"A pregnancy test can show positive as early as 10-12 days after ovulation (a few days before a missed period ) , but for the most accurate results, it's recommended to wait until the day of your expected period or a few days after. Here's a more detailed explanation: How Pregnancy Tests Work: Home pregnancy tests detect the presence of human chorionic gonadotropin (hCG) , a hormone produced during pregnancy, in your urine.","You can carry out most pregnancy tests from the first day of a missed period. If you dont know when your next period is due, do the test at least 21 days after you last had unprotected sex. Some very sensitive pregnancy tests can be used even before you miss a period.",Whole_answer,Numeric Mismatch
308,how common are false negative pregnancy test?,pregnancy,How + adj/adv Question,Sampled_Original,,relatively uncommon but possible,up to 5 percent,Highlighted_answer,Numeric Mismatch
308,how common are false negative pregnancy test?,pregnancy,How + adj/adv Question,Sampled_Original,,"False negative pregnancy tests, where a test indicates a negative result despite an actual pregnancy, are relatively uncommon but possible . Frequency: The rate of false negatives varies depending on the type of test and the timing of use. Studies estimate that the rate of false negatives is around 1-5% when the test is used correctly and after the expected period date.","Despite marketing claims that such tests are 99 percent accurate, research at Washington University School of Medicine in St. Louis over the past decade has shown that up to 5 percent of pregnancy tests return results indicating a woman is not pregnant when, in reality, she is.",Whole_answer,Consistent
317,how many months is a woman pregnant?,pregnancy,How + adj/adv Question,Sampled_Original,,9 months,10 months,Highlighted_answer,Numeric Mismatch
317,how many months is a woman pregnant?,pregnancy,How + adj/adv Question,Sampled_Original,,"A full-term pregnancy typically lasts for 9 months . This is based on the fact that there are 40 weeks in a pregnancy, and 40 weeks divided by 4 weeks per month equals 10 months. However, it's important to note that some pregnancies may last slightly longer or shorter.","“From a medical standpoint, doctors always talk in weeks and days,” says obstetrician, gynecologist (OB-GYN), and Flo medical board member Dr. Charlsie Celestine. “A full-term pregnancy is 40 weeks long, which equals 10 months. Yet commonly, people talk about pregnancy as being nine months long.”",Whole_answer,Consistent
329,how many weeks in a pregnancy term?,pregnancy,How + adj/adv Question,Sampled_Original,,40 weeks,40 weeks,Highlighted_answer,Consistent
329,how many weeks in a pregnancy term?,pregnancy,How + adj/adv Question,Sampled_Original,,"A full-term pregnancy typically lasts 40 weeks (or 280 days) from the first day of the last menstrual period. Here's a more detailed breakdown: Standard Calculation: Doctors calculate pregnancy duration from the first day of the last menstrual period, not the date of conception.",How long is full term? Pregnancy lasts for about 280 days or 40 weeks. A preterm or premature baby is delivered before 37 weeks of your pregnancy. Extremely preterm infants are born 23 through 28 weeks.,Whole_answer,Consistent
345,how many weeks pregnancy test?,pregnancy,How + adj/adv Question,Sampled_Original,surpressed_AIO,technically it's possible to get a positive pregnancy test at 3 weeks pregnant,as early as 10 days after conception,Highlighted_answer,Numeric Mismatch
345,how many weeks pregnancy test?,pregnancy,How + adj/adv Question,Sampled_Original,surpressed_AIO,"While technically it's possible to get a positive pregnancy test at 3 weeks pregnant , it's generally recommended to wait until after your missed period for more accurate results, as hormone levels might not be high enough yet. Here's a more detailed explanation: HCG Hormone: Pregnancy tests detect the hormone human chorionic gonadotropin (hCG), which is produced by the body after conception. HCG Levels: HCG levels start to rise shortly after conception, but they are very low in the early stages, and may not be detectable by all tests.","In many cases, you might get a positive result from an at-home test as early as 10 days after conception. For a more accurate result, wait until after youve missed your period to take a test. Remember, if you take a test too soon, it could be negative even if youre pregnant.",Whole_answer,Numeric Mismatch
347,how many weeks is pregnancy in humans?,pregnancy,How + adj/adv Question,Sampled_Original,,40 weeks,40 weeks,Highlighted_answer,Consistent
347,how many weeks is pregnancy in humans?,pregnancy,How + adj/adv Question,Sampled_Original,,Human pregnancy typically lasts for 40 weeks . This is calculated from the first day of the last menstrual period (LMP). The 40 weeks are divided into three trimesters: First trimester: Weeks 1-13 Second trimester: Weeks 14-27 Third trimester: Weeks 28-40,Pregnancy lasts for about 280 days or 40 weeks. A preterm or premature baby is delivered before 37 weeks of your pregnancy. Extremely preterm infants are born 23 through 28 weeks.,Whole_answer,Consistent
348,how long are you pregnant?,pregnancy,How + adj/adv Question,Sampled_Original,,about 40 weeks,40 weeks,Highlighted_answer,Consistent
348,how long are you pregnant?,pregnancy,How + adj/adv Question,Sampled_Original,,"A typical pregnancy lasts for about 40 weeks . This is calculated from the first day of the last menstrual period (LMP). The due date is estimated by adding 40 weeks to the LMP date. However, it's important to note that due dates are only estimates, and about 5% of babies are born before or after this date. A pregnancy is divided into three trimesters:","An unborn baby spends around 38 weeks in the womb, but the average length of pregnancy (gestation) is counted as 40 weeks. This is because pregnancy is counted from the first day of the womans last period, not the date of conception, which generally occurs 2 weeks later.",Whole_answer,Consistent
353,how long is the 1st trimester of pregnancy?,pregnancy,How + adj/adv Question,Sampled_Original,,12 weeks,conception to 12 weeks,Highlighted_answer,Numeric Mismatch
353,how long is the 1st trimester of pregnancy?,pregnancy,How + adj/adv Question,Sampled_Original,,"The first trimester of pregnancy lasts for 12 weeks , from the first day of the last menstrual period (LMP) until the end of week 12.",Pregnancy is roughly divided into 3 stages known as trimesters of about 3 months each : first trimester – conception to 12 weeks. second trimester – 13 to 27 weeks. third trimester – 28 to 40 weeks.,Whole_answer,Numeric Mismatch
359,how long is a trimester in pregnancy?,pregnancy,How + adj/adv Question,Sampled_Original,,"roughly 13 weeks, or about 3 months",first trimester – conception to 12 weeks,Highlighted_answer,Numeric Mismatch
359,how long is a trimester in pregnancy?,pregnancy,How + adj/adv Question,Sampled_Original,,"A pregnancy trimester is roughly 13 weeks, or about 3 months , and a full-term pregnancy is divided into three trimesters, spanning from week 1 to week 40.",Pregnancy is roughly divided into 3 stages known as trimesters of about 3 months each : first trimester – conception to 12 weeks. second trimester – 13 to 27 weeks. third trimester – 28 to 40 weeks.,Whole_answer,Numeric Mismatch
362,how many trimester in pregnancy?,pregnancy,How + adj/adv Question,Sampled_Original,,three trimesters,3 stages,Highlighted_answer,Consistent
362,how many trimester in pregnancy?,pregnancy,How + adj/adv Question,Sampled_Original,,Pregnancy is divided into three trimesters : First trimester: Weeks 1-13 Second trimester: Weeks 14-27,Pregnancy is roughly divided into 3 stages known as trimesters of about 3 months each : first trimester – conception to 12 weeks. second trimester – 13 to 27 weeks. third trimester – 28 to 40 weeks.,Whole_answer,Consistent
367,how many weeks are women pregnant for?,pregnancy,How + adj/adv Question,Sampled_Original,,40 weeks,40 weeks,Highlighted_answer,Consistent
367,how many weeks are women pregnant for?,pregnancy,How + adj/adv Question,Sampled_Original,,"A full-term pregnancy typically lasts for 40 weeks . This is calculated from the first day of the last menstrual period (LMP). The pregnancy is divided into three trimesters, each lasting around 13 weeks.",Pregnancy lasts for about 280 days or 40 weeks. A preterm or premature baby is delivered before 37 weeks of your pregnancy. Extremely preterm infants are born 23 through 28 weeks. Moderately preterm infants are born between 29 and 33 weeks.,Whole_answer,Consistent
373,how much weight should a woman of normal pre-pregnancy bmi gain during the first trimester?,pregnancy,How + adj/adv Question,Sampled_Original,,1 to 4 pounds,1 to 5 pounds,Highlighted_answer,Numeric Mismatch
373,how much weight should a woman of normal pre-pregnancy bmi gain during the first trimester?,pregnancy,How + adj/adv Question,Sampled_Original,,"During the first trimester, a woman with a normal pre-pregnancy BMI (18.5-24.9) should aim to gain 1 to 4 pounds (0.5 to 1.8 kilograms), according to the American College of Obstetricians and Gynecologists (ACOG) . Here's a more detailed breakdown: First Trimester :","Weight gain depends in part on your body mass index (BMI) before pregnancy. During your first 12 weeks—the first trimester—you may gain only 1 to 5 pounds or no weight at all. In your second and third trimesters, if you were a healthy weight before pregnancy, you should gain between half a pound and 1 pound per week.",Whole_answer,Numeric Mismatch
376,how early do you see signs of pregnancy?,pregnancy,How + adj/adv Question,Sampled_Original,,as early as one week after conception,a week or two after conception,Highlighted_answer,Numeric Mismatch
376,how early do you see signs of pregnancy?,pregnancy,How + adj/adv Question,Sampled_Original,,"Early signs of pregnancy can appear as early as one week after conception . Some common early symptoms include: Missed period: This is often the first sign of pregnancy. Implantation bleeding: Light spotting or cramping that occurs when the fertilized egg implants in the uterus. Nausea and vomiting: Also known as ""morning sickness,"" this can occur at any time of day.","When do pregnancy symptoms start? Every woman has their own journey to motherhood, so symptoms and timing can vary. Some women may begin noticing the first early signs of pregnancy a week or two after conception, while others will start to feel symptoms closer to four or five weeks after conception.",Whole_answer,Numeric Mismatch
377,how should pregnant women sleep?,pregnancy,How + adj/adv Question,Sampled_Original,,"sleeping on your side, particularly the left side","on your side, either left or right",Highlighted_answer,Other Problematic Mismatch
377,how should pregnant women sleep?,pregnancy,How + adj/adv Question,Sampled_Original,,"During pregnancy, especially in the second and third trimesters, sleeping on your side, particularly the left side , is generally recommended for optimal circulation and comfort, while avoiding sleeping on your back. Here's a more detailed explanation: Why side sleeping is preferred:","The safest position to go to sleep is on your side, either left or right. Research suggests that, after 28 weeks, falling asleep on your back can double the risk of stillbirth. This may be to do with the flow of blood and oxygen to the baby.",Whole_answer,Other Problematic Mismatch
384,how does an iud prevent pregnancy?,pregnancy,How + adj/adv Question,Sampled_Original,,"An intrauterine device (IUD) is a small, T-shaped device inserted into the uterus to prevent pregnancy. There are two main types of IUDs: hormonal and copper. Hormonal IUDs: Release the hormone progestin, which thickens cervical mucus, making it difficult for sperm to penetrate.","How Does an IUD Work? The copper-coated IUD prevents pregnancy by not allowing the sperm to fertilize the egg. It may also make it harder for a fertilized egg to implant in the uterus. An IUD coated with progestin works in a similar way, but also thickens the cervical mucus and thins the uterine lining.",Whole_answer,Consistent
391,how many months does pregnancy last?,pregnancy,How + adj/adv Question,Sampled_Original,,around 9 months,10 months,Highlighted_answer,Numeric Mismatch
391,how many months does pregnancy last?,pregnancy,How + adj/adv Question,Sampled_Original,,"Pregnancy typically lasts for around 9 months . More precisely, it takes about 40 weeks (280 days) from the first day of the last menstrual period (LMP) to give birth. This is often referred to as a full-term pregnancy. In some cases, pregnancy may last longer or shorter, but 9 months is the average duration.","“From a medical standpoint, doctors always talk in weeks and days,” says obstetrician, gynecologist (OB-GYN), and Flo medical board member Dr. Charlsie Celestine. “A full-term pregnancy is 40 weeks long, which equals 10 months. Yet commonly, people talk about pregnancy as being nine months long.”",Whole_answer,Consistent
396,how long is a human pregnancy?,pregnancy,How + adj/adv Question,Sampled_Original,,"approximately 40 weeks, or 280 days",40 weeks,Highlighted_answer,Consistent
396,how long is a human pregnancy?,pregnancy,How + adj/adv Question,Sampled_Original,,"A typical human pregnancy lasts approximately 40 weeks, or 280 days . This is calculated from the first day of the last menstrual period (LMP). However, there can be some variation in the length of pregnancy. About 5% of babies are born before 37 weeks (premature), while about 5% are born after 42 weeks (post-term).","Pregnancy normally lasts about 40 weeks – thats around 280 days from the first day of your last period. Labour usually starts a week either side of this date, but you might go overdue.",Whole_answer,Consistent
403,how to get baby to sleep in crib?,babycare,How to Question,Sampled_Original,surpressed_AIO,"The ""5-3-3 rule"" for babies, often used in the context of sleep training, generally means: if a baby wakes before 5 hours after bedtime, follow your sleep training method; if they wake after 5 hours, wait 3 hours before feeding or intervening, and then 3 hours after that for subsequent wake-ups . Here's a more detailed explanation: 5-Hour Window: If a baby wakes up for the first time before 5 hours after their bedtime, it's considered a "" night wake-up "" and the parent is encouraged to follow their established sleep training method (e.g., extinction, Ferber method , etc.). 3-Hour Intervals:","Here are just a few: 1. Always place your baby to sleep space on their back. 2. Babies should sleep alone. 3. Sleep surfaces should be firm, with a flat mattress with a tight-fitted sheet. 4. Keep the crib free of toys, stuffed animals, blankets, linens, or anything else besides the baby during sleep time.",Whole_answer,Other Problematic Mismatch
404,how to tell if baby is dehydrated?,babycare,How to Question,Sampled_Original,,"Signs of Dehydration in Babies: Early Signs: Decreased urination or fewer wet diapers Dry mouth, lips, or tongue Thirst Irritability or fussiness",Signs and symptoms of dehydration in kids 1. Dry mouth and lips. 2. Dont have many tears when crying. 3. They arent going to the bathroom as much – or dont have as many wet diapers. 4. Eyes look sunken. 5. In an infant – the soft spot on the top of the head is sunken. 6. Being cranky or irritable.,Whole_answer,Consistent
409,how to teach baby sign language?,babycare,How to Question,Sampled_Original,,"To teach baby sign language, consistently incorporate signs into your daily routine, saying the word and making the sign simultaneously . Start with a few essential signs like ""more,"" ""all done,"" and ""milk,"" and gradually expand your repertoire. Here's a more detailed guide:",How to teach baby sign language 1. Sign on early. ...  2. Sign as needed. ...  3. Follow your babys signs. ...  4. Speak and sign at the same time. ...  5. Put in face time. ...  6. Use the world around you. ...  7. Reward your baby. ...  8. Sign him up.,Whole_answer,Consistent
416,how to get baby to latch?,babycare,How to Question,Sampled_Original,,"To help your baby latch, position them belly-to-belly with their nose near your nipple, encourage them to open wide with a gentle rub, and ensure they take a deep latch with their lips turned outwards and a good amount of the areola in their mouth . Here's a more detailed guide:","Getting a good latch 1. Create a calm environment first. Recline on pillows or other comfortable area. ...  2. Hold your baby skin-to-skin. Hold your baby, wearing only a diaper, against your bare chest. ...  3. Let your baby lead. ...  4. Support your baby, but dont force the latch. ...  5. Allow your breast to hang naturally.",Whole_answer,Consistent
418,how to take good care of a baby?,babycare,How to Question,Sampled_Original,,"Taking care of a baby involves providing basic needs like feeding, changing diapers, ensuring a safe sleep environment, and bonding with them . Additionally, it's important to be attentive to their health, learn about their developmental milestones, and seek support when needed. Here's a more detailed look at essential aspects of baby care: ","Take Good Care of Your Baby - What Everyone Can Do 1. Never shake your baby. 2. Never leave your baby alone. 3. Its safest for baby to sleep alone. 4. Childproof your home. 5. Protect against lead poisoning. 6. Be the best parent you can be. 7. Choose your caregiver carefully: Think twice, then think again.",Whole_answer,Consistent
420,how to tell if baby is breech?,babycare,How to Question,Sampled_Original,,your doctor or midwife will assess your baby's position by feeling your abdomen and potentially using an ultrasound,An ultrasound can confirm if a baby is in a breech position,Highlighted_answer,Consistent
420,seems to be very different levels of details (which should be fine) and different aspects (which also be fine) as long as it's very different methods that triggering user confused as the previous example?,babycare,How to Question,Sampled_Original,,"You might not be able to tell if your baby is breech on your own, but your doctor or midwife will assess your baby's position by feeling your abdomen and potentially using an ultrasound , especially around 36 weeks of pregnancy. Here's a more detailed explanation: How Doctors Determine Breech Position:","By feeling where the head, back and buttocks are, its usually possible to find out what part of the baby is positioned to deliver first. An ultrasound can confirm if a baby is in a breech position.",Whole_answer,Consistent
421,how to nurse a baby?,babycare,How to Question,Sampled_Original,,"ensure a comfortable, supported position for both of you, aim for a deep latch with the baby's mouth covering most of the areola, and encourage a rhythmic sucking pattern, with the baby's chin touching the breast and lips flanged out",position and latch your baby onto the breast,Highlighted_answer,Consistent
421,how to nurse a baby?,babycare,How to Question,Sampled_Original,,"To effectively nurse a baby, ensure a comfortable, supported position for both of you, aim for a deep latch with the baby's mouth covering most of the areola, and encourage a rhythmic sucking pattern, with the baby's chin touching the breast and lips flanged out . Here's a more detailed guide:",The key to successful breastfeeding is the way you position and latch your baby onto the breast. You should hold the baby “tummy to tummy” so that there is no space between your body and your baby. The baby needs to be facing the breast. Please make sure not to press on the back of the babys head.,Whole_answer,Consistent
426,how to care for a newborn baby girl?,babycare,How to Question,Sampled_Original,,"Caring for a newborn baby girl involves providing basic needs like feeding, ensuring good sleep, bathing, and engaging in bonding activities . Regular doctor visits are also crucial for her healthy development. Here's a more detailed look at key aspects: 1. Feeding and Nutrition:","Keep your newborn clean and comfortable by bathing her two to three times a week. Initially, use a soft washcloth, warm water and mild baby soap to avoid aggravating her tender skin. To maintain good hygiene clean her face regularly, wipe her gums with a soft cloth – and change her diaper frequently.",Whole_answer,Consistent
427,how to look after a newborn baby girl?,babycare,How to Question,Sampled_Original,,"Caring for a newborn baby girl involves basic hygiene, feeding, and establishing routines . Keep her warm (1-2 layers more than an adult), clean her regularly (diaper changes, wiping from front to back), and bath her a few times a week. Breastfeeding or formula feeding is essential, and frequent feedings are common in the first few days. Safe handling, including supporting her head and neck, and gentle play are also important. Detailed Care Tips:","To maintain good hygiene clean her face regularly, wipe her gums with a soft cloth – and change her diaper frequently. Create a strong bond with your newborn through skin-to-skin contact and by responding to her needs. At various times, talk, sing, hum and read to her – even if she doesnt understand the words.",Whole_answer,Consistent
428,how to take care of a newborn baby at home?,babycare,How to Question,Sampled_Original,,"Caring for a newborn at home involves providing warmth, nourishment, and a safe environment . Key aspects include maintaining a warm environment, frequent feeding (breastfeeding or formula), ensuring a safe sleep environment (back to sleep), diaper changes, and keeping the baby clean. Regular pediatrician visits and monitoring for any signs of distress are also crucial. Here's a more detailed breakdown: ",Caring for a newborn 1. Wipe the baby dry and clean and delay the first bath for at least 24 hours. 2. Keep the baby warm with one or two layers of clothes more than adults and keep the head covered with a hat. 3. Have the baby tested for eye and hearing problems and for jaundice.,Whole_answer,Consistent
429,how to make a baby go to sleep?,babycare,How to Question,Sampled_Original,surpressed_AIO,"The ""5-3-3 rule"" for babies, often used in the context of sleep training, generally means: if a baby wakes before 5 hours after bedtime, follow your sleep training method; if they wake after 5 hours, wait 3 hours before feeding or intervening, and then 3 hours after that for subsequent wake-ups . Here's a more detailed explanation: 5-Hour Window: If a baby wakes up for the first time before 5 hours after their bedtime, it's considered a "" night wake-up "" and the parent is encouraged to follow their established sleep training method (e.g., extinction, Ferber method , etc.). 3-Hour Intervals:","Consider these tips: 1. Follow a calming bedtime routine. At first, your routine will be set by your baby. ...  2. Put your baby to bed drowsy, but awake. When you see signs of tiredness, such as when babies rub their eyes, head to the bedroom. ...  3. Give your baby time to settle down. ...  4. Consider a pacifier.",Whole_answer,Other Problematic Mismatch
430,how to take care of infant baby?,babycare,How to Question,Sampled_Original,,"Caring for an infant involves frequent feeding (breast or formula), diaper changes, safe sleep practices (back to sleep), and gentle hygiene, while also providing ample opportunities for bonding through holding, talking, and playing . Here's a more detailed guide to infant care: 1. Feeding:",Caring for a newborn 1. Wipe the baby dry and clean and delay the first bath for at least 24 hours. 2. Keep the baby warm with one or two layers of clothes more than adults and keep the head covered with a hat. 3. Have the baby tested for eye and hearing problems and for jaundice.,Whole_answer,Consistent
431,how to install baby car seat?,babycare,How to Question,Sampled_Original,surpressed_AIO,"To ensure your car seat is installed correctly, follow these steps: refer to your car seat and vehicle manuals, use the correct belt path, and perform the ""inch test"" to check for tightness, ensuring the seat doesn't move more than an inch side-to-side or front-to-back . Here's a more detailed breakdown: 1. Consult Manuals: Car Seat Manual: Familiarize yourself with the specific instructions for your car seat model, including the correct installation methods (LATCH or seatbelt) and belt paths for both rear-facing and forward-facing configurations.",With a Seat Belt 1. Read your car seats instruction manual and your vehicles owner manual. ...  2. Place the car seat base in the back seat of your vehicle. 3. Carefully thread the seat belt through the rear-facing belt path. ...  4. Buckle the seat belt. 5. Lock the seat belt. 6. Press down firmly on the car seat base and tighten.,Whole_answer,Consistent
432,how to prepare baby formula?,babycare,How to Question,Sampled_Original,,"boil water, let it cool for 5 minutes, and then add the correct amount of formula powder to the water, following the instructions on the formula container",Boil the water and then wait about 5 minutes before mixing with powdered infant formula,Highlighted_answer,Consistent
432,how to prepare baby formula?,babycare,How to Question,Sampled_Original,,"To safely prepare baby formula, boil water, let it cool for 5 minutes, and then add the correct amount of formula powder to the water, following the instructions on the formula container . Always wash your hands and clean your workspace before preparing the formula. Here's a more detailed breakdown:","When tap water is safe to use, it can be mixed with powdered infant formula. Boil the water and then wait about 5 minutes before mixing with powdered infant formula. After mixing, the formula will be too hot to feed your baby, so its important to wait for the formula to cool first so you dont burn your babys mouth.",Whole_answer,Consistent
434,how to take a baby's temperature?,babycare,How to Question,Sampled_Original,,"use a digital thermometer and choose the most accurate method: rectal for babies under 3 months, or axillary (armpit) or temporal (forehead) for older babies",Hold them comfortably on your knee and put the thermometer in their armpit,Highlighted_answer,Other Problematic Mismatch
434,how to take a baby's temperature?,babycare,How to Question,Sampled_Original,,"To take a baby's temperature, use a digital thermometer and choose the most accurate method: rectal for babies under 3 months, or axillary (armpit) or temporal (forehead) for older babies , following the manufacturer's instructions. Here's a more detailed guide: 1. Choosing the Right Method:",To take your childs temperature: Hold them comfortably on your knee and put the thermometer in their armpit – always use the thermometer in the armpit with children under 5 years.,Whole_answer,Other Problematic Mismatch
435,how to babysit?,babycare,How to Question,Sampled_Original,,"To babysit effectively, prioritize safety, communication, and engagement . Learn basic first aid and CPR, familiarize yourself with the family's rules and routines, and keep the kids entertained with age-appropriate activities. Here's a more detailed guide: Before You Start: Safety First:",Being a Successful Babysitter 1. Spend time getting to know the kids. ...  2. Learn how to change a diaper. ...  3. Know how to feed children. ...  4. Find out the bedtime routine. ...  5. Join in with their play time activities. ...  6. Tell stories. ...  7. Come up with fun projects. ...  8. Take them to a playground if the parents say its okay.,Whole_answer,Consistent
438,how to help a teething baby?,babycare,How to Question,Sampled_Original,surpressed_AIO,"fussiness, increased crying, gum swelling, and increased drooling, along with a tendency to chew on things","gently rub or massage the gums with your finger, or give the child a firm (not liquid-filled) teether made of rubber to chew on",Highlighted_answer,Other Problematic Mismatch
438,how to help a teething baby?,babycare,How to Question,Sampled_Original,surpressed_AIO,"To tell if your baby is in pain from teething, watch for signs like fussiness, increased crying, gum swelling, and increased drooling, along with a tendency to chew on things . However, if you notice a fever, diarrhea, or vomiting, it's important to rule out other causes and consult with a doctor. Here's a more detailed look at the signs and symptoms of teething: Common Signs of Teething: Fussiness and Irritability : Babies may become more cranky and cry more than usual. Increased Crying : Teething can cause discomfort, leading to more frequent or intense crying spells.","What You Can Do to Ease Teething Pain. If a childs gums are swollen and tender, gently rub or massage the gums with your finger, or give the child a firm (not liquid-filled) teether made of rubber to chew on. Make sure the teething ring is not frozen. If the object is too hard, it can hurt the childs gums.",Whole_answer,Other Problematic Mismatch
445,how to take care of small baby?,babycare,How to Question,Sampled_Original,,"To care for an infant, prioritize their basic needs: feeding (breastfeeding or formula), keeping them clean and dry, ensuring a safe sleep environment (always on their back), and providing plenty of cuddles and interaction . Here's a more detailed breakdown of infant care: 1. Feeding: Breastfeeding:",Caring for a newborn 1. Wipe the baby dry and clean and delay the first bath for at least 24 hours. 2. Keep the baby warm with one or two layers of clothes more than adults and keep the head covered with a hat. 3. Have the baby tested for eye and hearing problems and for jaundice.,Whole_answer,Consistent
448,how to take good care of a newborn baby?,babycare,How to Question,Sampled_Original,,"Caring for a newborn involves providing a safe, warm, and nurturing environment, ensuring proper nutrition, and addressing their basic needs like diaper changes, feeding, and sleep . It's also crucial to be aware of danger signs and when to seek medical attention. Immediate Care: Warmth and Drying: Immediately dry the newborn thoroughly and provide warmth with skin-to-skin contact with the mother or a warm blanket.",Caring for a newborn 1. Wipe the baby dry and clean and delay the first bath for at least 24 hours. 2. Keep the baby warm with one or two layers of clothes more than adults and keep the head covered with a hat. 3. Have the baby tested for eye and hearing problems and for jaundice.,Whole_answer,Consistent
461,how to look after a baby girl?,babycare,How to Question,Sampled_Original,,"providing for their basic needs, ensuring their safety, and fostering a nurturing environment","clean her face regularly, wipe her gums with a soft cloth – and change her diaper frequently",Highlighted_answer,Consistent
461,how to look after a baby girl?,babycare,How to Question,Sampled_Original,,"Caring for a baby girl, like any baby, involves providing for their basic needs, ensuring their safety, and fostering a nurturing environment . This includes feeding, diapering, bathing, and providing plenty of cuddles and interaction. Here's a more detailed guide: 1. Basic Needs:","To maintain good hygiene clean her face regularly, wipe her gums with a soft cloth – and change her diaper frequently. Create a strong bond with your newborn through skin-to-skin contact and by responding to her needs. At various times, talk, sing, hum and read to her – even if she doesnt understand the words.",Whole_answer,Consistent
468,how to take a newborn baby?,babycare,How to Question,Sampled_Original,surpressed_AIO,"No, it is generally not safe to lift a baby, especially a newborn, by their armpits, as it can cause injury and doesn't provide proper head and neck support",slide one hand under their head and neck and the other hand under their bottom,Highlighted_answer,Other Problematic Mismatch
468,how to take a newborn baby?,babycare,How to Question,Sampled_Original,surpressed_AIO,"No, it is generally not safe to lift a baby, especially a newborn, by their armpits, as it can cause injury and doesn't provide proper head and neck support . Here's why: Risk of Injury: Lifting a baby under the armpits puts undue stress on their developing shoulders and joints, potentially causing injury, especially to the brachial plexus (nerves and blood vessels around the armpit and shoulder). Lack of Head and Neck Support: Babies, especially newborns, have weak head and neck muscles. Lifting them by the armpits doesn't provide adequate support, potentially leading to their head flopping around, which can cause injury.","To pick up your baby, slide one hand under their head and neck and the other hand under their bottom. Bend your knees to protect your back. Once youve got a good hold, scoop up your baby and bring them close to your chest as you straighten your legs again.",Whole_answer,Other Problematic Mismatch
469,how to burp a newborn baby?,babycare,How to Question,Sampled_Original,,"To burp a newborn, hold them upright, either over your shoulder or in a sitting position on your lap, and gently pat or rub their back to help release trapped air . Here's a more detailed guide: 1. Over the Shoulder Position: Preparation: Place a burp cloth over your shoulder to protect your clothes.","Sit your baby on your lap facing away from you. Place the palm of your hand flat against their chest and support their chin and jaw (do not put any pressure on the throat area). Lean your baby forwards slightly and with your free hand, gently rub or pat your babys back.",Whole_answer,Consistent
474,how to transition baby to crib?,babycare,How to Question,Sampled_Original,,"To smoothly transition your baby to a crib, start by familiarizing them with the crib during naps and daytime play, gradually increasing the time spent there, while maintaining a consistent bedtime routine and a comfortable, safe sleep environment . Here's a more detailed guide:",Heres how to transition baby to crib quickly and easily! 1. Get them comfortable with the crib. The best way to transition baby to crib is to get them familiar with it before you start making the transition. ...  2. Stay consistent. ...  3. Start small & take time. ...  4. Invest in the Right Sleepwear. ...  5. Create a Comfortable Crib Environment.,Whole_answer,Consistent
476,how to care newly born baby?,babycare,How to Question,Sampled_Original,,"Caring for a newborn involves ensuring their warmth, hygiene, and feeding needs are met, along with safe sleeping practices . It's also important to establish a strong bond with the baby through skin-to-skin contact and nurturing care. Immediate Care at Birth: Skin-to-skin contact : Place the baby on the mother's chest or belly, covered with a warm blanket, to regulate their temperature and heart rate.",Caring for a newborn 1. Wipe the baby dry and clean and delay the first bath for at least 24 hours. 2. Keep the baby warm with one or two layers of clothes more than adults and keep the head covered with a hat. 3. Have the baby tested for eye and hearing problems and for jaundice.,Whole_answer,Consistent
480,how to help a choking baby?,babycare,How to Question,Sampled_Original,,"If a baby is choking, first, remain calm and check if they can cough or cry forcefully . If not, perform five back blows followed by five chest thrusts, alternating until the object is dislodged or the baby becomes unresponsive, at which point call 911 and begin CPR. Here's a more detailed breakdown:","Turn the infant face-up, supporting the head and neck and resting them on your thigh. Keep their head lower than the chest. Place two fingers in the center of the chest just below the nipple line. Give 5 quick chest thrusts about 1 ½ inches deep.",Whole_answer,Other Problematic Mismatch
483,how to bring up a newborn baby?,babycare,How to Question,Sampled_Original,,"basic care like feeding (breastfeeding or formula), ensuring safety, and providing a nurturing environment",slide one hand under their head and neck and the other hand under their bottom,Highlighted_answer,Other Problematic Mismatch
483,how to bring up a newborn baby?,babycare,How to Question,Sampled_Original,,"Raising a newborn involves basic care like feeding (breastfeeding or formula), ensuring safety, and providing a nurturing environment . It's crucial to prioritize sleep, seek support, and stock up on essentials while also looking after your own well-being. Here's a more detailed guide: 1. Feeding:","To pick up your baby, slide one hand under their head and neck and the other hand under their bottom. Bend your knees to protect your back. Once youve got a good hold, scoop up your baby and bring them close to your chest as you straighten your legs again.",Whole_answer,Other Problematic Mismatch
486,how to tell if baby has dropped?,babycare,How to Question,Sampled_Original,,"you might notice a lower belly, easier breathing, and increased pelvic pressure, along with a change in your walking pattern","your bump might look lower than usual, which is often noticeable when you stand sideways",Highlighted_answer,Consistent
486,how to tell if baby has dropped?,babycare,How to Question,Sampled_Original,,"When a baby ""drops"" (also called lightening ) , which is when the baby's head settles into the pelvis, you might notice a lower belly, easier breathing, and increased pelvic pressure, along with a change in your walking pattern . Here's a more detailed look at the signs: Lower belly position: Your belly might look lower and tilted forward, with more space between your breasts and the top of your bump.","When the baby drops, your bump might look lower than usual, which is often noticeable when you stand sideways. You might feel less pressure on your ribs and diaphragm, making breathing easier. You may also experience increased pelvic pressure and more frequent urination due to the babys lower position.",Whole_answer,Consistent
489,how to take care a newborn baby girl?,babycare,How to Question,Sampled_Original,,"Caring for a newborn baby girl involves basic hygiene, feeding, and ensuring her comfort and well-being . This includes frequent diaper changes, gentle bathing, and providing a safe sleep environment. Prioritizing bonding through skin-to-skin contact, cuddling, and interacting with your baby is also crucial. Here's a more detailed breakdown: Feeding:","Keep your newborn clean and comfortable by bathing her two to three times a week. Initially, use a soft washcloth, warm water and mild baby soap to avoid aggravating her tender skin. To maintain good hygiene clean her face regularly, wipe her gums with a soft cloth – and change her diaper frequently.",Whole_answer,Consistent
492,how to nurse a newborn baby?,babycare,How to Question,Sampled_Original,,"To successfully nurse a newborn, ensure a comfortable, relaxed environment, practice a proper latch where the baby's mouth covers the areola, and feed on demand, responding to the baby's cues . Here's a more detailed guide: 1. Positioning :","Supporting their neck, shoulders and back should allow them to tilt their head back and swallow easily. Always bring your baby to the breast and let them latch themselves. Avoid leaning your breast forward into your babys mouth, as this can lead to poor attachment. Your baby needs to get a big mouthful of breast.",Whole_answer,Consistent
496,how to soothe a teething baby?,babycare,How to Question,Sampled_Original,surpressed_AIO,a few days around the time a tooth erupts,"gently rub or massage the gums with your finger, or give the child a firm (not liquid-filled) teether made of rubber to chew on",Highlighted_answer,Other Problematic Mismatch
496,how to soothe a teething baby?,babycare,How to Question,Sampled_Original,surpressed_AIO,"Teething fussiness typically lasts for a few days around the time a tooth erupts , with symptoms starting a few days before and continuing for a few days after the tooth emerges, though it can vary from baby to baby. Here's a more detailed explanation: Timing of Teething: Teething symptoms, like fussiness, often begin a few days (3-5) before a tooth erupts and can persist for a few days after the tooth breaks through the gum. Individual Variation: Some babies may experience teething discomfort for only a few days, while others may have prolonged symptoms, sometimes for up to a week or more.","What You Can Do to Ease Teething Pain. If a childs gums are swollen and tender, gently rub or massage the gums with your finger, or give the child a firm (not liquid-filled) teether made of rubber to chew on. Make sure the teething ring is not frozen. If the object is too hard, it can hurt the childs gums.",Whole_answer,Other Problematic Mismatch
497,how to know if baby has ear infection?,babycare,How to Question,Sampled_Original,,"Signs and Symptoms of an Ear Infection in Babies: Crying and fussiness: Babies may cry excessively or become irritable due to ear pain. Pulling at ears: Babies may tug or pull at their ears to relieve pain. Discharge from the ear: Clear, yellow, or white fluid may drain from the infected ear. Fever: A fever is a common symptom of an ear infection.",The telltale sign of an ear infection is pain in and around the ear. Young children can develop ear infections before they are old enough to talk. That means parents are often left guessing why their child appears to be suffering.,Whole_answer,Consistent
498,how to save a choking baby?,babycare,How to Question,Sampled_Original,,"first shout for help and then perform 5 back blows between the shoulder blades, followed by 5 chest thrusts, repeating until the object dislodges or the baby becomes unresponsive",Use a combination of 5 back blows then 5 abdominal thrusts,Highlighted_answer,Consistent
498,how to save a choking baby?,babycare,How to Question,Sampled_Original,,"To save a choking baby, first shout for help and then perform 5 back blows between the shoulder blades, followed by 5 chest thrusts, repeating until the object dislodges or the baby becomes unresponsive . Here's a more detailed breakdown: Recognize the Signs: A choking baby may be unable to cry, cough, or breathe, or may be making a high-pitched, wheezing sound.",Use a combination of 5 back blows then 5 abdominal thrusts. An infant requires 5 back blows then 5 chest compressions to clear the airway.,Whole_answer,Consistent
499,how to tell if baby is head down?,babycare,How to Question,Sampled_Original,,"You can get an idea of your baby's position by paying attention to your belly's shape and your baby's movements, and by consulting with your healthcare provider, especially during the third trimester. Here's a breakdown of how to assess your baby's position: Belly Shape and Feel:","You may or may not notice that your baby is turning head down; however, some indicators include: 1. a feeling of pressure on your bladder and increased urination. 2. pressure on your pelvis and hips. 3. a reduction of pressure on your diaphragm and lungs. 4. the location of your babys kicks.",Whole_answer,Consistent
505,how to hide pregnancy?,pregnancy,How to Question,Sampled_Original,surpressed_AIO,"Pregnancy typically starts to show, with a noticeable baby bump, around the second trimester , between 16 and 20 weeks , although some women may notice a slight bump earlier, and others later. Here's a more detailed breakdown: First Trimester (Weeks 1-13): While your body is changing, a visible bump is unlikely, and you might just notice a slight puffiness. Second Trimester (Weeks 14-27): This is when the baby bump becomes more noticeable, with the uterus rising above the pelvic bone.","Here, experts share some tips. 1. Wear slightly oversized clothing. Go up a size or two, suggests Ali Levine, stylist and mom of three. ...  2. Disguise the midsection. ...  3. Distract the eye. ...  4. Snack often to avoid bouts of nausea. ...  5. Soothe your stomach. ...  6. Rest up when you can. ...  7. Sip mocktails (or make an excuse) ...  8. Dont commit to travel plans.",Whole_answer,Other Problematic Mismatch
506,how to relieve back pain during pregnancy?,pregnancy,How to Question,Sampled_Original,surpressed_AIO,"Yes, using a heating pad during pregnancy is generally considered safe , especially for relieving back pain and sore muscles, but it's crucial to avoid placing it directly on your abdomen and to ensure the temperature doesn't become too high. Here's a more detailed explanation: Safe for Back and Joints: Heating pads can be a helpful tool for managing pregnancy-related aches and pains in the back, hips, and joints. Avoid Direct Abdominal Heat: It's important to avoid placing a heating pad directly on your abdomen, as excessive heat could potentially impact the developing fetus.","Back Pain During Pregnancy 1. Stand with your ears, shoulders, and hips in a straight line. Try not to arch your back. 2. Try not to stand for too long. ...  3. Support your back. ...  4. Sleep on a firm mattress. ...  5. Sleep on your left side. ...  6. Wear supportive, low-heeled shoes. ...  7. Try a heating pad or cold pack on your back. ...  8. Try a belly band.",Whole_answer,Other Problematic Mismatch
508,how to write pregnancy gravida history?,pregnancy,How to Question,Sampled_Original,,"It includes the number of pregnancies (G), term births (T), preterm births (P), abortions (A), and living children (L)","gravida 2, para 2",Highlighted_answer,Consistent
508,how to write pregnancy gravida history?,pregnancy,How to Question,Sampled_Original,,"A pregnancy gravida history, often abbreviated as GTPAL , is a shorthand way to document a woman's obstetric history. It includes the number of pregnancies (G), term births (T), preterm births (P), abortions (A), and living children (L) . This format helps healthcare professionals quickly assess a woman's past reproductive experiences and potential risks for current and future pregnancies.","For example, a woman who is described as gravida 2, para 2 (sometimes abbreviated to G2 P2) has had two pregnancies and two deliveries after 24 weeks, and a woman who is described as gravida 2, para 0 (G2 P0) has had two pregnancies, neither of which survived to a gestational age of 24 weeks.",Whole_answer,Consistent
509,how to use pregnancy test kit?,pregnancy,How to Question,Sampled_Original,,"To use a pregnancy test kit , you'll typically collect a urine sample, either by placing the test stick into your urine stream or by dipping the test into a urine sample in a container . After a few minutes, the test will display a result, indicating either a positive (pregnant) or negative (not pregnant) result. Here's a more detailed step-by-step guide:","How to use a home pregnancy test kit 1. You collect urine in a small container and dip the test strip into the urine. ...  2. To improve accuracy of results, it is best to test your urine when you first get out of bed. ...  3. Most test strips indicate the presence of hCG by the appearance of a coloured line or dot. 4. Results are rapid.",Whole_answer,Consistent
514,how to safely lose weight while pregnant?,pregnancy,How to Question,Sampled_Original,surpressed_AIO,"Yes, staying active and maintaining a healthy lifestyle, including exercise, is generally safe and beneficial during pregnancy , helping manage pregnancy discomforts and aiding in recovery after childbirth. Benefits of Exercise During Pregnancy: Reduced Risk of Complications: Regular physical activity can help reduce the risk of pregnancy complications and ease discomforts like back pain. Improved Physical and Mental Health: Exercise can improve maternal physical and mental health. Easier Recovery After Childbirth: Being physically fit during pregnancy can aid in a smoother recovery after giving birth.",1.Cut down on calories 1. eating smaller portions. 2. skipping condiments. 3. swapping less-healthy fats such as butter for healthier plant-based versions such as olive oil. 4. snacking on fruit. 5. eating more vegetables and fewer starchy side dishes with your meals. 6. drinking plenty of water and cutting out soda.,Whole_answer,Other Problematic Mismatch
517,how to check pregnancy?,pregnancy,How to Question,Sampled_Original,,"take a pregnancy test, either at home with a urine test or at a doctor's office with a urine or blood test",Most pregnancy tests come in a box that contains 1 or 2 long sticks.,Highlighted_answer,Consistent
517,how to check pregnancy?,pregnancy,How to Question,Sampled_Original,,"To check for pregnancy, you can take a pregnancy test, either at home with a urine test or at a doctor's office with a urine or blood test , which detects the hormone hCG . Here's a more detailed explanation: Home Pregnancy Tests : These tests are readily available over-the-counter and are relatively inexpensive.","How does a pregnancy test work? All pregnancy tests detect the hormone human chorionic gonadotrophin (hCG), which starts to be produced around 6 days after fertilisation. Most pregnancy tests come in a box that contains 1 or 2 long sticks. You pee on the stick and the result appears on the stick after a few minutes.",Whole_answer,Consistent
519,how to terminate early pregnancy?,pregnancy,How to Question,Sampled_Original,surpressed_AIO,seek support and make an informed decision that aligns with your values and circumstances,taking two pills — mifepristone and misoprostol,Highlighted_answer,Other Problematic Mismatch
519,how to terminate early pregnancy?,pregnancy,How to Question,Sampled_Original,surpressed_AIO,"If you're pregnant and don't want to continue the pregnancy, you have options, including abortion and adoption, and it's crucial to seek support and make an informed decision that aligns with your values and circumstances . Here's a breakdown of what to do: 1. Acknowledge Your Feelings and Seek Support: It's okay to feel overwhelmed or uncertain: An unplanned pregnancy can be a lot to process, so allow yourself time to acknowledge your emotions. Talk to someone you trust:","The most common regimen involves taking two pills — mifepristone and misoprostol. Mifepristone blocks progesterone, the hormone needed to support a pregnancy. Misoprostol causes cramping and bleeding to empty your uterus. A medical abortion is a nonsurgical way to terminate a pregnancy in the first trimester.",Whole_answer,Other Problematic Mismatch
522,how to abort pregnancy?,pregnancy,How to Question,Sampled_Original,surpressed_AIO,"abortion (medical or surgical), continuing the pregnancy and parenting, or continuing the pregnancy and arranging for adoption",taking two pills — mifepristone and misoprostol,Highlighted_answer,Other Problematic Mismatch
522,how to abort pregnancy?,pregnancy,How to Question,Sampled_Original,surpressed_AIO,"If you're 3 weeks pregnant and don't want to continue, your options include abortion (medical or surgical), continuing the pregnancy and parenting, or continuing the pregnancy and arranging for adoption . It's crucial to explore these options and make an informed decision, potentially seeking guidance from a healthcare provider or counselor. Here's a more detailed breakdown of your options: Abortion : Medical Abortion : Involves taking medication to end the pregnancy, often used in early pregnancies.","The most common regimen involves taking two pills — mifepristone and misoprostol. Mifepristone blocks progesterone, the hormone needed to support a pregnancy. Misoprostol causes cramping and bleeding to empty your uterus. A medical abortion is a nonsurgical way to terminate a pregnancy in the first trimester.",Whole_answer,Other Problematic Mismatch
526,how to check pregnancy test?,pregnancy,How to Question,Sampled_Original,,"To check a pregnancy test, follow these steps: collect your urine, either by holding the test stick in the stream or collecting urine in a cup, and then wait for the indicated time for results to appear, which may be a color change, a line, or words on a digital screen . Here's a more detailed guide: 1. Timing:","How to use a home pregnancy test kit 1. You collect urine in a small container and dip the test strip into the urine. ...  2. To improve accuracy of results, it is best to test your urine when you first get out of bed. ...  3. Most test strips indicate the presence of hCG by the appearance of a coloured line or dot. 4. Results are rapid.",Whole_answer,Consistent
527,how to do a pregnancy test?,pregnancy,How to Question,Sampled_Original,,"collect urine in a cup and dip the test stick into it, or place the test stick in your urine stream, then wait a few minutes for results to appear, following the instructions provided with the test",Point the absorbent tip (with 5 small openings) directly into the urine stream.,Highlighted_answer,Other Problematic Mismatch
527,how to do a pregnancy test?,pregnancy,How to Question,Sampled_Original,,"To perform a home pregnancy test, either collect urine in a cup and dip the test stick into it, or place the test stick in your urine stream, then wait a few minutes for results to appear, following the instructions provided with the test . Here's a more detailed breakdown:","Point the absorbent tip (with 5 small openings) directly into the urine stream. Take the sample for at least 7-10 seconds, to ensure that an adequate sample is collected by the testing device. (Another technique is to collect the urine into a clean container and dip half of the absorbent pad for at least 10 seconds.)",Whole_answer,Other Problematic Mismatch
534,how to terminate a pregnancy?,pregnancy,How to Question,Sampled_Original,surpressed_AIO,"abortion (medical or surgical), continuing the pregnancy and parenting, or continuing the pregnancy and arranging for adoption",taking two pills — mifepristone and misoprostol,Highlighted_answer,Other Problematic Mismatch
534,how to terminate a pregnancy?,pregnancy,How to Question,Sampled_Original,surpressed_AIO,"If you are two weeks pregnant and don't want to continue the pregnancy, your options include abortion (medical or surgical), continuing the pregnancy and parenting, or continuing the pregnancy and arranging for adoption . It's crucial to explore your options and seek support from trusted individuals or professionals. Here's a more detailed breakdown: 1. Options & Considerations: Abortion: Medication Abortion: This involves taking medication to end the pregnancy, typically within the first few weeks.","The most common regimen involves taking two pills — mifepristone and misoprostol. Mifepristone blocks progesterone, the hormone needed to support a pregnancy. Misoprostol causes cramping and bleeding to empty your uterus. A medical abortion is a nonsurgical way to terminate a pregnancy in the first trimester.",Whole_answer,Other Problematic Mismatch
536,how to get pregnant with irregular periods?,pregnancy,How to Question,Sampled_Original,,"Focus on tracking your cycle, understanding your body's signals, and consider consulting with a healthcare provider for personalized guidance and potential treatments",have sex every 2 or 3 days throughout your cycle without using contraception,Highlighted_answer,Other Problematic Mismatch
536,how to get pregnant with irregular periods?,pregnancy,How to Question,Sampled_Original,,"While irregular periods can make predicting ovulation and timing intercourse more challenging, it doesn't mean you can't get pregnant. Focus on tracking your cycle, understanding your body's signals, and consider consulting with a healthcare provider for personalized guidance and potential treatments . Here's a more detailed approach:","Getting pregnant can be more difficult if you have irregular periods because you might not release an egg (ovulate) regularly. It can help to have sex every 2 or 3 days throughout your cycle without using contraception. If youre struggling to get pregnant, hormone medicine or fertility treatment may be recommended.",Whole_answer,Other Problematic Mismatch
540,how to increase hcg levels in early pregnancy?,pregnancy,How to Question,Sampled_Original,,There's no way to artificially increase hCG levels during early pregnancy,theres really nothing you can do to raise (or lower) your hCG levels during pregnancy,Highlighted_answer,Consistent
540,how to increase hcg levels in early pregnancy?,pregnancy,How to Question,Sampled_Original,,"There's no way to artificially increase hCG levels during early pregnancy , as they are naturally produced and controlled by the body. Focusing on a healthy lifestyle and trusting in the natural progression of your pregnancy is the best approach. Here's a more detailed explanation: hCG is a natural hormone: Human Chorionic Gonadotropin (hCG) is a hormone produced by the placenta after implantation, and its levels naturally rise during early pregnancy.","Unfortunately, since the hormone is produced and controlled by the body, theres really nothing you can do to raise (or lower) your hCG levels during pregnancy, Ross says. This is one of those things you simply cant control.",Whole_answer,Consistent
544,how to use a pregnancy test?,pregnancy,How to Question,Sampled_Original,,Instructions for Using a Pregnancy Test: 1. Gather Materials: Pregnancy test kit and Urine sample cup (optional). 2. Read Instructions: Carefully read the instructions included with the test kit . This will provide specific guidance on how to use the test correctly. 3. Collect Urine Sample:,"How to use a home pregnancy test kit 1. You collect urine in a small container and dip the test strip into the urine. ...  2. To improve accuracy of results, it is best to test your urine when you first get out of bed. ...  3. Most test strips indicate the presence of hCG by the appearance of a coloured line or dot. 4. Results are rapid.",Whole_answer,Consistent
547,how to avoid stretch marks during pregnancy?,pregnancy,How to Question,Sampled_Original,,"focus on skin hydration (drink plenty of water and use moisturizers), maintain a healthy diet rich in vitamins and minerals, and manage weight gain gradually",Exercising regularly and avoiding rapid weight gain or loss,Highlighted_answer,Consistent
547,how to avoid stretch marks during pregnancy?,pregnancy,How to Question,Sampled_Original,,"To minimize stretch marks during pregnancy, focus on skin hydration (drink plenty of water and use moisturizers), maintain a healthy diet rich in vitamins and minerals, and manage weight gain gradually . Here's a more detailed breakdown of how to approach stretch mark prevention: 1. Hydration is Key:","Exercising regularly and avoiding rapid weight gain or loss can strengthen the skin and reduce your chance of developing stretch marks. Eating nutrient-dense foods, such as those high in protein, zinc, and Vitamin C, can also help to prevent stretch marks, by boosting skin health and elasticity.",Whole_answer,Consistent
549,how to make a woman pregnant?,pregnancy,How to Question,Sampled_Original,surpressed_AIO,"To help sperm reach the egg and increase the chances of fertilization, some couples choose to lie down for 10-15 minutes after intercourse, with a pillow under their hips to help gravity assist sperm movement . Here's a more detailed explanation: Lying Down: After intercourse, lying down for a short period (10-15 minutes) is a common practice, though it's not scientifically proven to be essential. Pelvic Tilt : Some people recommend placing a pillow under the hips to slightly elevate the pelvis, which could help gravity assist the sperm's journey towards the uterus.","Follow these tips: 1. Have sex daily or every other day. The highest pregnancy rates happen in couples who do this. 2. Have sex near the time of ovulation. If you cant or dont want to have sex every day, have sex every 2 to 3 days a week starting soon after the end of your period. ...  3. Be at a healthy weight.",Whole_answer,Other Problematic Mismatch
563,how to calculate pregnancy month?,pregnancy,How to Question,Sampled_Original,,"To calculate pregnancy months, start with the first day of your last menstrual period (LMP), then count 40 weeks (or 280 days) from that date to estimate your due date, which is then used to determine the approximate month of pregnancy . Here's a more detailed explanation: Understanding the Timeline: Pregnancy is typically measured in weeks, with each week representing a stage of development.","Since many people dont know theyre pregnant during the first few weeks, month one is extended to six weeks. 1. Month 1: Week 1 through week 6. 2. Month 2: Week 7 through week 11. 3. Month 3: Week 12 through week 16. 4. Month 4: Week 17 through week 20. 5. Month 5: Week 21 through week 24. 6. Month 6: Week 25 through week 28.",Whole_answer,Consistent
564,how to check pregnancy test at home?,pregnancy,How to Question,Sampled_Original,,"To use a home pregnancy test, collect a urine sample, either by using a clean cup or by holding the test stick under your urine stream. Then, dip the test stick into the urine or apply urine to the test, and wait for the results to appear within the time frame specified by the test instructions . Here's a more detailed breakdown:","There are three ways to take an at-home pregnancy test: 1. Pee in a clean cup. Then, place one to several drops of your pee on a chemical strip. 2. Place the pregnancy test strip in your urine stream while you pee. 3. Pee in a clean cup and then dip the test strip in the pee while its still in the cup.",Whole_answer,Consistent
566,how to avoid pregnancy?,pregnancy,How to Question,Sampled_Original,,"use various methods like birth control pills, condoms, IUDs, implants, or natural family planning, or choose abstinence",use birth control properly and consistently,Highlighted_answer,Consistent
566,how to avoid pregnancy?,pregnancy,How to Question,Sampled_Original,,"To avoid pregnancy, you can use various methods like birth control pills, condoms, IUDs, implants, or natural family planning, or choose abstinence . Here's a more detailed breakdown of different methods: 1. Hormonal Methods : Birth Control Pills : These oral contraceptives prevent pregnancy by stopping ovulation and thickening cervical mucus.","Couples who do have sex need to use birth control properly and consistently to prevent pregnancy. For example, the birth control pill can be effective in preventing pregnancy. But if pills are skipped, it isnt an effective method. Condoms can be an effective form of birth control too.",Whole_answer,Consistent
570,how to sleep during pregnancy?,pregnancy,How to Question,Sampled_Original,,"Tips for Sleeping During Pregnancy Position: Side sleeping: This is the recommended position for most pregnant women, especially in the later trimesters. Sleeping on the left side may improve blood flow to the baby and reduce pressure on the vena cava. Avoid back sleeping: This position can put pressure on the uterus and major blood vessels.","The safest position to go to sleep is on your side, either left or right. Research suggests that, after 28 weeks, falling asleep on your back can double the risk of stillbirth. This may be to do with the flow of blood and oxygen to the baby.",Whole_answer,Other Problematic Mismatch
573,how to use clearblue pregnancy test?,pregnancy,How to Question,Sampled_Original,,Instructions for Using a Clearblue Pregnancy Test: Materials: Clearblue pregnancy test kit and Urine sample (first morning urine is recommended). Steps:,"How to use a Clearblue® pregnancy test 1. Remove the test stick from the wrapper and take off the cap. 2. Place the absorbent tip in your urine stream for 5 seconds. ...  3. Keep the absorbent tip pointing downwards throughout the testing process – i.e., never turn the stick with the absorbent tip pointing upwards.",Whole_answer,Other Problematic Mismatch
581,how to use pregnancy kit?,pregnancy,How to Question,Sampled_Original,,"To use a pregnancy test , collect a urine sample, either by peeing directly on the test stick or dipping the stick into a urine sample in a container, then follow the instructions for the specific test kit, waiting the allotted time before reading the results . Here's a more detailed breakdown:","How to use a home pregnancy test kit 1. You collect urine in a small container and dip the test strip into the urine. ...  2. To improve accuracy of results, it is best to test your urine when you first get out of bed. ...  3. Most test strips indicate the presence of hCG by the appearance of a coloured line or dot. 4. Results are rapid.",Whole_answer,Consistent
586,how to read a pregnancy test?,pregnancy,How to Question,Sampled_Original,,Steps to Read a Pregnancy Test: 1. Follow Instructions: Read the manufacturer's instructions carefully before using the test . 2. Collect Urine: Use a clean container to collect a fresh urine sample. 3. Dip Test Strip:,"How to Read Pregnancy Test Results 1. Single window test: a positive result would show both the control line and a second line (the famous two pink lines). 2. Two-window test: a single line will appear in the control window, and a plus sign (+) or another line will appear in the second window.",Whole_answer,Other Problematic Mismatch
591,how to lactate without pregnancy?,pregnancy,How to Question,Sampled_Original,surpressed_AIO,"usually caused by high levels of the hormone prolactin, which stimulates milk production","Suckling from the nipple can initiate lactation, either with a breast pump or by a baby",Highlighted_answer,Other Problematic Mismatch
591,how to lactate without pregnancy?,pregnancy,How to Question,Sampled_Original,surpressed_AIO,"Producing milk when not pregnant or breastfeeding, known as galactorrhea , is usually caused by high levels of the hormone prolactin, which stimulates milk production . It can have various causes, including certain medications, hormonal imbalances, or underlying medical conditions, and it's important to seek medical advice to determine the cause and appropriate treatment. Here's a more detailed explanation: What is Galactorrhea? Galactorrhea is the condition where milk or a milk-like substance is produced from the breasts when a person is not pregnant or breastfeeding.","If youre not pregnant, inducing lactation requires medication that mimics hormones your body makes during pregnancy. Suckling from the nipple can initiate lactation, either with a breast pump or by a baby.",Whole_answer,Other Problematic Mismatch
598,how to diagnose ectopic pregnancy?,pregnancy,How to Question,Sampled_Original,,"clinical evaluation, physical exam, and diagnostic tests",blood tests and an ultrasound,Highlighted_answer,Consistent
598,how to diagnose ectopic pregnancy?,pregnancy,How to Question,Sampled_Original,,"Diagnosis of Ectopic Pregnancy An ectopic pregnancy occurs when a fertilized egg implants outside the uterus, typically in the fallopian tube. Diagnosis involves a combination of clinical evaluation, physical exam, and diagnostic tests . Clinical Evaluation:","A pelvic exam can help your doctor identify areas of pain, tenderness, or a mass in the fallopian tube or ovary. However, your doctor cant diagnose an ectopic pregnancy by examining you. Youll need blood tests and an ultrasound.",Whole_answer,Consistent
600,how to stay healthy during pregnancy?,pregnancy,How to Question,Sampled_Original,,"To stay healthy during pregnancy in Los Angeles, prioritize a balanced diet rich in nutrients, stay active with doctor's approval, take prenatal vitamins, get enough sleep, and attend regular prenatal appointments, while avoiding alcohol, smoking, and excessive caffeine . Here's a more detailed breakdown: 1. Nutrition:",Important facts 1. Eat a variety of healthy foods each day. ...  2. Choose foods with healthy fats instead of saturated fat. ...  3. Choose fish low in mercury. ...  4. Eat a little more food each day than you normally would. ...  5. Make water your drink of choice. ...  6. Be mindful of your caffeine intake. ...  7. Healthy eating is more than the foods you eat.,Whole_answer,Consistent
604,what is baby powder made of?,babycare,Wh* Question,Sampled_Original,,"Baby powder can be made from different ingredients, depending on the manufacturer. Talc: This is a naturally occurring mineral that is soft and absorbent. It was historically the main ingredient in most baby powders. However, concerns about potential health risks have led many manufacturers to discontinue using talc. Cornstarch:","It may be composed of talc (in which case it is also called talcum powder), corn starch or potato starch. It may contain additional ingredients such as fragrances. Baby powder can also be used as a dry shampoo, cleaning agent (to remove grease stains), and air freshener.",Whole_answer,Consistent
608,what does a baby need?,babycare,Wh* Question,Sampled_Original,,"food, a safe place to sleep, clean diapers, clothes, and most importantly, love and attention from their caregivers","a crib, diapers, wipes, clothes, and feeding supplies",Highlighted_answer,Consistent
608,what does a baby need?,babycare,Wh* Question,Sampled_Original,,"A baby needs food, a safe place to sleep, clean diapers, clothes, and most importantly, love and attention from their caregivers . Here's a more detailed breakdown of a baby's needs: Basic Needs: Food: Babies need nourishment, either through breastfeeding or formula feeding.","Baby essentials for newborns include a crib, diapers, wipes, clothes, and feeding supplies. Dont forget room essentials like a changing table and storage, plus gear for outings like a car seat and stroller.",Whole_answer,Consistent
615,what does a baby look like at 12 weeks?,babycare,Wh* Question,Sampled_Original,,"about the size of a plum, measuring around 2.5 inches (6.3 cm) long and weighing approximately 0.5 ounces (14 grams)",about the size of a plum,Highlighted_answer,Consistent
615,what does a baby look like at 12 weeks?,babycare,Wh* Question,Sampled_Original,,"At 12 weeks of pregnancy, a baby is about the size of a plum, measuring around 2.5 inches (6.3 cm) long and weighing approximately 0.5 ounces (14 grams) . Appearance: The baby's head is large in proportion to its body, making up about half of its total length.","The internal organs and muscles have grown, and the heartbeat can be picked up on an ultrasound scan. The skeleton is made up from tissue and hardening into bone. The sex organs have formed, although most scans will not be able to tell your babys sex until later. Your baby is about the size of a plum.",Whole_answer,Consistent
618,what age do babies start eating baby food?,babycare,Wh* Question,Sampled_Original,,around 6 months of age,about 6 months,Highlighted_answer,Consistent
618,what age do babies start eating baby food?,babycare,Wh* Question,Sampled_Original,,Most babies are ready to start eating baby food around 6 months of age . This is when they typically have developed the following abilities: Sit up with good head and neck control,"The American Academy of Pediatrics recommends that for most children, you do not need to give food in a certain order. Your child can begin eating solid foods at about 6 months. By the time they are 7 or 8 months, your child can eat various foods from different food groups.",Whole_answer,Consistent
624,what do baby kicks feel like?,babycare,Wh* Question,Sampled_Original,,"subtle fluttering or tumbling sensations in the belly, often described as ""butterflies"" or a nervous twitch","a fluttering (like butterflies in your tummy), swishing, rolling or tumbling sensation or a tiny kick",Highlighted_answer,Consistent
624,what do baby kicks feel like?,babycare,Wh* Question,Sampled_Original,,"Baby kicks, or fetal movements, initially feel like subtle fluttering or tumbling sensations in the belly, often described as ""butterflies"" or a nervous twitch , and can become more distinct as the pregnancy progresses, evolving into recognizable kicks and jabs. Here's a more detailed explanation: Early Sensations ( Quickening ):","Each baby is different, with some more active than others. The first sensations you feel may be a fluttering (like butterflies in your tummy), swishing, rolling or tumbling sensation or a tiny kick. These early sensations are often called quickening.",Whole_answer,Consistent
630,what age do babies get measles vaccine?,babycare,Wh* Question,Sampled_Original,surpressed_AIO,because they likely contracted the diseases naturally during childhood before widespread vaccination,"12 to 15 months of age, and the second dose at 4 through 6 years of age",Highlighted_answer,Other Problematic Mismatch
630,what age do babies get measles vaccine?,babycare,Wh* Question,Sampled_Original,surpressed_AIO,"People born before 1957 are generally considered to have lifelong immunity to measles, mumps, and rubella because they likely contracted the diseases naturally during childhood before widespread vaccination , according to the CDC. Here's a more detailed explanation: Pre-Vaccine Era: Before the MMR vaccine (measles, mumps, and rubella) was widely available, measles was a very common and highly contagious disease, with nearly everyone getting it during childhood. Natural Immunity: This widespread exposure meant that most people born before 1957 developed natural immunity to measles, mumps, and rubella after contracting the diseases.","CDC recommends that people get MMR vaccine to protect against measles, mumps, and rubella. Children should get two doses of MMR vaccine, starting with the first dose at 12 to 15 months of age, and the second dose at 4 through 6 years of age. Teens and adults should also be up to date on their MMR vaccination.",Whole_answer,Other Problematic Mismatch
636,what age do babies eyes change colour?,babycare,Wh* Question,Sampled_Original,,between 3 and 6 months of age and is usually complete by 9 to 12 months,between 6 and 12 months,Highlighted_answer,Numeric Mismatch
636,what age do babies eyes change colour?,babycare,Wh* Question,Sampled_Original,,Most babies' eye colors change during their first year of life. The process typically begins between 3 and 6 months of age and is usually complete by 9 to 12 months .,"The experts say it can—to an extent. “Babies eyes tend to change color sometime between 6 and 12 months, but it can take as long as three years until you see the true color of what their eyes are going to be,” says Barbara Cohlan, MD, a neonatologist at St.",Whole_answer,Numeric Mismatch
639,what is the earliest a baby can survive birth?,babycare,Wh* Question,Sampled_Original,surpressed_AIO,between 37 and 42 weeks,24 weeks pregnant,Highlighted_answer,Numeric Mismatch
639,what is the earliest a baby can survive birth?,babycare,Wh* Question,Sampled_Original,surpressed_AIO,"While a full-term pregnancy is considered to be between 37 and 42 weeks , babies born at 34 weeks and beyond have a higher chance of survival and fewer complications than those born earlier, with babies born at 39 weeks having the best possible chance for a healthy start. Here's a more detailed explanation: Full-term : A full-term pregnancy is considered to be between 37 and 42 weeks. Preterm : Babies born before 37 weeks are considered preterm, and the earlier they are born, the greater the risk of health problems. 34 weeks and beyond : Babies born at 34 weeks and beyond have a higher chance of survival and fewer complications than those born earlier.","By the time youre 24 weeks pregnant, the baby has a chance of survival if they are born. Most babies born before this time cannot live because their lungs and other vital organs are not developed enough. The care that can now be given in baby (neonatal) units means more and more babies born early do survive.",Whole_answer,Numeric Mismatch
648,what to do if a baby is choking?,babycare,Wh* Question,Sampled_Original,,"If a baby is choking, first, stay calm and assess the situation. If the baby can cough or cry, let them continue. If they can't, perform 5 back blows followed by 5 chest thrusts until the object is dislodged or the baby becomes unconscious, then call emergency services . Here's a more detailed guide:",General Care: Choking Infant 1. Position infant face-down along your forearm using your thigh for support. ...  2. Give 5 firm back blows. ...  3. Turn infant face-up with their head lower than their body. 4. Give 5 quick chest thrusts. ...  5. Continue giving 5 back blows and 5 chest thrusts.,Whole_answer,Other Problematic Mismatch
650,what is baby powder used for?,babycare,Wh* Question,Sampled_Original,,"to absorb moisture and reduce friction on the skin, particularly in infants and young children",preventing diaper rash and for cosmetic uses,Highlighted_answer,Other Problematic Mismatch
650,what is baby powder used for?,babycare,Wh* Question,Sampled_Original,,"Baby powder is primarily used to absorb moisture and reduce friction on the skin, particularly in infants and young children . It is typically made from talc, a mineral that has absorbent and anti-caking properties. Here are some specific uses of baby powder: Preventing diaper rash: Baby powder can be applied to the diaper area to absorb moisture and prevent skin irritation.","Baby powder is an astringent powder used for preventing diaper rash and for cosmetic uses. It may be composed of talc (in which case it is also called talcum powder), corn starch or potato starch. It may contain additional ingredients such as fragrances.",Whole_answer,Consistent
653,what does a baby look like at 20 weeks?,babycare,Wh* Question,Sampled_Original,,"resembling a banana in size, with a protective coating of vernix, and is starting to look more like a baby, with developing facial features and active movements",about 6 1/3 inches (160 millimeters) long from crown to rump and weigh about 11 ounces (320 grams),Highlighted_answer,Consistent
653,what does a baby look like at 20 weeks?,babycare,Wh* Question,Sampled_Original,,"At 20 weeks, the baby, or fetus, is roughly 6.3 inches (16 cm) long and weighs about 11 ounces (312 grams), resembling a banana in size, with a protective coating of vernix, and is starting to look more like a baby, with developing facial features and active movements . Here's a more detailed look at the baby's development at 20 weeks: Size and Weight:","Your baby is regularly sleeping and waking and might be wakened by noises or your movements. By now, your baby might be about 6 1/3 inches (160 millimeters) long from crown to rump and weigh about 11 ounces (320 grams).",Whole_answer,Consistent
654,what color will my baby's eyes be?,babycare,Wh* Question,Sampled_Original,,"brown eyes are dominant, and lighter colors like blue or green are recessive",Two blue-eyed parents are very likely to have a blue-eyed child,Highlighted_answer,Other Problematic Mismatch
654,what color will my baby's eyes be?,babycare,Wh* Question,Sampled_Original,,"Predicting your baby's eye color is tricky, as it's a complex mix of genetics, but generally, brown eyes are dominant, and lighter colors like blue or green are recessive . Here's a more detailed explanation: Genetics Play a Key Role: Eye color is determined by genes, and multiple genes contribute to the final color.","Eye color is a genetic property, but its not quite as cut-and-dried as you might have learned in biology class. Two blue-eyed parents are very likely to have a blue-eyed child, but it wont happen every single time. Two brown-eyed parents are likely (but not guaranteed) to have a child with brown eyes.",Whole_answer,Consistent
656,what does it mean when baby drops?,babycare,Wh* Question,Sampled_Original,,"the baby's head descends lower into the pelvis, preparing for birth, and can happen a few weeks or even hours before labor begins",they descend into your pelvis in preparation for labor,Highlighted_answer,Consistent
656,what does it mean when baby drops?,babycare,Wh* Question,Sampled_Original,,"When a baby ""drops"" during pregnancy, also known as ""lightening,"" it means the baby's head descends lower into the pelvis, preparing for birth, and can happen a few weeks or even hours before labor begins . Here's a more detailed explanation: What it is: ""Dropping"" or ""lightening"" refers to the baby's head settling lower into the pelvis, which is a natural process that occurs as the body prepares for labor.","When your baby drops, it means they descend into your pelvis in preparation for labor. The process is also called lightening because it creates space between your breasts and your pelvis – you may actually feel lighter.",Whole_answer,Consistent
657,what causes rsv in babies?,babycare,Wh* Question,Sampled_Original,surpressed_AIO,"Yes, kissing babies can potentially spread RSV","RSV spreads when droplets from a cough, sneeze, or infected surface get inside the eyes, nose, or mouth",Highlighted_answer,Other Problematic Mismatch
657,what causes rsv in babies?,babycare,Wh* Question,Sampled_Original,surpressed_AIO,"Yes, kissing babies can potentially spread RSV ( respiratory syncytial virus ) , a common virus that can cause lung infections, especially in babies, as it spreads through physical contact like kissing, coughing, or sneezing. Here's a more detailed explanation: How RSV Spreads: RSV is spread through contact with contaminated respiratory droplets, which can occur through coughing, sneezing, or even direct contact like kissing. Kissing as a Risk Factor: If someone with RSV kisses a baby, the virus can be transmitted through the baby's mouth or nose, potentially leading to infection.","RSV is most common during the winter virus season (November – March) but can vary by local areas. RSV spreads when droplets from a cough, sneeze, or infected surface get inside the eyes, nose, or mouth. 2 out of 3 babies will get RSV by age 1. RSV can go from cold-like symptoms to hospitalization in less than a week.",Whole_answer,Other Problematic Mismatch
658,what does baby powder do?,babycare,Wh* Question,Sampled_Original,,"absorb moisture and reduce friction on the skin, helping to prevent rashes and keep skin dry and comfortable",preventing diaper rash and for cosmetic uses,Highlighted_answer,Consistent
658,what does baby powder do?,babycare,Wh* Question,Sampled_Original,,"Baby powder, traditionally made with talc (though many now use cornstarch), is primarily used to absorb moisture and reduce friction on the skin, helping to prevent rashes and keep skin dry and comfortable , especially in babies. Here's a more detailed explanation: Moisture Absorption:","Baby powder is an astringent powder used for preventing diaper rash and for cosmetic uses. It may be composed of talc (in which case it is also called talcum powder), corn starch or potato starch. It may contain additional ingredients such as fragrances.",Whole_answer,Consistent
660,what color eyes are babies born with?,babycare,Wh* Question,Sampled_Original,,"many are born with brown eyes, and some may have blue, gray, or even hazel eyes","more than half of babies are born with brown eyes, while a good number of newborns have blue or gray eyes",Highlighted_answer,Consistent
660,what color eyes are babies born with?,babycare,Wh* Question,Sampled_Original,,"While it's a common misconception, not all babies are born with blue eyes; many are born with brown eyes, and some may have blue, gray, or even hazel eyes . Babies' eye color can change over time, and the final color may not be apparent until they are a few years old. Here's a more detailed explanation: Melanin and Eye Color: The color of a baby's eyes, like hair and skin, depends on a pigment called melanin, produced by cells called melanocytes.","In reality, more than half of babies are born with brown eyes, while a good number of newborns have blue or gray eyes. Green or hazel eyes are very rare among newborns.",Whole_answer,Consistent
661,what age can babies have water?,babycare,Wh* Question,Sampled_Original,surpressed_AIO,"At 6 months, you can offer your baby small amounts of water, around 4 to 8 ounces (0.5 to 1 cup) per day, but breast milk or formula should still be their primary source of fluids. Here's a more detailed breakdown: When to introduce water: Around 6 months, when you start introducing solid foods, you can offer small amounts of water in a cup or sippy cup. How much water: The American Academy of Pediatrics recommends offering 4 to 8 ounces (0.5 to 1 cup) of water per day.",Water. Once your baby has started to eat solid foods (from around 6 months) you can offer them sips of water from a cup or beaker with meals. Drinking water for babies over 6 months does not need to be boiled first. Fully breastfed babies do not need any water until theyve started eating solid foods.,Whole_answer,Consistent
666,what causes ear infections in babies?,babycare,Wh* Question,Sampled_Original,,"bacteria or viruses infect the middle ear, the space behind the eardrum, often after a cold or other upper respiratory infection, or due to Eustachian tube blockage","Swollen eustachian tubes can become blocked, causing fluids to build up in the middle ear",Highlighted_answer,Consistent
666,what causes ear infections in babies?,babycare,Wh* Question,Sampled_Original,,"Ear infections in babies, often otitis media , typically occur when bacteria or viruses infect the middle ear, the space behind the eardrum, often after a cold or other upper respiratory infection, or due to Eustachian tube blockage . Here's a more detailed explanation: Infection: Ear infections happen when bacteria or viruses infect the middle ear, the space behind the eardrum.","Swollen eustachian tubes can become blocked, causing fluids to build up in the middle ear. This fluid can become infected and cause the symptoms of an ear infection. In young children, these tubes are narrower and more level than adults are. As a result, theyre harder to drain and more likely to get clogged.",Whole_answer,Consistent
667,where does baby oil come from?,babycare,Wh* Question,Sampled_Original,,"mineral oil, a byproduct of petroleum refining",highly refined petroleum,Highlighted_answer,Consistent
667,where does baby oil come from?,babycare,Wh* Question,Sampled_Original,,"Baby oil is typically derived from mineral oil, a byproduct of petroleum refining . It is a highly purified, colorless, and odorless oil that is safe for use on delicate skin.","To begin, youre probably wondering, “What is baby oil?” Baby oil is comprised mostly of mineral oil, a colorless, odorless liquid made from highly refined petroleum. Lubricating mineral oils are most often created for one of two purposes: industrial uses and more highly refined consumer-grade uses.",Whole_answer,Consistent
671,what should a baby's temperature be?,babycare,Wh* Question,Sampled_Original,,The normal range for a baby's temperature varies depending on the method used to measure it. Rectal: 96.8°F to 100.3°F (36°C to 37.9°C) Armpit: 97.5°F to 99.3°F (36.5°C to 37.4°C) Ear: 98°F to 100.4°F (36.7°C to 38°C) Forehead: 98°F to 100.4°F (36.7°C to 38°C),"A newborns temperature should be between 96.8°F and 99.5°F (36°C and 37.5°C). If they are below that range, the babys temperature is considered too cold (hypothermic); above that number is too hot (hyperthermic).",Whole_answer,Numeric Mismatch
672,what is the first sense a baby develops?,babycare,Wh* Question,Sampled_Original,,touch,"Touch is your babys first sense to develop, starting around 7 weeks of pregnancy",Highlighted_answer,Consistent
672,what is the first sense a baby develops?,babycare,Wh* Question,Sampled_Original,,"The first sense a baby develops is touch , with sensory receptors starting to form as early as 7-8 weeks of pregnancy, primarily on the face, especially the lips and nose. Here's a more detailed explanation: Early Development: The development of touch receptors begins in the womb, with the somatosensory system forming shortly after conception.","Your babys sense of touch. Touch is your babys first sense to develop, starting around 7 weeks of pregnancy. Once your babys born, touch plays a key role in their bonding process with you as you feed, cuddle, and bathe them.",Whole_answer,Consistent
674,what age do babies start smiling?,babycare,Wh* Question,Sampled_Original,,between 6 and 8 weeks of age,by the end of their second month,Highlighted_answer,Numeric Mismatch
674,what age do babies start smiling?,babycare,Wh* Question,Sampled_Original,,"Most babies start smiling between 6 and 8 weeks of age . These early smiles are often reflexive, occurring in response to stimuli such as a sweet smell or a gentle touch.","\u200b\u200b\u200bA babys first social smile usually appears by the end of their second month. Thats one reason why, as a pediatrician, seeing babies and their parents at the 2-month-old checkup is always a great pleasure.",Whole_answer,Numeric Mismatch
679,what to feed 10 month old baby?,babycare,Wh* Question,Sampled_Original,surpressed_AIO,"honey, whole nuts, raw or undercooked foods, and foods with high sodium or sugar content","Cut-up, cooked vegetables and soft fruits",Highlighted_answer,Other Problematic Mismatch
679,what to feed 10 month old baby?,babycare,Wh* Question,Sampled_Original,surpressed_AIO,"At 10 months, babies should generally avoid honey, whole nuts, raw or undercooked foods, and foods with high sodium or sugar content . Here's a more detailed list of foods to avoid for a 10-month-old baby: Foods to Avoid: Choking Hazards: Whole nuts and seeds Popcorn Grapes","There is no need to add salt, sugar, or fat to food. Good foods to offer: Cut-up, cooked vegetables and soft fruits. Finely ground or small pieces of tender cooked meat, poultry, and boned fish.",Whole_answer,Other Problematic Mismatch
680,what is a good age to have a baby?,babycare,Wh* Question,Sampled_Original,,late 20s and early 30s,between your late 20s and early 30s,Highlighted_answer,Consistent
680,what is a good age to have a baby?,babycare,Wh* Question,Sampled_Original,,"While there's no single ""best"" age, from a biological standpoint, women's fertility peaks in their late 20s and early 30s , with fertility declining after age 35. However, many factors beyond biology, like relationship stability, career goals, and financial security, also play a crucial role in deciding when to have a baby. Here's a more detailed look: Biological Factors:",Experts say the best time to get pregnant is between your late 20s and early 30s. This age range is associated with the best outcomes for both you and your baby. One study pinpointed the ideal age to give birth to a first child as 30.5. Your age is just one factor that should go into your decision to get pregnant.,Whole_answer,Consistent
687,what causes seizures in babies?,babycare,Wh* Question,Sampled_Original,,"birth injuries, infections, metabolic disorders, genetic conditions, and even drug withdrawal, with some seizures being caused by underlying health conditions like cerebral palsy","brain injury, infection, and underlying health conditions, such as cerebral palsy",Highlighted_answer,Consistent
687,what causes seizures in babies?,babycare,Wh* Question,Sampled_Original,,"Seizures in babies can stem from various causes, including birth injuries, infections, metabolic disorders, genetic conditions, and even drug withdrawal, with some seizures being caused by underlying health conditions like cerebral palsy . Here's a more detailed breakdown of potential causes: During or After Birth:","Signs and symptoms include eye rolling, clenching of muscles, and keeping the head or eyes to one side. Causes may include brain injury, infection, and underlying health conditions, such as cerebral palsy. A babys risk of fever-related seizure is highest when they are younger than 18 months.",Whole_answer,Consistent
688,what can babies eat at 6 months?,babycare,Wh* Question,Sampled_Original,,"Pureed Fruits and Vegetables: avocados, bananas, butternut squash, carrots, green beans, peas, and sweet potatoes",anything except honey,Highlighted_answer,Other Problematic Mismatch
688,what can babies eat at 6 months?,babycare,Wh* Question,Sampled_Original,,"At 6 months of age, babies can start to introduce solid foods in addition to their usual breastmilk or formula. Here are some appropriate foods for babies at this stage: Pureed Fruits and Vegetables: avocados, bananas, butternut squash, carrots, green beans, peas, and sweet potatoes .","Your baby can eat anything except honey, which they shouldnt eat until they reach 12 months old. You can start to add a healthy snack, like mashed fruit, between meals. As your baby gets increasing amounts of solid foods, they should continue to get the same amount of breastmilk.",Whole_answer,Consistent
690,what does a baby look like at 9 weeks?,babycare,Wh* Question,Sampled_Original,,"about 2cm long (roughly the size of a cherry) and is starting to look more human, with a developing head, face, and limbs, and the beginnings of internal organs like the heart, brain, and lungs","around 22mm long from head to bottom, which is about the size of a strawberry",Highlighted_answer,Consistent
690,what does a baby look like at 9 weeks?,babycare,Wh* Question,Sampled_Original,,"At 9 weeks, the baby, now called a fetus, is about 2cm long (roughly the size of a cherry) and is starting to look more human, with a developing head, face, and limbs, and the beginnings of internal organs like the heart, brain, and lungs . Here's a more detailed look at what a baby looks like at 9 weeks: Size and Shape:","Your baby, or foetus, is now around 22mm long from head to bottom, which is about the size of a strawberry. The face is looking more recognisable, with eyes protected by eyelids, a little mouth and even a tongue with tiny taste buds.",Whole_answer,Consistent
692,what does it feel like when baby drops?,babycare,Wh* Question,Sampled_Original,,"easier breathing, increased pressure in the pelvis and bladder, and a lower-looking belly",a noticeable downward movement,Highlighted_answer,Other Problematic Mismatch
692,what does it feel like when baby drops?,babycare,Wh* Question,Sampled_Original,,"When a baby drops, also known as "" lightening , "" you might notice easier breathing, increased pressure in the pelvis and bladder, and a lower-looking belly . Here's a more detailed explanation of what to expect: Easier Breathing: As the baby drops, there's less pressure on the diaphragm and lungs, which can make breathing easier and more comfortable.","When your baby drops, you may feel it all at once, as a noticeable downward movement. Or you may not even notice. You\re likely to feel lighter, though, now that there\s more space and your baby is no longer pressing on your diaphragm.",Whole_answer,Consistent
694,where do babies grow?,babycare,Wh* Question,Sampled_Original,,"Babies grow in the uterus, also known as the womb, of their mother's body . After fertilization, the fertilized egg (zygote) travels through the fallopian tube into the uterus.","The uterus, or womb, is a hollow, pear-shaped organ ln a womans lower stomach between the bladder and the rectum. It sheds its lining each month during menstruation. A fertilized egg (ovum) becomes implanted in the uterus, and the fetus develops.",Whole_answer,Consistent
700,what does a baby look like at 4 weeks?,babycare,Wh* Question,Sampled_Original,,"about the size of a poppy seed, measuring around 2mm",about 2mm long (about the size of a poppy seed),Highlighted_answer,Consistent
700,what does a baby look like at 4 weeks?,babycare,Wh* Question,Sampled_Original,,"At 4 weeks pregnant, the developing baby, called an embryo, is about the size of a poppy seed, measuring around 2mm . It's a tiny, almost microscopic clump of cells burrowed in the uterus. While not yet recognizable as a fetus, the embryo is already dividing into layers that will form different parts of the body. Here's a more detailed look at what's happening:","What does my baby look like? Your baby, or embryo, is about 2mm long (about the size of a poppy seed) and growing rapidly in your womb. Its protected by an amniotic sac, which is filled with cushioning fluid, and attached to a tiny yolk sac that provides all the nourishment it needs.",Whole_answer,Consistent
708,what does an ectopic pregnancy feel like?,pregnancy,Wh* Question,Sampled_Original,,"Symptoms of an ectopic pregnancy can vary widely, but may include: Abdominal pain: Usually sharp, stabbing, or cramping, and may be localized on one side of the abdomen. Vaginal bleeding: Can range from light spotting to heavy bleeding. Shoulder pain: Caused by blood irritating the diaphragm. Dizziness or lightheadedness: Due to blood loss. Nausea and vomiting: Similar to early pregnancy symptoms.","Often, the first warning signs of an ectopic pregnancy are light vaginal bleeding and pelvic pain. If blood leaks from the fallopian tube, you may feel shoulder pain or an urge to have a bowel movement. Your specific symptoms depend on where the blood collects and which nerves are irritated.",Whole_answer,Consistent
716,what happens in the first trimester pregnancy?,pregnancy,Wh* Question,Sampled_Original,,"During the first trimester (weeks 1-12), a pregnant woman's body undergoes significant changes, with the baby's major organs and systems beginning to form, while the mother may experience symptoms like morning sickness, fatigue, and breast tenderness . Fetal Development : Week 1-4: The fertilized egg implants in the uterus, and the placenta, umbilical cord, and amniotic sac begin to develop.","The embryo looks like a tadpole. The neural tube (which becomes the brain and spinal cord), the digestive system, and the heart and circulatory system begin to form. The beginnings of the eyes and ears are developing. Tiny limb buds appear, which will develop into arms and legs.",Whole_answer,Consistent
718,which pregnancy test detects the earliest?,pregnancy,Wh* Question,Sampled_Original,,The pregnancy tests that can detect pregnancy the earliest include: Early PT Early Result Pregnancy Test: This test can detect pregnancy up to 6 days before a missed period. Clearblue Early Detection Pregnancy Test: This test is also sensitive enough to detect pregnancy up to 6 days before a missed period. First Response Early Result Pregnancy Test: This test can detect pregnancy up to 6 days before a missed period.,"RESULTS
EarlyPT™ is one of the most sensitive at-home early pregnancy tests available today. ...
EarlyPT™ works by detecting a pregnancy hormone called hCG (human Chorionic Gonadotropin), which shows up in your urine about 10 days after your egg is fertilized.",Whole_answer,Consistent
725,what is considered a high risk pregnancy?,pregnancy,Wh* Question,Sampled_Original,,one in which the mother or fetus has an increased risk of experiencing complications during or after pregnancy,one in which a woman and her fetus face a higher-than-normal chance of experiencing problems,Highlighted_answer,Consistent
725,what is considered a high risk pregnancy?,pregnancy,Wh* Question,Sampled_Original,,"A high-risk pregnancy is one in which the mother or fetus has an increased risk of experiencing complications during or after pregnancy . Factors that can contribute to a high-risk pregnancy include: Maternal Factors: Age: Being under 17 or over 35 years old Chronic health conditions: Diabetes, high blood pressure, heart disease, kidney disease, autoimmune disorders","A high-risk pregnancy is one in which a woman and her fetus face a higher-than-normal chance of experiencing problems. These risks may be due to factors in the pregnancy itself, or they may stem from preexisting maternal medical conditions, such as cancer, diabetes, or lupus.",Whole_answer,Consistent
736,what do early pregnancy cramps feel like?,pregnancy,Wh* Question,Sampled_Original,surpressed_AIO,"a combination of mild cramping, bloating, and gas, along with potential constipation or heartburn",a dull pulling or pressure,Highlighted_answer,Other Problematic Mismatch
736,what do early pregnancy cramps feel like?,pregnancy,Wh* Question,Sampled_Original,surpressed_AIO,"In early pregnancy, your tummy might feel a combination of mild cramping, bloating, and gas, along with potential constipation or heartburn , all stemming from hormonal changes and the growing uterus. Here's a more detailed breakdown: Cramping: You might experience mild, period-like cramps, especially around the time of implantation, as the uterus expands and ligaments stretch. Bloating and Gas: Hormonal fluctuations, particularly increased progesterone, can slow down digestion and lead to bloating and increased gas.","“Pregnancy cramps often feel like a dull pulling or pressure,” Dr. Eana explains. “Women sometimes describe a tingling sensation that feels different from their usual menstrual cramps.” These sensations are often linked to the early stages of pregnancy, including the implantation process.",Whole_answer,Other Problematic Mismatch
741,what does spotting look like in pregnancy?,pregnancy,Wh* Question,Sampled_Original,,a few drops of pink or brown blood,"pink, red or brown",Highlighted_answer,Consistent
741,what does spotting look like in pregnancy?,pregnancy,Wh* Question,Sampled_Original,,"In early pregnancy, spotting, or light vaginal bleeding, can appear as a few drops of pink or brown blood , often mistaken for a period, and is commonly associated with implantation bleeding when the fertilized egg attaches to the uterine lining. Here's a more detailed explanation: Implantation Bleeding :","Spotting can be pink, red or brown. The amount of blood you lose is small. It may look like a few drops of blood in your underwear or on toilet paper. It is not enough blood to cover a sanitary pad.",Whole_answer,Consistent
746,what does a pregnancy test detect?,pregnancy,Wh* Question,Sampled_Original,,the presence of the hormone human chorionic gonadotropin (hCG) in the urine or blood,the hormone human chorionic gonadotrophin (hCG),Highlighted_answer,Consistent
746,what does a pregnancy test detect?,pregnancy,Wh* Question,Sampled_Original,,A pregnancy test detects the presence of the hormone human chorionic gonadotropin (hCG) in the urine or blood . HCG is produced by the placenta after a fertilized egg implants in the uterus.,"All pregnancy tests detect the hormone human chorionic gonadotrophin (hCG), which starts to be produced around 6 days after fertilisation. Most pregnancy tests come in a box that contains 1 or 2 long sticks. You pee on the stick and the result appears on the stick after a few minutes.",Whole_answer,Consistent
748,what do pregnancy cramps feel like?,pregnancy,Wh* Question,Sampled_Original,surpressed_AIO,"bloating, cramps, or fatigue",a dull pulling or pressure,Highlighted_answer,Other Problematic Mismatch
748,what do pregnancy cramps feel like?,pregnancy,Wh* Question,Sampled_Original,surpressed_AIO,"At one week pregnant, you're not actually pregnant yet, as pregnancy is counted from the first day of your last menstrual period, not conception. You might experience PMS symptoms, such as bloating, cramps, or fatigue , rather than pregnancy-specific symptoms. Here's a more detailed explanation: What ""1 week pregnant"" means: Doctors calculate pregnancy duration from the first day of your last menstrual period, so at one week pregnant, you're still in the period before conception and implantation. Why you might experience PMS symptoms: You might still experience symptoms similar to those you get before your period, such as bloating, cramps, or mood swings, due to hormonal fluctuations.","“Pregnancy cramps often feel like a dull pulling or pressure,” Dr. Eana explains. “Women sometimes describe a tingling sensation that feels different from their usual menstrual cramps.” These sensations are often linked to the early stages of pregnancy, including the implantation process.",Whole_answer,Other Problematic Mismatch
753,what is iui pregnancy?,pregnancy,Wh* Question,Sampled_Original,,a fertility treatment that involves inserting washed and concentrated sperm directly into the uterus during ovulation,a procedure that treats infertility,Highlighted_answer,Consistent
753,what is iui pregnancy?,pregnancy,Wh* Question,Sampled_Original,,Intrauterine insemination (IUI) is a fertility treatment that involves inserting washed and concentrated sperm directly into the uterus during ovulation . Purpose: To increase the chances of fertilization by placing sperm closer to the egg. To assist couples with infertility factors such as:,"Overview. Intrauterine insemination (IUI) is a procedure that treats infertility. IUI boosts the chances of pregnancy by placing specially prepared sperm directly in the uterus, the organ in which a baby develops. Another name for the procedure is artificial insemination.",Whole_answer,Consistent
769,what side should pregnant women sleep on?,pregnancy,Wh* Question,Sampled_Original,,left side,left side,Highlighted_answer,Consistent
769,what side should pregnant women sleep on?,pregnancy,Wh* Question,Sampled_Original,,"Most healthcare professionals recommend that pregnant women sleep on their left side . Reasons for Sleeping on the Left Side: Improved blood flow: Sleeping on the left side allows for better blood flow to the uterus, placenta, and baby. This is because the vena cava, the large vein that carries blood back to the heart, is located on the right side of the body. When pregnant women lie on their left side, the uterus does not compress the vena cava as much, allowing for optimal blood circulation.","Many physicians advise pregnant women to sleep on their left side. Previous studies have linked back and right-side sleeping with a higher risk of stillbirth, reduced fetal growth, low birth weight, and preeclampsia, a life-threatening high blood pressure disorder that affects the mother.",Whole_answer,Other Problematic Mismatch
770,what happens in an ectopic pregnancy?,pregnancy,Wh* Question,Sampled_Original,,"a fertilized egg implants and grows outside the uterus, most commonly in the fallopian tube, which can cause severe pain, bleeding, and potentially life-threatening complications if the tube ruptures","when a fertilised egg implants itself outside of the womb, usually in one of the fallopian tubes",Highlighted_answer,Consistent
770,what happens in an ectopic pregnancy?,pregnancy,Wh* Question,Sampled_Original,,"In an ectopic pregnancy , a fertilized egg implants and grows outside the uterus, most commonly in the fallopian tube, which can cause severe pain, bleeding, and potentially life-threatening complications if the tube ruptures . Here's a more detailed explanation:","An ectopic pregnancy is when a fertilised egg implants itself outside of the womb, usually in one of the fallopian tubes. The fallopian tubes are the tubes connecting the ovaries to the womb. If an egg gets stuck in them, it wont develop into a baby and your health may be at risk if the pregnancy continues.",Whole_answer,Consistent
773,what does pregnancy spotting look like?,pregnancy,Wh* Question,Sampled_Original,,"a few drops of pink, red, or brown blood","pink, red or brown",Highlighted_answer,Consistent
773,what does pregnancy spotting look like?,pregnancy,Wh* Question,Sampled_Original,,"In early pregnancy, spotting, or light bleeding, can appear as a few drops of pink, red, or brown blood , often noticed when wiping or on underwear, and is usually not heavy enough to soak a pad. Here's a more detailed look at what pregnancy spotting might look like: Color: Spotting can be pink, red, or brown.","Spotting can be pink, red or brown. The amount of blood you lose is small. It may look like a few drops of blood in your underwear or on toilet paper. It is not enough blood to cover a sanitary pad.",Whole_answer,Consistent
780,what hcg level indicates pregnancy?,pregnancy,Wh* Question,Sampled_Original,,A positive human chorionic gonadotropin (hCG) test indicates pregnancy. Levels indicating pregnancy: Serum hCG: Above 25 milli-international units per milliliter (mIU/mL) is considered positive.,"An hCG level of less than 5 mIU/mL is considered negative for pregnancy, and anything above 25 mIU/mL is considered positive for pregnancy. An hCG level between 6 and 24 mIU/mL is considered a grey area, and youll likely need to be retested to see if your levels rise to confirm a pregnancy.",Whole_answer,Consistent
791,what happens if you smoke while pregnant?,pregnancy,Wh* Question,Sampled_Original,surpressed_AIO,first trimester,doubles your risk of abnormal bleeding during pregnancy and delivery,Highlighted_answer,Other Problematic Mismatch
791,what happens if you smoke while pregnant?,pregnancy,Wh* Question,Sampled_Original,surpressed_AIO,"Smoking during any stage of pregnancy poses risks to the baby, but the effects can be particularly pronounced in the first trimester , with potential for long-term harm to the developing fetus. Here's a more detailed explanation: First Trimester : Smoking during the first trimester (the first 12 weeks) can increase the risk of miscarriage , stillbirth , and birth defects , including cleft lip or palate . It can also impair placenta development, which is crucial for delivering nutrients and oxygen to the baby. Second and Third Trimesters :","Smoking doubles your risk of abnormal bleeding during pregnancy and delivery. This can put both you and your baby in danger. Smoking raises your babys risk for birth defects, including cleft lip, cleft palate, or both. A cleft is an opening in your babys lip or in the roof of her mouth (palate).",Whole_answer,Consistent
792,what causes headaches during pregnancy?,pregnancy,Wh* Question,Sampled_Original,surpressed_AIO,"vaginal bleeding, severe headaches, swelling, chest pain, and difficulty breathing",hormone changes,Highlighted_answer,Other Problematic Mismatch
792,what causes headaches during pregnancy?,pregnancy,Wh* Question,Sampled_Original,surpressed_AIO,"Five potential warning signs of a problem during pregnancy that require immediate medical attention include vaginal bleeding, severe headaches, swelling, chest pain, and difficulty breathing . Here's a more detailed breakdown of these warning signs: Vaginal Bleeding : Any vaginal bleeding, especially after the first trimester, should be evaluated by a healthcare provider as it could indicate complications like miscarriage , placental problems , or ectopic pregnancy . Severe Headaches : A persistent or worsening headache, especially if accompanied by vision changes , dizziness , or swelling , could be a sign of preeclampsia or other serious conditions.","They have several causes: Early in pregnancy, hormone changes can lead to headaches. Later in pregnancy, tension from carrying extra weight can cause headaches. Throughout pregnancy, caffeine withdrawal, dehydration, lack of sleep, and low blood sugar can trigger headaches.",Whole_answer,Other Problematic Mismatch
800,what is a chemical pregnancy?,pregnancy,Wh* Question,Sampled_Original,surpressed_AIO,chromosomal abnormalities in the embryo,a very early miscarriage that happens within the first five weeks of pregnancy before the pregnancy can be seen on an ultrasound,Highlighted_answer,Other Problematic Mismatch
800,what is a chemical pregnancy?,pregnancy,Wh* Question,Sampled_Original,surpressed_AIO,"The main cause of a chemical pregnancy, or early miscarriage, is often attributed to chromosomal abnormalities in the embryo , which prevent it from developing properly. Here's a more detailed explanation: Chromosomal Issues: A normal embryo has 46 chromosomes (23 from the egg and 23 from the sperm). If an embryo has an abnormal number of chromosomes, it may not be able to develop and lead to a chemical pregnancy. Other Potential Factors: While chromosomal abnormalities are the most common cause, other factors can also contribute to chemical pregnancies, including:","A chemical pregnancy (or biochemical pregnancy) is a very early miscarriage that happens within the first five weeks of pregnancy before the pregnancy can be seen on an ultrasound. An embryo forms and implants in your uterine lining, but then it stops developing.",Whole_answer,Other Problematic Mismatch
801,when do babies transition to 1 nap?,babycare,When Question,Sampled_Original,,between 12 and 18 months of age,around 14 - 18 months old,Highlighted_answer,Numeric Mismatch
801,when do babies transition to 1 nap?,babycare,When Question,Sampled_Original,,"Most babies transition to a one-nap schedule between 12 and 18 months of age . However, the exact timing can vary depending on the individual baby's needs and developmental milestones. Some signs that a baby may be ready for a one-nap schedule include: Staying awake for longer periods between naps Taking shorter naps","When do babies make the transition to one nap? Most children are ready to fully transition from two naps to one nap around 14 - 18 months old. Once the nap is dropped, theyll need to be able to comfortably stay awake for at least 5 hours before and after their one remaining nap.",Whole_answer,Numeric Mismatch
803,when can babies drink regular milk?,babycare,When Question,Sampled_Original,,after they turn one year old,12 months old,Highlighted_answer,Consistent
803,when can babies drink regular milk?,babycare,When Question,Sampled_Original,,"According to the American Academy of Pediatrics (AAP), infants can typically drink regular (whole) cow's milk after they turn one year old . Reasons to Wait Until One Year Old: Nutritional needs: Cow's milk does not provide all the nutrients that infants need in their first year. Breast milk or formula is preferred for infants under 12 months.",Cows milk can be used in cooking or mixed with food from around 6 months but should not be given as a main drink to babies until theyre 12 months old. This is because cows milk does not contain the right balance of nutrients to meet your babys needs.,Whole_answer,Consistent
805,when do babies wave bye-bye?,babycare,When Question,Sampled_Original,,between 8 and 12 months of age,Between 8 and 12 months,Highlighted_answer,Consistent
805,when do babies wave bye-bye?,babycare,When Question,Sampled_Original,,Most babies start waving bye-bye between 8 and 12 months of age . This is a significant developmental milestone that indicates their growing understanding of social cues and their ability to imitate gestures. Here's a more detailed timeline: 8-9 months: Babies may begin to wiggle their hands or make waving motions in response to adults waving at them.,"Between 8 and 12 months, many babies start to wave “hello” and “goodbye.” These seemingly simple gestures actually combine at least three distinct types of skills: Cognitive: waving begins as imitation, which means your baby needs to see you wave, understand that the gesture has meaning, and try it on their own.",Whole_answer,Consistent
808,when can babies have cheerios?,babycare,When Question,Sampled_Original,,around 9 months of age,6 to 9 months old,Highlighted_answer,Numeric Mismatch
808,when can babies have cheerios?,babycare,When Question,Sampled_Original,,"Babies can typically start eating Cheerios around 9 months of age . Here are some considerations: Developmental readiness: Babies should be able to sit upright without support, have a pincer grasp to pick up Cheerios, and show an interest in chewing. Age: Most pediatricians recommend waiting until 9 months to introduce Cheerios. Nutrition: Plain Cheerios are a good source of whole grains and fiber. However, avoid honey-nut Cheerios, as they can contain botulism spores harmful to babies.","6 to 9 months old: Original Cheerios may be introduced as soon as baby can pick them up and bring them to their mouth. For many babies, this will occur closer to 9 months of age, but some babies develop the skill earlier. If baby can pick up Cheerios and bring them to their mouth independently, its okay to serve them.",Whole_answer,Numeric Mismatch
810,when do babies crawl on average?,babycare,When Question,Sampled_Original,,between 7 and 10 months of age,between 7 and 10 months of age,Highlighted_answer,Consistent
810,when do babies crawl on average?,babycare,When Question,Sampled_Original,,"On average, babies start crawling between 7 and 10 months of age , though some may start earlier or later, and some may even skip crawling altogether. Here's a more detailed breakdown: Average Age: The average age for babies to start crawling is around 8 to 10 months.","When should I expect my baby to crawl? Many babies will crawl between 7 and 10 months of age 1. Of course, baby development is on a spectrum, and some babies may be crawling at 6 months or may start to crawl later than 10 months, and some may skip crawling altogether.",Whole_answer,Consistent
811,when do babies start potty training?,babycare,When Question,Sampled_Original,,between 18 months and 3 years old,between 2 and 3 years of age,Highlighted_answer,Numeric Mismatch
811,when do babies start potty training?,babycare,When Question,Sampled_Original,,"Babies typically start potty training between 18 months and 3 years old , but there's no set ""right"" age, and each child develops at their own pace. Here's a more detailed breakdown: General Timeline: The average age to start potty training falls between 18 months and 3 years. Individual Variation:","When to start potty training. Toilet training may come up during childrens 18-month, 2-year, 2½-year, and 3-year well-child visits. The average age toilet training begins in the United States is between 2 and 3 years of age. Most children in the United States are bowel and bladder trained by 4 years of age.",Whole_answer,Numeric Mismatch
817,when do babies laugh?,babycare,When Question,Sampled_Original,,around 3 to 4 months of age,around one month after their first smile,Highlighted_answer,Numeric Mismatch
817,when do babies laugh?,babycare,When Question,Sampled_Original,,"Babies typically start laughing out loud around 3 to 4 months of age , though this can vary, and some babies may laugh earlier or later. Here's a more detailed breakdown: Early Stages (0-3 months): Babies may start with reflexive smiles, but true social smiles, where they smile in response to someone, usually emerge around 6 to 8 weeks.","Once you see those smiles more regularly, keep an ear out for cooing and then, eventually, giggles. Your babys first laugh might arrive around one month after their first smile. Though 4 months of age is a common time for laughter to emerge, it could happen at 5, 6 or even 7 months old.",Whole_answer,Numeric Mismatch
818,when can babies eat meat?,babycare,When Question,Sampled_Original,,around 6 months of age,around 6 months old,Highlighted_answer,Consistent
818,when can babies eat meat?,babycare,When Question,Sampled_Original,,"Babies can typically start eating meat around 6 months of age , once they have begun introducing solid foods. Here are some specific guidelines: 6 months: Introduce small amounts of well-cooked, pureed meat, such as chicken, beef, or pork. 7-8 months: Offer meat in larger pieces that can be cut into strips or cubes.","Your baby can eat meat that has been pureed to a very thin, smooth consistency as soon as they start eating solid food, usually around 6 months old. It doesnt matter whether you introduce beef, poultry, or another type of meat first. Some babies dont like meat as much as fruits and vegetables, which tend to be sweet.",Whole_answer,Consistent
819,when does a baby get a heartbeat?,babycare,When Question,Sampled_Original,,around 5-6 weeks after conception,around 5–6 weeks of pregnancy,Highlighted_answer,Consistent
819,when does a baby get a heartbeat?,babycare,When Question,Sampled_Original,,A fetal heartbeat typically develops around 5-6 weeks after conception . Timeline: Week 5: The heart tube begins to form and pumps blood. Week 6: The heart tube develops into four chambers and a steady heartbeat can be detected. Week 7-8: The heartbeat becomes stronger and more regular.,"Before about week 8 of pregnancy, a doctor may refer to the fetus as an embryo. Cardiac tissue starts to pulse at around 5–6 weeks of pregnancy, registering as a heartbeat on the ultrasound, though the heart has not developed yet.",Whole_answer,Consistent
820,when do babies get first tooth?,babycare,When Question,Sampled_Original,,between the ages of 6 and 12 months,around 6 months,Highlighted_answer,Numeric Mismatch
820,when do babies get first tooth?,babycare,When Question,Sampled_Original,,Most babies get their first tooth between the ages of 6 and 12 months . The lower central incisors (front teeth on the bottom) are typically the first to appear.,"Some babies are born with their first teeth. Others start teething before they are 4 months old, and some after 12 months. But most babies start teething at around 6 months.",Whole_answer,Numeric Mismatch
823,when do babies clap?,babycare,When Question,Sampled_Original,,around 9-12 months,12 to 13 months,Highlighted_answer,Numeric Mismatch
823,when do babies clap?,babycare,When Question,Sampled_Original,,"Babies typically start clapping, along with other gestures like waving and pointing, around 9-12 months as they develop their fine motor skills and social communication abilities. Here's a more detailed breakdown: Fine Motor Skills : Clapping requires the coordination of both hands, which develops alongside other fine motor skills like reaching and grasping.","Most babies can bang two objects together by 9 months—and that includes their hands! By 12 to 13 months this will evolve into recognizable clapping. (This is about the same time your tyke will be able to play pat-a-cake.) And by 15 months your baby should be clapping in excitement, according to the CDC.",Whole_answer,Numeric Mismatch
824,when do babies smile for the first time?,babycare,When Question,Sampled_Original,,around 6 to 8 weeks old,by the end of their second month,Highlighted_answer,Numeric Mismatch
824,when do babies smile for the first time?,babycare,When Question,Sampled_Original,,"Babies typically start smiling socially, meaning with purpose and in response to interactions, around 6 to 8 weeks old . Here's a more detailed explanation: Early Smiles (Reflexive): Before the social smile, you might notice fleeting expressions that resemble smiles, often called reflex smiles, which can occur in the first few weeks after birth. These are often seen during naps or after feedings.","Answer. \u200b\u200b\u200bA babys first social smile usually appears by the end of their second month. Thats one reason why, as a pediatrician, seeing babies and their parents at the 2-month-old checkup is always a great pleasure. The exhausting days when they were newly home from the hospital are behind them.",Whole_answer,Numeric Mismatch
826,when do babies crawl and walk?,babycare,When Question,Sampled_Original,,"Crawling Most babies begin crawling between 7 and 10 months of age. Some babies may crawl as early as 6 months, while others may not crawl until after 12 months. Walking Most babies take their first steps between 12 and 15 months of age.","6-9 months: Babies start crawling. 9 months: Babies start to pull themselves up so they can stand for brief periods. 9–12 months: Babies start to cruise, going from one piece of furniture to another. 11–13 months: Babies generally start walking on their own.",Whole_answer,Numeric Mismatch
827,when do you send out baby shower invitations?,babycare,When Question,Sampled_Original,,4 to 6 weeks before the event,6–8 weeks before the baby shower,Highlighted_answer,Numeric Mismatch
827,when do you send out baby shower invitations?,babycare,When Question,Sampled_Original,,"You should send out baby shower invitations 4 to 6 weeks before the event to give guests ample time to RSVP, make arrangements, and shop for gifts. Here's a more detailed breakdown: Ideal Timeline: 4 to 6 weeks before the baby shower is the general recommendation.","The ideal time to send out baby shower invitations is 6–8 weeks before the baby shower. The baby shower can take place anywhere from 4 weeks before the babys due date, to earlier (around the 28th to 30th week of pregnancy).",Whole_answer,Numeric Mismatch
828,when do babies start dreaming?,babycare,When Question,Sampled_Original,,"as early as 6 months old, but it's more common for toddlers to start communicating about their dreams around age two",around age two,Highlighted_answer,Numeric Mismatch
828,when do babies start dreaming?,babycare,When Question,Sampled_Original,,"While babies spend a significant amount of time in REM sleep, which is associated with dreaming, it's difficult to know exactly when they start having dreams, as they can't verbally recall them. Some research suggests that babies might start dreaming as early as 6 months old, but it's more common for toddlers to start communicating about their dreams around age two . Here's a more detailed explanation:","Since newborns spend about half of their sleep in REM, they have a lot of time for it. Other studies show that babies might start dreaming as early as six months old. However, its usually around age two when toddlers can start to tell you about their dreams.",Whole_answer,Consistent
829,when do babies crawl?,babycare,When Question,Sampled_Original,,between 7 and 10 months of age,between 7 and 12 months old,Highlighted_answer,Numeric Mismatch
829,when do babies crawl?,babycare,When Question,Sampled_Original,,"Most babies begin crawling between 7 and 10 months of age . However, there is a wide range of normal development, and some babies may start crawling earlier or later. Factors that can influence when a baby crawls include: Developmental readiness: Babies need to have the physical and cognitive skills necessary for crawling, such as strong arm and leg muscles, good coordination, and the ability to roll over.","Babies usually start crawling between 7 and 12 months old. They are usually able to get into a crawling position on their hands and knees between 6 and 9 months and will probably be rolling around and crawling on their tummies, called commando crawling, by around 9 months, though this varies from child to child.",Whole_answer,Numeric Mismatch
830,when do babies sit up and crawl?,babycare,When Question,Sampled_Original,,"Babies typically start sitting up with some help around 4-6 months, and independently between 7-9 months, while crawling usually emerges between 7 and 10 months",between 6 and 8 months of age,Highlighted_answer,Numeric Mismatch
830,when do babies sit up and crawl?,babycare,When Question,Sampled_Original,,"Babies typically start sitting up with some help around 4-6 months, and independently between 7-9 months, while crawling usually emerges between 7 and 10 months . Here's a more detailed breakdown: Sitting Up: Early Attempts: Babies may start trying to sit up with support (like a caregiver holding them) as early as 4 months, and by 6 months, they might be able to sit with a little help.","Your baby will likely learn to sit up before being able to crawl. The strength and balance needed to sit up with and without support is typically developed between 6 and 8 months of age, whereas the skill to crawl is typically developed between 7 and 10 months of age.",Whole_answer,Numeric Mismatch
831,when do babies turn head down?,babycare,When Question,Sampled_Original,,between 32 and 36 weeks of pregnancy,36 weeks of pregnancy,Highlighted_answer,Numeric Mismatch
831,when do babies turn head down?,babycare,When Question,Sampled_Original,,"Most babies turn head down (cephalic presentation) between 32 and 36 weeks of pregnancy . However, some babies may turn earlier or later. Factors that may influence when a baby turns head down: Size and shape of the baby: Smaller or more elongated babies may have more room to maneuver and turn. Amount of amniotic fluid: Adequate amniotic fluid cushions the baby and allows it to move freely.","When does a baby turn head down? Breech is common in early pregnancy, but most fetuses will move to a head down position by 36 weeks of pregnancy.",Whole_answer,Numeric Mismatch
832,when do babies speak first words?,babycare,When Question,Sampled_Original,,around 12 months of age,between 10 to 14 months of age,Highlighted_answer,Numeric Mismatch
832,when do babies speak first words?,babycare,When Question,Sampled_Original,,"Babies typically say their first words around 12 months of age , though this can vary, with some babies starting earlier or later, and some not saying a recognizable word until 18 months. Here's a more detailed breakdown: Average Age: Most babies start saying their first words around 12 months. Variations: Some babies may start talking a few months before or after 12 months.","Most children speak their first word between 10 to 14 months of age. By the time your baby is a year old, he or she is probably saying between one to three words. They will be simple, and not complete words, but you will know what they mean. They may say “ma-ma,” or “da-da,” or try a name for a sibling, pet, or toy.",Whole_answer,Numeric Mismatch
833,when do babies start to coo?,babycare,When Question,Sampled_Original,,around 6 to 8 weeks of age,around 2 months old,Highlighted_answer,Numeric Mismatch
833,when do babies start to coo?,babycare,When Question,Sampled_Original,,"Babies typically start cooing, making vowel sounds like ""ahh"" and ""ooh,"" around 6 to 8 weeks of age . Here's a more detailed breakdown: Cooing : This is a baby's first stage of vocalization after crying, involving soft, melodic vowel sounds.","Babies generally start cooing at around 2 months old. However, theres a wide range of normal when it comes to child development, and not all little ones will meet this milestone at the same time. If you do have concerns about your babys communication skills, reach out to their doctor for advice.",Whole_answer,Numeric Mismatch
836,when do babies flip head down?,babycare,When Question,Sampled_Original,,between:,36 weeks of pregnancy,Highlighted_answer,Other Problematic Mismatch
836,when do babies flip head down?,babycare,When Question,Sampled_Original,,"Most babies flip head down, also known as the cephalic presentation, during the third trimester of pregnancy. Typically, babies will turn head down between: 26 and 32 weeks: About 90% of babies will be in the cephalic position by this time. 32 and 36 weeks: The remaining babies will usually turn head down during this period.","When does a baby turn head down? Breech is common in early pregnancy, but most fetuses will move to a head down position by 36 weeks of pregnancy.",Whole_answer,Numeric Mismatch
837,when do babies start standing?,babycare,When Question,Sampled_Original,,between 7 and 12 months of age,7 - 12 months,Highlighted_answer,Consistent
837,when do babies start standing?,babycare,When Question,Sampled_Original,,Most babies begin standing with support between 7 and 12 months of age . They typically pull themselves up to stand using furniture or someone's hands.,"Children often learn to stand with support at around 7 - 12 months and learn to stand independently at around 9 - 12 months. Of course, theres a wide range of normal when it comes to motor milestones and its OK if your little one achieves this milestone before or after the expected range.",Whole_answer,Consistent
838,when do babies start talking words?,babycare,When Question,Sampled_Original,,between 10 and 18 months of age,12 to 18 months old,Highlighted_answer,Numeric Mismatch
838,when do babies start talking words?,babycare,When Question,Sampled_Original,,"Babies typically start saying their first real words, with meaning, between 10 and 18 months of age . Here's a more detailed breakdown of baby language development: Babbling : Babies start babbling, making vowel-like sounds and repeating consonant-vowel combinations like ""bababab"" or ""dadadadada"" around 4-6 months.","At 12 to 18 months old: Many babies start using single words. They name familiar people and objects – such as ma-ma, da-da, ball and cat. By age 2: Child says two-word phrases, such as: Dog sit. Mommy go. By age 3: Child has words for almost everything and speaks three-word phrases.",Whole_answer,Numeric Mismatch
839,when do babies get measles vaccine?,babycare,When Question,Sampled_Original,surpressed_AIO,"Yes, babies under 12 months can get measles",12 to 15 months of age,Highlighted_answer,Numeric Mismatch
839,when do babies get measles vaccine?,babycare,When Question,Sampled_Original,surpressed_AIO,"Yes, babies under 12 months can get measles , and while they are not routinely vaccinated until 12-15 months, they can be vaccinated earlier (as young as 6 months) if there's a measles outbreak or travel to an area with measles. Here's a more detailed explanation: Measles is highly contagious: It's one of the most contagious viral infections known to humans, and unvaccinated individuals are at high risk. Babies are vulnerable: Infants under 12 months are particularly vulnerable because they are too young to receive the standard MMR vaccine (measles, mumps, rubella).","CDC recommends that people get MMR vaccine to protect against measles, mumps, and rubella. Children should get two doses of MMR vaccine, starting with the first dose at 12 to 15 months of age, and the second dose at 4 through 6 years of age. Teens and adults should also be up to date on their MMR vaccination.",Whole_answer,Consistent
840,when do babies start laughing?,babycare,When Question,Sampled_Original,,around 3 to 4 months of age,around 6 months,Highlighted_answer,Numeric Mismatch
840,when do babies start laughing?,babycare,When Question,Sampled_Original,,"Babies typically start laughing, or at least giggling, around 3 to 4 months of age , though this can vary as each baby develops at their own pace. Here's a more detailed breakdown: Early giggles and chuckles: Around 3-4 months, babies often start with giggles and chuckles, which are precursors to full-blown laughter.","A: Those first adorable chuckles and giggles that often happen at around 4 months of age tend to pave the way for laughing out loud a couple of months later, typically at around 6 months. However, keep in mind that all babies grow and develop at different rates and these timeframes are just a guideline.",Whole_answer,Numeric Mismatch
841,when do babies drop to one nap?,babycare,When Question,Sampled_Original,,between 13 and 18 months of age,around 14 - 18 months old,Highlighted_answer,Numeric Mismatch
841,when do babies drop to one nap?,babycare,When Question,Sampled_Original,,"Babies typically transition to one nap a day between 13 and 18 months of age , though some may drop to one nap earlier or later, depending on their individual needs and readiness. Here's a more detailed breakdown: Typical Transition Age: Most babies are ready to fully transition from two naps to one nap around 14-18 months old.","When do babies make the transition to one nap? Most children are ready to fully transition from two naps to one nap around 14 - 18 months old. Once the nap is dropped, theyll need to be able to comfortably stay awake for at least 5 hours before and after their one remaining nap.",Whole_answer,Consistent
844,when do babies start cutting teeth?,babycare,When Question,Sampled_Original,,between 6 and 9 months of age,between 4 and 7 months old,Highlighted_answer,Numeric Mismatch
844,when do babies start cutting teeth?,babycare,When Question,Sampled_Original,,"Most babies begin teething between 6 and 9 months of age . The first teeth to typically erupt are the lower central incisors (the two front bottom teeth). The process of teething can vary widely between babies, with some starting as early as 3 months and others not teething until after their first birthday. Here's a general timeline for teething:","While teething can begin as early as 3 months, most likely youll see the first tooth start pushing through your babys gum line when your little one is between 4 and 7 months old. The first teeth to appear usually are the two bottom front teeth, also known as the central incisors.",Whole_answer,Numeric Mismatch
850,when can babies go swimming?,babycare,When Question,Sampled_Original,,around 6 months old,about 6 months old,Highlighted_answer,Consistent
850,when can babies go swimming?,babycare,When Question,Sampled_Original,,"While there isn't a strict age, most experts recommend waiting until a baby is around 6 months old before taking them swimming. Some pediatricians suggest waiting until the baby can hold their head up well on their own, which can be around 4-5 months. It's also a good idea to ensure the pool water is heated to at least 89.6°F (32°C) for babies under 6 months. Here's why 6 months is a common recommendation: Temperature regulation:","Moresea (and most pediatricians) advises that most babies can safely go in the pool when theyre about 6 months old. Thats because water can pose a significant safety risk to younger infants. (And your older kids, too. In fact, drowning is the top cause of injury-related death in kids between the ages of 1 and 4.",Whole_answer,Consistent
852,when does a baby's soft spot close?,babycare,When Question,Sampled_Original,,"The soft spots on a baby's head, known as fontanelles, typically close as the baby grows. Posterior fontanelle: Usually closes between 2 and 3 months of age. Anterior fontanelle: Typically closes between 7 and 18 months of age, with an average age of around 12 to 18 months. In rare cases, the fontanelles may close too early or too late. Early closure can indicate a condition called craniosynostosis, while late closure may be a sign of an underlying medical issue.",The smaller spot at the back usually closes by age 2 to 3 months. The larger spot toward the front often closes around age 18 months. Its normally slightly depressed and pulsates. Soft spots are covered by a thick fibrous layer and are safe to gently touch.,Whole_answer,Consistent
854,when do babies start rolling?,babycare,When Question,Sampled_Original,,between 4 and 7 months of age,"Some babies can start rolling as early as 3 to 4 months, with most rolling by 7 months",Highlighted_answer,Consistent
854,when do babies start rolling?,babycare,When Question,Sampled_Original,,"Most babies start rolling over between 4 and 7 months of age . They typically begin by rolling from their back to their side, and then eventually from their back to their front. Some babies may roll earlier or later than this, as developmental milestones vary between individuals.","Rolling. Its a big moment when your baby starts to move about on their own. The first step is often rolling, an important stage towards crawling and getting around. Some babies can start rolling as early as 3 to 4 months, with most rolling by 7 months.",Whole_answer,Consistent
856,when can babies eat scrambled eggs?,babycare,When Question,Sampled_Original,,around 6 months old and have started eating solid foods,Around 6 months,Highlighted_answer,Consistent
856,when can babies eat scrambled eggs?,babycare,When Question,Sampled_Original,,Babies can typically eat scrambled eggs when they are around 6 months old and have started eating solid foods . Here are some additional recommendations: Well-cooked: Scrambled eggs should be well-cooked to prevent the risk of foodborne illness. Start with small amounts:,"You can give your baby the entire egg (yolk and white), if your pediatrician recommends it. Around 6 months, puree or mash one hard-boiled or scrambled egg and serve it to your baby. For a more liquid consistency, add breast milk or water. Around 8 months, scrambled egg pieces are a fantastic finger food.",Whole_answer,Other Problematic Mismatch
857,when do fontanelles close in babies?,babycare,When Question,Sampled_Original,,"The fontanelles, also known as soft spots, are spaces between the bones of a baby's skull that allow for brain growth during pregnancy and delivery. They typically close as follows: Posterior fontanelle: Usually closes by 2-3 months of age. Anterior fontanelle: Typically closes between 7 and 18 months of age. In some cases, fontanelles may close earlier or later than these timeframes. Early closure can be a sign of craniosynostosis, a condition where the skull bones fuse too early.",These soft spots are spaces between the bones of the skull where bone formation isnt complete. This allows the skull to be molded during birth. The smaller spot at the back usually closes by age 2 to 3 months. The larger spot toward the front often closes around age 18 months.,Whole_answer,Consistent
860,when do babies stand alone?,babycare,When Question,Sampled_Original,,between 9 and 15 months of age,9-12 months,Highlighted_answer,Numeric Mismatch
860,when do babies stand alone?,babycare,When Question,Sampled_Original,,"Babies typically start standing alone, at least for a few seconds, between 9 and 15 months of age , with most babies reaching this milestone around 12 months. Here's a more detailed breakdown: Pulling to Stand: Babies often start by pulling themselves up to a standing position, holding onto furniture or other objects, around 7-10 months.","Standing independently usually begins at 9-12 months. Baby will only stand for a few seconds at first while they gain strength. They may not stand unassisted for more than a few seconds until 13-15 months. Baby needs strong legs, hips, and core muscles, which help with sitting and crawling.",Whole_answer,Numeric Mismatch
861,when baby sleep get better at night?,babycare,When Question,Sampled_Original,,between 3 and 6 months of age,2-3 months,Highlighted_answer,Numeric Mismatch
861,when baby sleep get better at night?,babycare,When Question,Sampled_Original,,"Most babies start sleeping through the night, defined as 6-8 hours without waking, between 3 and 6 months of age . However, some babies may start sleeping longer stretches earlier, around 4 months, and others may take longer, even until they're closer to 8 or 9 months. Here's a more detailed breakdown: Newborns (0-3 months): Newborns have very irregular sleep patterns and wake frequently, often to feed or get changed.","At 2-3 months, babies start developing night and day sleep patterns. This means they tend to start sleeping more during the night.",Whole_answer,Numeric Mismatch
864,when do babies get molars?,babycare,When Question,Sampled_Original,,between 13 and 19 months old,12 to 16 months,Highlighted_answer,Numeric Mismatch
864,when do babies get molars?,babycare,When Question,Sampled_Original,,"Babies typically get their first molars between 13 and 19 months old , with the lower first molars appearing around 14 to 18 months. Here's a more detailed timeline: First molars (top and bottom): 13 to 19 months",first molars (back teeth) – these come through at around 12 to 16 months. canines (between the lateral incisors and the first molars) – these come through at around 16 to 20 months. second molars – these come through at around 20 to 30 months.,Whole_answer,Numeric Mismatch
865,when do babies begin to walk?,babycare,When Question,Sampled_Original,,"between 12 and 15 months of age, though some may start as early as 9 months or as late as 18 months",between about 10 and 18 months of age,Highlighted_answer,Numeric Mismatch
865,when do babies begin to walk?,babycare,When Question,Sampled_Original,,"Babies typically begin walking independently between 12 and 15 months of age, though some may start as early as 9 months or as late as 18 months . Here's a more detailed look at the process: Pre-walking Milestones: Pulling up to stand: Babies often start by pulling themselves up to a standing position, holding onto furniture or objects for support.","Babies usually start walking sometime between about 10 and 18 months of age. Before they start to walk, babies will usually have been crawling (between 7 and 12 months) and pulling themselves up to stand (usually between ages 9 and 12 months).",Whole_answer,Numeric Mismatch
868,when do babies start sitting up unassisted?,babycare,When Question,Sampled_Original,,6 to 9 months of age,between 7 to 9 months of age,Highlighted_answer,Numeric Mismatch
868,when do babies start sitting up unassisted?,babycare,When Question,Sampled_Original,,"Babies typically start sitting up unassisted around 6 to 9 months of age , although some may sit independently earlier or later. Here's a more detailed breakdown: 6 months : Some babies may begin sitting with a little help, and may start to sit up briefly on their own.","Your baby may be able to sit up as early as 6 months old, with a little help getting into the position. Sitting independently is a skill that many babies master between 7 to 9 months of age. Your babys milestones in the first year are likely flying by in a flash.",Whole_answer,Numeric Mismatch
869,when can babies see colour?,babycare,When Question,Sampled_Original,,"Newborn babies can initially only see in shades of gray. Their color vision gradually develops over the first few months of life. 1-2 weeks: Babies can distinguish between light and dark. 2-3 months: They begin to perceive basic colors, such as red, green, and blue. 4-5 months: Most babies have full color vision and can differentiate between shades of colors.","At about 1 month, your little one can detect the brightness and intensity of colors, and over the next few months may start to see several basic colors, including red. Your babys color vision is fully developed by about 4 months, when theyll be able to see lots of colors and even shades of colors.",Whole_answer,Numeric Mismatch
872,when can babies have whole milk?,babycare,When Question,Sampled_Original,,12 months,after 1 year,Highlighted_answer,Consistent
872,when can babies have whole milk?,babycare,When Question,Sampled_Original,,"According to the American Academy of Pediatrics (AAP), babies can typically start consuming whole milk at the age of 12 months . Reasons to Wait Until 12 Months: Nutritional needs: Breast milk or formula provides the optimal nutrients for babies under 1 year. Cow's milk contains higher levels of protein and sodium, which can be difficult for young kidneys to process.",You should know that the American Academy of Pediatrics still recommends a combination of solid foods and breastmilk or formula for children under 12 months. Only after 1 year do they suggest introducing whole cows milk.,Whole_answer,Consistent
873,when can i give my baby cereal?,babycare,When Question,Sampled_Original,,around 6 months of age,7 or 8 months,Highlighted_answer,Numeric Mismatch
873,when can i give my baby cereal?,babycare,When Question,Sampled_Original,,"You can generally introduce cereal to your baby around 6 months of age , when they are developmentally ready for solid foods, according to the American Academy of Pediatrics. Here's a more detailed explanation: Developmental Readiness: Around 6 months, babies typically exhibit signs of readiness for solids, including being able to sit with support, having good head control, and showing interest in food.","Your child can begin eating solid foods at about 6 months. By the time they are 7 or 8 months, your child can eat various foods from different food groups. These foods include: Infant cereals.",Whole_answer,Numeric Mismatch
876,when to introduce peanut butter to baby?,babycare,When Question,Sampled_Original,surpressed_AIO,"often within minutes of exposure, but can also occur within a few hours in some cases",around 4-6 months,Highlighted_answer,Numeric Mismatch
876,when to introduce peanut butter to baby?,babycare,When Question,Sampled_Original,surpressed_AIO,"A baby's reaction to peanut butter can happen quickly, often within minutes of exposure, but can also occur within a few hours in some cases . It's crucial to monitor your baby closely for at least 2 hours after introducing peanut butter, especially in the first 10-15 minutes, according to Carolina Asthma & Allergy Center . Here's a more detailed explanation: Timing of Reactions: Rapid Reactions: Most allergic reactions to peanuts occur within minutes of exposure. Delayed Reactions: While less common, some reactions can develop over a few hours. Monitor for 2 Hours: It's recommended to observe your baby for at least 2 hours after introducing peanut butter to ensure you catch any potential reactions.","Introducing peanut butter to babies around 4-6 months is an ideal time to test. To introduce peanut butter, we recommend mixing 1-2 teaspoons of peanut butter with 2-3 teaspoons of water, breast milk or formula to thin it out. “I would recommend picking a peanut butter without too many fillers in it,” said Dr. Anvari.",Whole_answer,Numeric Mismatch
879,when does a baby's brain develop?,babycare,When Question,Sampled_Original,,"The human brain begins to develop very early in fetal development. Early Stages: Week 3: The neural plate, which will become the brain and spinal cord, forms. Week 4: The neural tube closes, and the brain starts to develop its three main parts (forebrain, midbrain, and hindbrain). Week 5: Neurons (brain cells) begin to multiply rapidly.","Your babys brain development is a complex process that continues throughout your pregnancy. At just six weeks, the embryos brain and nervous system begin to develop, although the complex parts of the brain continue to grow and develop through the end of pregnancy, with development ending around the age of 25.",Whole_answer,Numeric Mismatch
880,when do babies eyes change colour?,babycare,When Question,Sampled_Original,,during their first year of life,between 6 and 12 months,Highlighted_answer,Numeric Mismatch
880,when do babies eyes change colour?,babycare,When Question,Sampled_Original,,"Most babies' eye colors change during their first year of life . Birth: Babies are typically born with blue or gray eyes. 3-6 months: Eye color may start to change, becoming more brown, green, or hazel. 6-9 months: The majority of babies will have their permanent eye color by this time. 1-3 years: In some cases, eye color may continue to change slightly during this period.","“Babies eyes tend to change color sometime between 6 and 12 months, but it can take as long as three years until you see the true color of what their eyes are going to be,” says Barbara Cohlan, MD, a neonatologist at St. Louis Childrens Hospital.",Whole_answer,Numeric Mismatch
882,when do babies first roll over?,babycare,When Question,Sampled_Original,,between the ages of 4 and 6 months,"Some babies can start rolling as early as 3 to 4 months, with most rolling by 7 months",Highlighted_answer,Consistent
882,when do babies first roll over?,babycare,When Question,Sampled_Original,,"Most babies first roll over between the ages of 4 and 6 months . They typically start by rolling from their tummy to their back, and then later learn to roll in the opposite direction. Some babies may roll over earlier or later, and it's important to note that all babies develop at their own pace.","The first step is often rolling, an important stage towards crawling and getting around. Some babies can start rolling as early as 3 to 4 months, with most rolling by 7 months. There are lots of things you can do to help your baby gradually learn how to start rolling.",Whole_answer,Consistent
883,when do babies turn over?,babycare,When Question,Sampled_Original,,between the ages of 4 and 6 months,most rolling by 7 months,Highlighted_answer,Numeric Mismatch
883,when do babies turn over?,babycare,When Question,Sampled_Original,,"Most babies roll over between the ages of 4 and 6 months . They typically start by rolling from their tummy to their back, and then later learn to roll in the opposite direction. Some babies may roll over earlier or later, and it's important to note that every baby develops at their own pace.","Some babies can start rolling as early as 3 to 4 months, with most rolling by 7 months. There are lots of things you can do to help your baby gradually learn how to start rolling. More about rolling.",Whole_answer,Consistent
884,when can babies have cow milk?,babycare,When Question,Sampled_Original,,after their first birthday,12 months old,Highlighted_answer,Consistent
884,when can babies have cow milk?,babycare,When Question,Sampled_Original,,"According to the American Academy of Pediatrics (AAP), babies can consume cow's milk after their first birthday . Here are some key points to remember: Age: Cow's milk should not be given to babies under 12 months old. Type of milk: Whole cow's milk is recommended for babies between 1 and 2 years old.",Cows milk can be used in cooking or mixed with food from around 6 months but should not be given as a main drink to babies until theyre 12 months old. This is because cows milk does not contain the right balance of nutrients to meet your babys needs.,Whole_answer,Numeric Mismatch
885,when do babies start walking on average?,babycare,When Question,Sampled_Original,,between 12 and 18 months of age,12 to 15 months,Highlighted_answer,Numeric Mismatch
885,when do babies start walking on average?,babycare,When Question,Sampled_Original,,"Most babies start walking between 12 and 18 months of age . Some may start as early as 9 months, while others may take up to 24 months. Factors that can influence when a baby starts walking include: Genetics: Some babies are genetically predisposed to walk earlier or later. Environment: Babies who have plenty of opportunities to practice standing and walking may start sooner.","Each child develops at their own pace, and theres a wide range for when babies begin walking—9 to 18 months. The average age for walking independently is 12 to 15 months. If your baby isnt taking a few steps on their own by 15 months or isnt walking independently by 18 months of age, talk with your pediatrician.",Whole_answer,Numeric Mismatch
886,when do people have baby showers?,babycare,When Question,Sampled_Original,,"typically held during the later stages of pregnancy, often around the seventh or eighth month, or four to six weeks before the due date",four to six weeks before the babys due date,Highlighted_answer,Consistent
886,when do people have baby showers?,babycare,When Question,Sampled_Original,,"Baby showers are typically held during the later stages of pregnancy, often around the seventh or eighth month, or four to six weeks before the due date , allowing the expectant parents to enjoy the celebration while still feeling comfortable and energetic. Here's a more detailed breakdown: Timing:",Baby showers can be held at any point but are typically held four to six weeks before the babys due date. This timing is late enough that the pregnancy is well along but likely early enough to avoid the baby arriving beforehand and disrupting the party plans.,Whole_answer,Consistent
890,when does a baby heart start beating?,babycare,When Question,Sampled_Original,,as early as 5 to 6 weeks after conception,22 days after conception or 5 weeks and 1 day gestation,Highlighted_answer,Numeric Mismatch
890,when does a baby heart start beating?,babycare,When Question,Sampled_Original,,"A baby's heart starts beating as early as 5 to 6 weeks after conception , which is around 6 weeks after the first day of the last menstrual period. Here's a more detailed explanation: Early Development: The heart begins to form as a tube of cells, and by 5 to 6 weeks, this tube starts to pulse and beat.","Only 22 days after conception or 5 weeks and 1 day gestation, the embryos heart starts beating. This heartbeat will not stop until the individual dies. Embryologists determine the age of the preborn based on fertilization, the beginning of human life.",Whole_answer,Numeric Mismatch
891,when do babies start holding their head up?,babycare,When Question,Sampled_Original,,3-4 months,2 months old,Highlighted_answer,Numeric Mismatch
891,when do babies start holding their head up?,babycare,When Question,Sampled_Original,,Most babies begin to hold their heads up consistently by the age of 3-4 months . Here's a general timeline: 2-3 weeks: Babies may start lifting their heads briefly while on their tummy. 1-2 months: Babies can lift their heads higher and hold them for longer periods.,"When your baby is first born, theyll have very weak neck muscles. But soon, theyll gain enough strength to hold up their head on their own. Babies start to hold their heads up by 2 months old, with most mastering the skill by 4 months old.",Whole_answer,Consistent
894,when do babies start walking well?,babycare,When Question,Sampled_Original,,between 12 and 18 months of age,9 to 18 months,Highlighted_answer,Numeric Mismatch
894,when do babies start walking well?,babycare,When Question,Sampled_Original,,"Babies typically start walking well between 12 and 18 months of age . However, some babies may start walking as early as 9 months, while others may not start until 18 months, and both are considered normal. The average age for independent walking is around 12 to 15 months. Here's a more detailed look at the process: Pre-walking milestones:","Each child develops at their own pace, and theres a wide range for when babies begin walking—9 to 18 months. The average age for walking independently is 12 to 15 months. If your baby isnt taking a few steps on their own by 15 months or isnt walking independently by 18 months of age, talk with your pediatrician.",Whole_answer,Consistent
895,when do babies learn to crawl?,babycare,When Question,Sampled_Original,,between 6 and 12 months old,between 7 and 12 months old,Highlighted_answer,Numeric Mismatch
895,when do babies learn to crawl?,babycare,When Question,Sampled_Original,,"Babies typically begin crawling between 6 and 12 months old , but some babies may start earlier or later, and some may even skip crawling altogether. Here's a more detailed look: Typical Range: Most babies start crawling between 7 and 10 months, but it's a wide range, and some babies may not crawl until closer to 12 months.","Babies usually start crawling between 7 and 12 months old. They are usually able to get into a crawling position on their hands and knees between 6 and 9 months and will probably be rolling around and crawling on their tummies, called commando crawling, by around 9 months, though this varies from child to child.",Whole_answer,Numeric Mismatch
896,when can babies start eating cereal?,babycare,When Question,Sampled_Original,,around 6 months of age,7 or 8 months,Highlighted_answer,Numeric Mismatch
896,when can babies start eating cereal?,babycare,When Question,Sampled_Original,,"Most babies can start eating cereal around 6 months of age . Here are some guidelines: Developmental Readiness: Can sit with support, Shows interest in food, and Opens mouth when food is near. Nutritional Needs: Breast milk or formula should remain the primary source of nutrition until 6 months.","Your child can begin eating solid foods at about 6 months. By the time they are 7 or 8 months, your child can eat various foods from different food groups. These foods include: Infant cereals.",Whole_answer,Numeric Mismatch
899,when can babies face forward in car seat?,babycare,When Question,Sampled_Original,,"around 2 years old, but can be longer",at least two years old,Highlighted_answer,Consistent
899,when can babies face forward in car seat?,babycare,When Question,Sampled_Original,,"Babies should remain in a rear-facing car seat for as long as possible, ideally until they reach the maximum height and weight limits for their car seat in the rear-facing position, which is usually around 2 years old, but can be longer . Here's a more detailed explanation: Rear-Facing Safety: The National Highway Traffic Safety Administration (NHTSA) and the American Academy of Pediatrics (AAP) strongly recommend keeping children rear-facing for as long as possible, as it's the safest way to protect them in a crash.","Most children will be at least two years old before theyre ready to face forward. When in doubt, look for the label on your childs car seat or refer to the manufacturers instructions to ensure youre familiar with the specific weight and height limits for your babys car seat.",Whole_answer,Consistent
900,when to send baby shower invites?,babycare,When Question,Sampled_Original,,6-8 weeks before the event,6–8 weeks before the baby shower,Highlighted_answer,Consistent
900,when to send baby shower invites?,babycare,When Question,Sampled_Original,,"To give guests ample time to RSVP and make arrangements, send out baby shower invitations 6-8 weeks before the event . Here's a more detailed breakdown: Ideal Timing: Aim for 6-8 weeks before the shower date. Shorter Notice:","The ideal time to send out baby shower invitations is 6–8 weeks before the baby shower. The baby shower can take place anywhere from 4 weeks before the babys due date, to earlier (around the 28th to 30th week of pregnancy).",Whole_answer,Consistent
904,when are you most fertile to get pregnant?,pregnancy,When Question,Sampled_Original,,"during the ""fertile window,"" which encompasses the 5 days leading up to ovulation, the day of ovulation, and the day after","the five days leading up to ovulation, plus the day of ovulation and the day after ovulation",Highlighted_answer,Consistent
904,when are you most fertile to get pregnant?,pregnancy,When Question,Sampled_Original,,"You're most fertile during the ""fertile window,"" which encompasses the 5 days leading up to ovulation, the day of ovulation, and the day after . Here's a more detailed explanation: Ovulation: This is when an egg is released from the ovary, and it's the core of your fertile window.","You ovulate about 12 to 14 days before the start of a new menstrual cycle. Your fertile window is the five days leading up to ovulation, plus the day of ovulation and the day after ovulation — so about seven days in total.",Whole_answer,Consistent
910,when can you tell people you're pregnant?,pregnancy,When Question,Sampled_Original,,after the first trimester (around 12 weeks) when the risk of miscarriage is lower,there\s no right time to share this happy news,Highlighted_answer,Numeric Mismatch
910,when can you tell people you're pregnant?,pregnancy,When Question,Sampled_Original,,"There's no set rule for when to tell people you're pregnant; it's a personal decision, but many people choose to wait until after the first trimester (around 12 weeks) when the risk of miscarriage is lower . Here's a breakdown of factors to consider: Reasons to wait until after the first trimester: Lower risk of miscarriage:","The short answer is that there\s no right time to share this happy news. While some expecting parents start broadcasting the baby bulletin even before the urine on the pregnancy test stick has dried, others prefer to wait to announce their pregnancy until the second trimester.",Whole_answer,Numeric Mismatch
918,when do pregnant women start producing milk?,pregnancy,When Question,Sampled_Original,,around weeks 16-22,between weeks 16 and 22,Highlighted_answer,Consistent
918,when do pregnant women start producing milk?,pregnancy,When Question,Sampled_Original,,"Milk production in pregnant women typically begins during the second trimester, around weeks 16-22 . During this time, the body produces colostrum, a nutrient-rich fluid that is the first milk a baby receives.","Milk production generally begins around the midpoint of pregnancy, somewhere between weeks 16 and 22. At this stage your body is producing whats known as colostrum—a yellowish milk thats rich in calories and disease-fighting antibodies—which will serve as babys first food after birth.",Whole_answer,Consistent
920,when do signs of pregnancy start?,pregnancy,When Question,Sampled_Original,,one to two weeks after conception,by their fifth or sixth week,Highlighted_answer,Numeric Mismatch
920,when do signs of pregnancy start?,pregnancy,When Question,Sampled_Original,,"Early signs of pregnancy can appear as early as one to two weeks after conception . These symptoms may include: Missed period: This is often the first sign of pregnancy. Nausea and vomiting: Also known as ""morning sickness,"" these symptoms can occur at any time of day. Fatigue: Increased hormone levels can cause tiredness. Breast tenderness and swelling: Hormonal changes can make breasts more sensitive.","According to a study published in the Journal of Clinical Epidemiology, most women (59 percent) experienced an onset of pregnancy symptoms by their fifth or sixth week, while 71 percent reported symptoms by the end of week six and 89 percent by week eight.",Whole_answer,Numeric Mismatch
921,when do stretch marks occur during pregnancy?,pregnancy,When Question,Sampled_Original,,"typically appear in the second half of pregnancy, usually between the sixth and seventh month",during the last trimester,Highlighted_answer,Consistent
921,when do stretch marks occur during pregnancy?,pregnancy,When Question,Sampled_Original,,"Stretch marks during pregnancy typically appear in the second half of pregnancy, usually between the sixth and seventh month , as the baby bump grows and the skin stretches. Here's a more detailed explanation: Timing: Most women notice stretch marks appearing in the second or third trimester.","Theyre common in pregnant women, especially during the last trimester. Stretch marks arent painful or harmful, but some people dont like the way they make their skin look. Stretch marks dont require treatment. They often fade over time, with or without treatment.",Whole_answer,Consistent
943,when does ectopic pregnancy occur?,pregnancy,When Question,Sampled_Original,,"early in pregnancy, around the time of implantation (4-6 weeks after conception)",6 to 8 weeks after the last normal menstrual period,Highlighted_answer,Consistent
943,when does ectopic pregnancy occur?,pregnancy,When Question,Sampled_Original,,"An ectopic pregnancy occurs when a fertilized egg implants outside of the uterus, typically in the fallopian tube. This usually happens early in pregnancy, around the time of implantation (4-6 weeks after conception) .","Pregnancy that develops outside the uterus is called ectopic pregnancy. Women with an ectopic pregnancy may have irregular bleeding and pelvic or abdominal pain, often on one side. Symptoms most often appear 6 to 8 weeks after the last normal menstrual period.",Whole_answer,Consistent
949,when does milk come in pregnancy?,pregnancy,When Question,Sampled_Original,,between weeks 16 and 22,between weeks 16 and 22,Highlighted_answer,Consistent
949,when does milk come in pregnancy?,pregnancy,When Question,Sampled_Original,,"Milk, or more specifically colostrum, production typically begins around the midpoint of pregnancy, between weeks 16 and 22 , with the transition to mature milk happening gradually after birth, usually within a week or two. Here's a more detailed explanation: Colostrum Production: Your body starts producing colostrum, the first milk, as early as 16 weeks of pregnancy.","Milk production generally begins around the midpoint of pregnancy, somewhere between weeks 16 and 22. At this stage your body is producing whats known as colostrum—a yellowish milk thats rich in calories and disease-fighting antibodies—which will serve as babys first food after birth.",Whole_answer,Consistent
975,when should i pack my hospital bag pregnancy?,pregnancy,When Question,Sampled_Original,,between 32 and 36 weeks of pregnancy,by 36 weeks or 37 weeks pregnant,Highlighted_answer,Numeric Mismatch
975,when should i pack my hospital bag pregnancy?,pregnancy,When Question,Sampled_Original,,"It is recommended to pack your hospital bag between 32 and 36 weeks of pregnancy . This allows you to have everything ready in case you go into labor early. Here are some specific reasons why it is important to pack your hospital bag early: Early labor: Babies can arrive unexpectedly, and you may need to go to the hospital sooner than expected.","You should have your hospital bag ready to go by 36 weeks or 37 weeks pregnant, just in case you go into labor before your due date. Its fine to throw some items in at the last minute, like your toothbrush, but youll want your bag mostly packed and easily accessible by this point in your pregnancy.",Whole_answer,Numeric Mismatch
977,when to get tdap during pregnancy?,pregnancy,When Question,Sampled_Original,surpressed_AIO,dads and other family members do not need a Tdap vaccine for every pregnancy,between 27 weeks and 36 weeks of gestation,Highlighted_answer,Other Problematic Mismatch
977,when to get tdap during pregnancy?,pregnancy,When Question,Sampled_Original,surpressed_AIO,"While pregnant mothers need a Tdap vaccine during each pregnancy, dads and other family members do not need a Tdap vaccine for every pregnancy , but should ensure they are up to date on their Tdap vaccine, ideally at least two weeks before meeting the baby. Here's a more detailed explanation: Pregnant Mothers: The American College of Obstetricians and Gynecologists (ACOG) recommends that pregnant women receive a Tdap vaccine during each pregnancy to protect both themselves and their babies from pertussis (whooping cough) . Dads and Family Members:","The recommended timing for maternal Tdap vaccination is between 27 weeks and 36 weeks of gestation. To maximize the maternal antibody response and passive antibody transfer and levels in the newborn, vaccination as early as possible in the 27–36-weeks-of-gestation window is recommended.",Whole_answer,Numeric Mismatch
978,when to give tdap in pregnancy?,pregnancy,When Question,Sampled_Original,surpressed_AIO,dads and other family members do not need a Tdap vaccine for every pregnancy,between 27 weeks and 36 weeks of gestation,Highlighted_answer,Other Problematic Mismatch
978,when to give tdap in pregnancy?,pregnancy,When Question,Sampled_Original,surpressed_AIO,"While pregnant mothers need a Tdap vaccine during each pregnancy, dads and other family members do not need a Tdap vaccine for every pregnancy , but should ensure they are up to date on their Tdap vaccine, ideally at least two weeks before meeting the baby. Here's a more detailed explanation: Pregnant Mothers: The American College of Obstetricians and Gynecologists (ACOG) recommends that pregnant women receive a Tdap vaccine during each pregnancy to protect both themselves and their babies from pertussis (whooping cough) . Dads and Family Members:","The recommended timing for maternal Tdap vaccination is between 27 weeks and 36 weeks of gestation. To maximize the maternal antibody response and passive antibody transfer and levels in the newborn, vaccination as early as possible in the 27–36-weeks-of-gestation window is recommended.",Whole_answer,Numeric Mismatch
996,why do babies bite?,babycare,Why Question,Sampled_Original,,"teething, exploring their environment, expressing frustration or anger, seeking attention, or even as a form of play or experimentation",teething or exploring a new toy or object with their mouth,Highlighted_answer,Consistent
996,why do babies bite?,babycare,Why Question,Sampled_Original,,"Babies may bite for various reasons, including teething, exploring their environment, expressing frustration or anger, seeking attention, or even as a form of play or experimentation . Here's a more detailed explanation: Teething : As teeth emerge, babies may bite to relieve the discomfort and pain from swollen, tender gums.","Babies and toddlers bite for a variety of reasons, such as teething or exploring a new toy or object with their mouth. As they begin to understand cause-and-effect, they also might bite a person to see if they can get a reaction. Biting also can be a way for toddlers to get attention or express how they feel.",Whole_answer,Consistent
999,why do babies get hiccups?,babycare,Why Question,Sampled_Original,surpressed_AIO,they don't always indicate fullness,a reflex that happens when the diaphragm causes a prompt opening and closing of the vocal cords,Highlighted_answer,Other Problematic Mismatch
999,why do babies get hiccups?,babycare,Why Question,Sampled_Original,surpressed_AIO,"While hiccups in babies can sometimes be a sign that they've eaten too quickly or swallowed too much air, they don't always indicate fullness , and can also be a normal reflex. Here's a more detailed explanation: Possible Causes of Hiccups in Babies: Overfeeding/Eating Too Quickly: Babies can sometimes get hiccups if they eat too much or too fast, leading to a distended stomach. Swallowing Air: Babies can swallow air during feedings, especially if they are eating too quickly or if the bottle/breast is not positioned correctly, which can lead to hiccups.","Hiccups are a reflex that happens when the diaphragm causes a prompt opening and closing of the vocal cords. They usually happen when eating, drinking, or dealing with stressful events. Hiccups are common in babies. Most newborns hiccup quite often, which can be a sign that your baby is healthy and developing well.",Whole_answer,Consistent
1000,why do babies get hiccups in the womb?,babycare,Why Question,Sampled_Original,,when the baby's diaphragm contracts involuntarily,a good sign that their diaphragm is developing nicely,Highlighted_answer,Other Problematic Mismatch
1000,why do babies get hiccups in the womb?,babycare,Why Question,Sampled_Original,,"Fetal hiccups are common and occur when the baby's diaphragm contracts involuntarily . The exact cause is unknown, but several theories exist: Practicing breathing: The baby's diaphragm may be practicing breathing movements, which can lead to hiccups. Developing nervous system: The baby's developing nervous system may send signals that trigger hiccups. Amniotic fluid pressure: Changes in amniotic fluid pressure may stimulate the diaphragm.","Babys ability to inhale and exhale amniotic fluid—and therefore hiccup—is a good sign that their diaphragm is developing nicely. This process actually begins around week 10, though you probably wont be able to actually feel fetal hiccups for a few more months, Brown says.",Whole_answer,Other Problematic Mismatch
1004,why do babies need helmets?,babycare,Why Question,Sampled_Original,,"to address conditions like deformational plagiocephaly (flat head syndrome) or craniosynostosis (premature skull bone fusion), helping to reshape the skull and promote normal growth","helping babies with flat head syndrome or positional skull deformities grow rounder, well-shaped skulls",Highlighted_answer,Consistent
1004,why do babies need helmets?,babycare,Why Question,Sampled_Original,,"Babies may wear helmets, also called cranial remolding orthosis, to address conditions like deformational plagiocephaly (flat head syndrome) or craniosynostosis (premature skull bone fusion), helping to reshape the skull and promote normal growth . Here's a more detailed explanation: Plagiocephaly (Flat Head Syndrome):","On the playground or at daycare, you may have noticed more and more babies sporting helmets. These foam-filled helmets arent to protect babies from falls. Instead, they are helping babies with flat head syndrome or positional skull deformities grow rounder, well-shaped skulls.",Whole_answer,Consistent
1007,why do babies need vitamin d?,babycare,Why Question,Sampled_Original,surpressed_AIO,"Yes, vitamin D drops are generally considered necessary for babies, especially breastfed babies",helps your child build strong bones and prevent rickets,Highlighted_answer,Other Problematic Mismatch
1007,why do babies need vitamin d?,babycare,Why Question,Sampled_Original,surpressed_AIO,"Yes, vitamin D drops are generally considered necessary for babies, especially breastfed babies , as breast milk alone may not provide enough vitamin D for healthy bone development and overall growth. Here's a more detailed explanation: Why Vitamin D is Important for Babies: Vitamin D is crucial for babies' bone health, as it helps the body absorb calcium, which is essential for strong bones and teeth. Vitamin D also plays a role in cell growth, neuromuscular function, and immune function. Breast Milk and Vitamin D: Breast milk is an excellent source of nutrients, but it contains very little vitamin D. Therefore, breastfed babies need an additional source of vitamin D, typically through vitamin D drops.",Vitamin D helps your child build strong bones and prevent rickets. Rickets is a condition of softening of the bones that can occur in growing children.,Whole_answer,Consistent
1009,why do babies wear helmets?,babycare,Why Question,Sampled_Original,,"to correct plagiocephaly (flat head syndrome) or other skull deformities, not for protection from falls",to gently correct the shape of babies skulls over time,Highlighted_answer,Consistent
1009,why do babies wear helmets?,babycare,Why Question,Sampled_Original,,"Babies sometimes wear helmets, also called cranial orthotics, to correct plagiocephaly (flat head syndrome) or other skull deformities, not for protection from falls . These helmets gently mold the baby's skull into a more symmetrical shape while the skull plates are still soft and developing. Here's a more detailed explanation: Plagiocephaly (Flat Head Syndrome):","Helmet therapy is used to gently correct the shape of babies skulls over time. Newborn babies skulls are soft plates with spaces between them. As the baby grows, these plates grow, gradually harden and knit together.",Whole_answer,Consistent
1026,why do pregnant women crave pickles?,pregnancy,Why Question,Sampled_Original,,Hormonal Changes,Cravings are a normal part of pregnancy,Highlighted_answer,Other Problematic Mismatch
1026,why do pregnant women crave pickles?,pregnancy,Why Question,Sampled_Original,,"The craving for pickles during pregnancy is a common phenomenon, but the exact reasons behind it are not fully understood. Here are some possible explanations: Hormonal Changes : Increased levels of estrogen and progesterone during pregnancy can alter taste and smell perceptions, leading to cravings for salty, sour, or pungent foods like pickles.","Shifts in taste and smell may be partly to blame for pickle cravings, as well as cultural cues. Cravings are a normal part of pregnancy. Although your hankering for pickles wont tell you the sex of your baby and likely doesnt indicate a nutrient deficiency, this food can still serve as a delicious, crunchy snack.",Whole_answer,Consistent
1033,why do you get headaches when pregnant?,pregnancy,Why Question,Sampled_Original,surpressed_AIO,"vaginal bleeding, severe headaches, swelling, chest pain, and difficulty breathing",hormone changes,Highlighted_answer,Other Problematic Mismatch
1033,why do you get headaches when pregnant?,pregnancy,Why Question,Sampled_Original,surpressed_AIO,"Five potential warning signs of a problem during pregnancy that require immediate medical attention include vaginal bleeding, severe headaches, swelling, chest pain, and difficulty breathing . Here's a more detailed breakdown of these warning signs: Vaginal Bleeding : Any vaginal bleeding, especially after the first trimester, should be evaluated by a healthcare provider as it could indicate complications like miscarriage , placental problems , or ectopic pregnancy . Severe Headaches : A persistent or worsening headache, especially if accompanied by vision changes , dizziness , or swelling , could be a sign of preeclampsia or other serious conditions.","Early in pregnancy, hormone changes can lead to headaches. Later in pregnancy, tension from carrying extra weight can cause headaches. Throughout pregnancy, caffeine withdrawal, dehydration, lack of sleep, and low blood sugar can trigger headaches.",Whole_answer,Other Problematic Mismatch
1042,can babies eat salmon?,babycare,Binary Question,Original,,"Yes, babies can eat salmon, especially once they are around 6 months old and starting solids","Salmon may be introduced as soon as baby is ready to start solids, which is generally around 6 months of age",Highlighted_answer,Consistent
1042,can babies eat salmon?,babycare,Binary Question,Original,,"Yes, babies can eat salmon, especially once they are around 6 months old and starting solids , as it's a good source of nutrients and omega-3 fatty acids . However, ensure it's fully cooked, boneless, and prepared safely. Here's a more detailed explanation: When to Introduce Salmon: Babies can be introduced to salmon around 6 months of age, when they are starting to eat solid foods.","Salmon may be introduced as soon as baby is ready to start solids, which is generally around 6 months of age. Compared with other fish, salmon tends to be low in mercury. Salmon are a family of fish closely related to char and trout that live in fresh and salt waters throughout the northern hemisphere.",Whole_answer,Consistent
1043,can babies eat strawberries?,babycare,Binary Question,Original,,"Yes, babies can eat strawberries, but with some precautions . When to Introduce: Introduce strawberries around 6 months of age, after your baby has started eating solid foods. Preparation:","Yes, babies can have strawberries around 6 months when they begin eating solids. Choose bright red berries with the green caps still intact. Make sure to rinse well and check for mold before serving.",Whole_answer,Other Problematic Mismatch
1044,can babies eat tuna?,babycare,Binary Question,Original,,"Yes, babies can eat tuna, but with certain precautions","as soon as baby is ready to start solids, which is generally around 6 months of age",Highlighted_answer,Other Problematic Mismatch
1044,can babies eat tuna?,babycare,Binary Question,Original,,"Yes, babies can eat tuna, but with certain precautions . Age: Introduce tuna after babies are 6 months old and have started eating solid foods. Type of Tuna:","Tuna, when fully cooked, may be introduced as soon as baby is ready to start solids, which is generally around 6 months of age. Wait to regularly serve most species of tuna until a child is older, as many have high mercury levels.",Whole_answer,Other Problematic Mismatch
1045,can babies eat yogurt?,babycare,Binary Question,Original,,"Yes, babies can eat yogurt . Recommended Age: Most pediatricians recommend introducing yogurt to babies around 6 months of age, when they are starting to eat solid foods. Benefits:","Yogurt can be introduced as soon as baby is ready to start solids, which is generally around 6 months of age. Heard babies cant have dairy? Dairy in the form of a solid food like yogurt is okay to introduce before 12 months, though babies should not be given cows milk as a drink until closer to 12 months of age.",Whole_answer,Numeric Mismatch
1050,can you use vicks on babies?,babycare,Binary Question,Original,,You should never use Vicks VapoRub on babies under 2 years old,it is not safe to use the product on children under 2 years of age,Highlighted_answer,Consistent
1050,can you use vicks on babies?,babycare,Binary Question,Original,,"You should never use Vicks VapoRub on babies under 2 years old ; instead, use Vicks BabyRub, which is formulated for babies 3 months and older. Here's a more detailed explanation: Vicks VapoRub is not safe for babies under 2: The ingredients in Vicks VapoRub, particularly camphor, can be dangerous for infants and young children.","Other research indicates that ingesting camphor can even be life-threatening to toddlers. For this reason, most doctors warn that it is not safe to use the product on children under 2 years of age. Vicks offers a safer alternative called Vicks BabyRub for babies and children under 2 years but older than 3 months.",Whole_answer,Consistent
1052,do babies snore?,babycare,Binary Question,Original,,"Yes, babies can snore",Approximately 3% to 9% of infants snore regularly by the age of 3 months,Highlighted_answer,Consistent
1052,do babies snore?,babycare,Binary Question,Original,,"Yes, babies can snore , and it's often harmless, especially if it's occasional or linked to a cold or allergies. However, persistent or loud snoring, or snoring accompanied by other symptoms, warrants a visit to a pediatrician to rule out underlying medical conditions. Here's a more detailed explanation: Normal Snoring: Babies can snore due to their small airways, which can become congested with mucus or fluids, or due to nasal congestion from colds or allergies.","Newborns make many different noises when they breathe, including snoring. Approximately 3% to 9% of infants snore regularly by the age of 3 months. In general, newborn snoring is rare and can be confused with other newborn breathing sounds.",Whole_answer,Other Problematic Mismatch
1056,can you drink alcohol while pregnant?,pregnancy,Binary Question,Original,surpressed_AIO,"No, it is not safe to drink any amount of alcohol, including one glass of wine, during pregnancy",There is no safe time for alcohol use during pregnancy,Highlighted_answer,Consistent
1056,can you drink alcohol while pregnant?,pregnancy,Binary Question,Original,surpressed_AIO,"No, it is not safe to drink any amount of alcohol, including one glass of wine, during pregnancy . The Centers for Disease Control and Prevention (CDC) advises that there is no known safe amount of alcohol use during pregnancy, and any alcohol consumed can potentially harm the developing fetus. Here's a more detailed explanation: No Safe Amount: Major health organizations, like the CDC, the American College of Obstetricians and Gynecologists (ACOG), and the American Academy of Pediatrics (AAP), all advise against any alcohol consumption during pregnancy. Risks to the Fetus:","There is no safe time for alcohol use during pregnancy. Alcohol can cause problems for the baby throughout pregnancy, including before a woman knows she is pregnant. Alcohol use in the first 3 months of pregnancy can cause the baby to have abnormal facial features.",Whole_answer,Consistent
1060,can a woman lactate without pregnancy?,pregnancy,Binary Question,Original,,"Yes, it's possible for a woman to lactate without being pregnant","Yes, its possible to lactate if youre not pregnant",Highlighted_answer,Consistent
1060,can a woman lactate without pregnancy?,pregnancy,Binary Question,Original,,"Yes, it's possible for a woman to lactate without being pregnant , a process known as induced lactation, which involves stimulating the breasts through various methods, including hormone therapy and pumping. Here's a more detailed explanation: Induced Lactation: This process aims to initiate milk production in individuals who haven't given birth, often pursued by adoptive parents or same-sex couples who want to breastfeed.","Can you lactate when youre not pregnant? Yes, its possible to lactate if youre not pregnant. Inducing lactation is a complex process that usually involves using hormone-mimicking drugs for several months to produce milk. The second part of lactation is expressing the milk through your nipple.",Whole_answer,Consistent
1061,can i drink wine while pregnant?,pregnancy,Binary Question,Original,surpressed_AIO,"No, it is not safe to drink alcohol, including wine, during pregnancy as any amount can be harmful to the developing baby and there is no known safe level of consumption","All types of alcohol can be harmful, including red or white wine, beer, and liquor",Highlighted_answer,Consistent
1061,can i drink wine while pregnant?,pregnancy,Binary Question,Original,surpressed_AIO,"No, it is not safe to drink alcohol, including wine, during pregnancy as any amount can be harmful to the developing baby and there is no known safe level of consumption . Here's why: No Safe Amount: Major health organizations like the American College of Obstetricians and Gynecologists (ACOG), the Centers for Disease Control and Prevention (CDC), and the American Academy of Pediatrics (AAP) all advise against any alcohol consumption during pregnancy because there's no proven safe level. Risks to the Fetus:","There is no known safe amount of alcohol use during pregnancy. There is no safe time during pregnancy to drink alcohol. All types of alcohol can be harmful, including red or white wine, beer, and liquor.",Whole_answer,Consistent
1090,can you drink black tea while pregnant?,pregnancy,Binary Question,Original,surpressed_AIO,"alcohol and limit caffeine intake, along with unpasteurized milk and juices","Caffeinated teas like black, green, white, matcha, and chai teas are generally considered safe",Highlighted_answer,Other Problematic Mismatch
1090,can you drink black tea while pregnant?,pregnancy,Binary Question,Original,surpressed_AIO,"During pregnancy, it's crucial to avoid alcohol and limit caffeine intake, along with unpasteurized milk and juices , as they pose risks to the developing fetus. Here's a more detailed breakdown of drinks to avoid or limit during pregnancy: Drinks to Avoid: Alcohol: No amount of alcohol is safe during pregnancy, and it can lead to serious health problems for the baby, including fetal alcohol spectrum disorder (FASD). Unpasteurized Milk and Juices: These can contain harmful bacteria that can cause foodborne illnesses, posing risks to both the mother and the baby.","Despite their widespread popularity, not all teas are deemed safe for pregnancy. Caffeinated teas like black, green, white, matcha, and chai teas are generally considered safe. However, their intake may need to be limited to avoid ingesting excessive amounts of caffeine. Most herbal teas should be avoided.",Whole_answer,Other Problematic Mismatch
1094,can you eat blue cheese while pregnant?,pregnancy,Binary Question,Original,,"No, it is generally not recommended to consume blue cheese during pregnancy",its best to avoid blue cheese products or only buy ones that use pasteurized milk,Highlighted_answer,Consistent
1094,can you eat blue cheese while pregnant?,pregnancy,Binary Question,Original,,"No, it is generally not recommended to consume blue cheese during pregnancy . Blue cheese is a soft, mold-ripened cheese that is often made from unpasteurized milk. Unpasteurized milk can contain bacteria, including Listeria, which can be harmful to pregnant women and their unborn babies.","As its often made with unpasteurized milk, blue cheese increases your risk of Listeria poisoning, which is extremely dangerous for unborn babies. If youre pregnant, its best to avoid blue cheese products or only buy ones that use pasteurized milk.",Whole_answer,Consistent
1095,can you eat brie when pregnant?,pregnancy,Binary Question,Original,,"No, it is generally not recommended to eat brie cheese during pregnancy","all mould-ripened soft cheeses with a white coating on the outside, such as brie, camembert and chèvre (unless cooked until steaming hot)",Highlighted_answer,Other Problematic Mismatch
1095,can you eat brie when pregnant?,pregnancy,Binary Question,Original,,"No, it is generally not recommended to eat brie cheese during pregnancy . Brie is a soft, mold-ripened cheese that is often made from unpasteurized milk.","You should avoid eating: unpasteurised semi-hard and soft cheeses (unless cooked until steaming hot) all mould-ripened soft cheeses with a white coating on the outside, such as brie, camembert and chèvre (unless cooked until steaming hot)",Whole_answer,Consistent
1122,can you sleep on your stomach pregnant?,pregnancy,Binary Question,Original,,"stomach sleeping is generally safe in early pregnancy, it may become uncomfortable and is generally not recommended as the pregnancy progresses, especially after the second trimester","Early on in pregnancy, you can sleep on your stomach",Highlighted_answer,Consistent
1122,can you sleep on your stomach pregnant?,pregnancy,Binary Question,Original,,"While stomach sleeping is generally safe in early pregnancy, it may become uncomfortable and is generally not recommended as the pregnancy progresses, especially after the second trimester . Here's a more detailed explanation: Early Pregnancy: Sleeping on your stomach is fine in the early stages of pregnancy, as your bump hasn't grown significantly yet.","As your pregnancy progresses and the size of your uterus increases, you may find it harder to get comfortable in bed. Early on in pregnancy, you can sleep on your stomach. Eventually, that position can become uncomfortable. But its OK to sleep on your stomach if it is comfortable.",Whole_answer,Consistent
1127,can you take cold medicine when pregnant?,pregnancy,Binary Question,Original,surpressed_AIO,"generally considered safe to use during the second and third trimesters of pregnancy, it's advised to avoid it during the first trimester","You should avoid using oral decongestants during your first trimester, while breastfeeding or if you have high blood pressure",Highlighted_answer,Consistent
1127,can you take cold medicine when pregnant?,pregnancy,Binary Question,Original,surpressed_AIO,"While guaifenesin (the active ingredient in Mucinex) is generally considered safe to use during the second and third trimesters of pregnancy, it's advised to avoid it during the first trimester and to always consult with your healthcare provider before taking any medication during pregnancy. Here's a more detailed breakdown: Guaifenesin (Mucinex): Purpose: Guaifenesin is an expectorant that helps thin and loosen mucus in the respiratory passages, making it easier to cough up. First Trimester: It's generally recommended to avoid Mucinex during the first trimester due to the potential risks associated with certain medications during this critical period of fetal development.","Its recommended to only use oral decongestants on a limited basis. You should avoid using oral decongestants during your first trimester, while breastfeeding or if you have high blood pressure. Nasal saline sprays are considered a safe alternative for treating nasal congestion while pregnant or breastfeeding.",Whole_answer,Consistent
1128,can you take dayquil when pregnant?,pregnancy,Binary Question,Original,surpressed_AIO,"it's generally not recommended to take DayQuil due to potential risks associated with its ingredients, particularly phenylephrine, a decongestant, and the possibility of other ingredients not being safe for the developing fetus",its best to avoid,Highlighted_answer,Consistent
1128,can you take dayquil when pregnant?,pregnancy,Binary Question,Original,surpressed_AIO,"During pregnancy, it's generally not recommended to take DayQuil due to potential risks associated with its ingredients, particularly phenylephrine, a decongestant, and the possibility of other ingredients not being safe for the developing fetus . Here's a more detailed explanation: Combination Medications: DayQuil, like many combination cold and flu medications, contains multiple ingredients, some of which may not be safe during pregnancy. Phenylephrine : DayQuil contains phenylephrine, a decongestant that may not be safe for expecting moms and can potentially affect blood flow to the placenta.","In general, its best to avoid: Any sustained action (SA) form of these drugs or the multi-symptom form of these drugs. Nyquil® or Dayquil® due to its high alcohol content and certain antihistamines.",Whole_answer,Consistent
1143,is it safe for babies to eat eggs?,babycare,Binary Question,positive_reformulation_by_keyword_safe,,"Yes, eggs are generally considered safe and nutritious for babies","You can give your baby the entire egg (yolk and white), if your pediatrician recommends it",Highlighted_answer,Other Problematic Mismatch
1143,is it safe for babies to eat eggs?,babycare,Binary Question,positive_reformulation_by_keyword_safe,,"Yes, eggs are generally considered safe and nutritious for babies , and can be introduced around 6 months when they're starting solids, provided they are well-cooked. Here's a more detailed explanation: When to Introduce Eggs: You can introduce eggs to your baby around the same time you introduce solid foods, which is usually around 6 months of age.","You can give your baby the entire egg (yolk and white), if your pediatrician recommends it. Around 6 months, puree or mash one hard-boiled or scrambled egg and serve it to your baby. For a more liquid consistency, add breast milk or water. Around 8 months, scrambled egg pieces are a fantastic finger food.",Whole_answer,Consistent
1156,is baby sweating safe?,babycare,Binary Question,positive_reformulation_by_keyword_safe,,"Yes, baby sweating is generally safe and normal, especially in newborns",talk to their doctor,Highlighted_answer,Other Problematic Mismatch
1156,is baby sweating safe?,babycare,Binary Question,positive_reformulation_by_keyword_safe,,"Yes, baby sweating is generally safe and normal, especially in newborns . It's a natural process that helps the body cool down. However, excessive sweating, especially with other symptoms, may warrant attention. Here's a more detailed explanation: Normal Sweating: Babies, like adults, sweat to regulate their body temperature. Sweating is particularly common in newborns as they adapt to their environment and their thermoregulation system is still developing.","As a general rule, if youre too hot, your baby probably is too. If the house is kept cool and your baby isnt in warm layers – but is still often sweaty – talk to their doctor. Sweating is very common, but excessive sweating could mean that something isnt right.",Whole_answer,Consistent
1160,is it safe for you to drink red wine while pregnant?,pregnancy,Binary Question,positive_reformulation_by_keyword_safe,,"No, it is not safe to drink red wine (or any alcohol) while pregnant",there is no safe amount of alcohol to drink during pregnancy,Highlighted_answer,Consistent
1160,is it safe for you to drink red wine while pregnant?,pregnancy,Binary Question,positive_reformulation_by_keyword_safe,,"No, it is not safe to drink red wine (or any alcohol) while pregnant . There is no known safe amount of alcohol consumption during pregnancy, and any amount can potentially harm the developing fetus. The Centers for Disease Control and Prevention (CDC) and other health organizations recommend complete abstinence from alcohol during pregnancy. Here's why: Alcohol crosses the placenta:","The American Academy of Pediatrics, The Center for Disease Control and Prevention (CDC), and The National Association on Fetal Alcohol Syndrome all state that there is no safe amount of alcohol to drink during pregnancy. A growing baby is exposed to the same amount of alcohol as its mother.",Whole_answer,Consistent
1164,is it safe for me to drink wine while pregnant?,pregnancy,Binary Question,positive_reformulation_by_keyword_safe,surpressed_AIO,"No, it is not safe to consume alcohol, including wine, during pregnancy","Drinking alcohol during pregnancy increases the risk of miscarriage, premature birth and your baby having a low birthweight",Highlighted_answer,Consistent
1164,is it safe for me to drink wine while pregnant?,pregnancy,Binary Question,positive_reformulation_by_keyword_safe,surpressed_AIO,"No, it is not safe to consume alcohol, including wine, during pregnancy , as any amount can be harmful to the developing fetus and there is no known safe level of alcohol consumption. Here's why: No Safe Amount: Major health organizations like the American College of Obstetricians and Gynecologists (ACOG), the Centers for Disease Control and Prevention (CDC), and the American Academy of Pediatrics (AAP) all advise against any alcohol consumption during pregnancy, as there is no established safe level. Harmful Effects:","Your baby does not have a fully developed liver and cannot process alcohol. Drinking alcohol during pregnancy increases the risk of miscarriage, premature birth and your baby having a low birthweight. It can also affect your baby after theyre born.",Whole_answer,Consistent
1165,is it safe for me to eat feta when pregnant?,pregnancy,Binary Question,positive_reformulation_by_keyword_safe,,"Yes, it is generally safe to eat feta cheese if it's made from pasteurized milk . Feta, like other soft cheeses, is generally considered safe during pregnancy when made from pasteurized milk. However, it's crucial to ensure the feta you're consuming is made from pasteurized milk to avoid potential risks associated with listeria, a bacterium that can be harmful to both the mother and the fetus. Why pasteurization is important:","Youre safe to eat some milk and dairy foods, including: All hard cheeses, such as cheddar, Parmesan or Gruyere. Pasteurised semi-hard and soft cheeses, such as cottage cheese, mozzarella, feta, paneer, ricotta, halloumi, cream cheese, cheese spreads, or goats cheese without a white coating on the outside (rind)",Whole_answer,Other Problematic Mismatch
1166,is it safe for me to eat salami while pregnant?,pregnancy,Binary Question,positive_reformulation_by_keyword_safe,surpressed_AIO,salami is generally safe to eat when pregnant if thoroughly cooked until steaming hot,its best to avoid deli meats like salami during your pregnancy,Highlighted_answer,Binary Contradiction
1166,is it safe for me to eat salami while pregnant?,pregnancy,Binary Question,positive_reformulation_by_keyword_safe,surpressed_AIO,"While salami is generally safe to eat when pregnant if thoroughly cooked until steaming hot , it's best to avoid cold-cured meats like salami, pepperoni , chorizo , and prosciutto altogether due to the risk of listeria and other foodborne illnesses. Here's a more detailed explanation: Why it's a concern: Cold-cured meats, like salami, are not cooked, but rather cured and fermented, posing a risk of containing Listeria and other harmful bacteria. Listeria risk: Pregnant women are more susceptible to listeriosis, a disease caused by the bacterium Listeria, and their developing babies are vulnerable to serious complications.","While its best to avoid deli meats like salami during your pregnancy, if you must eat them, make sure theyre thoroughly heated to prevent the risk of contracting a foodborne pathogen. And if you have any symptoms of infection, contact your OB-GYN right away to ensure the safety of you and your baby.",Whole_answer,Other Problematic Mismatch
1167,is it safe for me to take a bath while pregnant?,pregnancy,Binary Question,positive_reformulation_by_keyword_safe,surpressed_AIO,10 minutes or less,"Yes, you can take a bath while pregnant",Highlighted_answer,Other Problematic Mismatch
1167,is it safe for me to take a bath while pregnant?,pregnancy,Binary Question,positive_reformulation_by_keyword_safe,surpressed_AIO,"While taking a bath during pregnancy is generally safe, it's crucial to limit bath times to 10 minutes or less and ensure the water temperature stays below 102 degrees Fahrenheit to avoid overheating, which can be harmful to the baby, especially in the first trimester. Here's a more detailed breakdown: Temperature: Avoid hot baths, hot tubs, and saunas: These can raise your core body temperature too high, potentially increasing the risk of birth defects , especially in the first trimester. Keep water temperature below 102 degrees Fahrenheit: Use a bath thermometer to monitor the water temperature and ensure it stays in a safe range.","Yes, you can take a bath while pregnant – just dont make the water extra hot. It should feel soothing, not scorching. Skip the hot tubs, saunas, and steam rooms. Unlike your bathtub at home, these can quickly raise your core body temperature to unsafe levels.",Whole_answer,Other Problematic Mismatch
1169,is it safe for me to take cough drops while pregnant?,pregnancy,Binary Question,positive_reformulation_by_keyword_safe,surpressed_AIO,cough drops with ingredients like menthol or benzocaine,Cough drops also may be used,Highlighted_answer,Other Problematic Mismatch
1169,is it safe for me to take cough drops while pregnant?,pregnancy,Binary Question,positive_reformulation_by_keyword_safe,surpressed_AIO,"Generally, cough drops with ingredients like menthol or benzocaine are considered safe for use during pregnancy, as long as they are used as directed. However, it's always best to consult with your doctor or healthcare provider before taking any medication, including cough drops, during pregnancy. Here's a more detailed breakdown: Safe Ingredients: Menthol: Cough drops with menthol are generally considered safe for pregnant women when used as directed. Benzocaine: Benzocaine, a local anesthetic, is also often found in cough drops and is generally considered safe during pregnancy.","There are some medications that are safe to take while you are pregnant. Robitussin DM (guaifenesin + dextromethorphan), 2 teaspoons every 4 hours. Cough drops also may be used.",Whole_answer,Other Problematic Mismatch
1171,is it safe for me to use a heating pad while pregnant?,pregnancy,Binary Question,positive_reformulation_by_keyword_safe,surpressed_AIO,excessive heat exposure can potentially increase the risk of birth defects,"Its fine to use a heating pad to find relief from pregnancy-related aches and pains in your back, hips, and joints",Highlighted_answer,Binary Contradiction
1171,is it safe for me to use a heating pad while pregnant?,pregnancy,Binary Question,positive_reformulation_by_keyword_safe,surpressed_AIO,"While a heating pad can offer temporary relief for muscle aches and pains during pregnancy, it's crucial to avoid overheating, especially in the first trimester, as excessive heat exposure can potentially increase the risk of birth defects . Here's a more detailed explanation: Potential Risks of Overheating: Birth Defects : Excessive heat exposure, particularly in the first trimester, may increase the risk of certain birth defects, such as those affecting the brain, spine, or spinal cord. Preterm Birth and Low Birth Weight : Studies have linked high temperatures to adverse pregnancy outcomes, including preterm birth, stillbirth, and low birth weight.","Its fine to use a heating pad to find relief from pregnancy-related aches and pains in your back, hips, and joints. But avoid using it for longer than 20 minutes. Start with the lowest setting, and make sure you dont fall asleep with it. You can also try a microwaveable heat pack or a hot water bottle.",Whole_answer,Other Problematic Mismatch
1173,is it safe for pregnant women to drink energy drinks?,pregnancy,Binary Question,positive_reformulation_by_keyword_safe,surpressed_AIO,it's best to avoid them or significantly reduce consumption due to their high caffeine content and other ingredients that may not be safe for the developing fetus,its best not to have them when youre pregnant,Highlighted_answer,Consistent
1173,is it safe for pregnant women to drink energy drinks?,pregnancy,Binary Question,positive_reformulation_by_keyword_safe,surpressed_AIO,"While energy drinks aren't automatically off-limits during pregnancy, it's best to avoid them or significantly reduce consumption due to their high caffeine content and other ingredients that may not be safe for the developing fetus . Here's a more detailed explanation: Caffeine: The American College of Obstetricians and Gynecologists (ACOG) recommends limiting caffeine intake to under 200 milligrams per day during pregnancy. Energy drinks often contain significantly higher amounts of caffeine than this limit. Other Ingredients: Energy drinks may contain ingredients like guarana or other herbal supplements that haven't been well-studied for safety during pregnancy.","Energy drinks may have a lot of sugar, too, and they may contain ingredients that may be harmful to your baby during pregnancy. Because we dont know a lot about all the ingredients in energy drinks, its best not to have them when youre pregnant.",Whole_answer,Consistent
1178,is it safe for pregnant women to eat catfish?,pregnancy,Binary Question,positive_reformulation_by_keyword_safe,surpressed_AIO,"Yes, you can eat catfish during pregnancy as it's considered a low-mercury fish option, and is a good source of protein and omega-3 fatty acids",eat 8 to 12 ounces a week of fish that doesnt have a lot of mercury,Highlighted_answer,Other Problematic Mismatch
1178,is it safe for pregnant women to eat catfish?,pregnancy,Binary Question,positive_reformulation_by_keyword_safe,surpressed_AIO,"Yes, you can eat catfish during pregnancy as it's considered a low-mercury fish option, and is a good source of protein and omega-3 fatty acids . Here's a more detailed explanation: Safe Fish Choice: Catfish is a safe and healthy seafood option for pregnant women, as it's low in mercury. Nutritional Benefits: Catfish is a lean fish, providing protein and omega-3 fatty acids, which are beneficial for both the mother and the developing baby. FDA Recommendation :","By eating fish that contain mercury, you can pass the metal to your baby during pregnancy. This can cause brain damage and affect your babys hearing and vision. During pregnancy, eat 8 to 12 ounces a week of fish that doesnt have a lot of mercury, including shrimp, salmon, pollock, catfish and canned light tuna.",Whole_answer,Consistent
1181,is it safe for pregnant women to eat cold cuts?,pregnancy,Binary Question,positive_reformulation_by_keyword_safe,surpressed_AIO,"While you can eat cold cuts during pregnancy, you should heat them to a steaming hot temperature (165°F) before eating to kill the Listeria bacteria, which can be harmful to both you and your baby . Here's a more detailed explanation: The Risk: Pregnant women are more susceptible to listeriosis , an infection caused by the bacteria Listeria monocytogenes, which can lead to serious complications like miscarriage, preterm labor, or infections in the newborn. Why Heat? Listeria can survive in refrigeration, but it is killed by heating the food to a minimum internal temperature of 165°F.","Why microwave cold cuts? The Centers for Disease Control (CDC) advises that pregnant women “avoid eating hot dogs, lunch meats, cold cuts, other deli meats (such as bologna), or fermented or dry sausages unless they are heated to an internal temperature of 165°F or until steaming hot just before serving.”",Whole_answer,Consistent
1184,is it safe for pregnant women to eat lobster?,pregnancy,Binary Question,positive_reformulation_by_keyword_safe,surpressed_AIO,"Yes, lobster is generally safe to eat during pregnancy, as long as it's thoroughly cooked","most types of seafood, including crab and lobster, are safe to eat while youre pregnant",Highlighted_answer,Other Problematic Mismatch
1184,is it safe for pregnant women to eat lobster?,pregnancy,Binary Question,positive_reformulation_by_keyword_safe,surpressed_AIO,"Yes, lobster is generally safe to eat during pregnancy, as long as it's thoroughly cooked , and you consume it as part of a balanced diet with other low-mercury seafood options. Here's a more detailed explanation: Safe to Eat: Most types of seafood, including lobster, are safe to eat during pregnancy when cooked properly. Proper Cooking: Ensure lobster is cooked thoroughly to an internal temperature of 145 degrees Fahrenheit (63 degrees Celsius).","But if youre pregnant, youve probably heard that you should avoid some types of sushi and seafood. The good news is that most types of seafood, including crab and lobster, are safe to eat while youre pregnant. Not only is it safe, eating seafood has a lot of benefits for you and your baby.",Whole_answer,Other Problematic Mismatch
1191,is it safe for pregnant women to take antibiotics?,pregnancy,Binary Question,positive_reformulation_by_keyword_safe,surpressed_AIO,"penicillins (like amoxicillin and ampicillin), cephalosporins (like cefaclor and cephalexin), clindamycin, and metronidazole",Antibiotics are generally safe to take during pregnancy for mom and baby,Highlighted_answer,Other Problematic Mismatch
1191,is it safe for pregnant women to take antibiotics?,pregnancy,Binary Question,positive_reformulation_by_keyword_safe,surpressed_AIO,"During pregnancy, certain antibiotics are generally considered safe, including penicillins (like amoxicillin and ampicillin), cephalosporins (like cefaclor and cephalexin), clindamycin, and metronidazole . However, it's crucial to discuss any antibiotic use with a healthcare provider to ensure the benefits outweigh any potential risks for both the mother and the baby. Here's a more detailed breakdown of some commonly used antibiotics and their safety during pregnancy: Penicillins : Amoxicillin and Ampicillin : These are often considered first-line choices for treating bacterial infections during pregnancy.","“Antibiotics are generally safe to take during pregnancy for mom and baby,” Dr. Baldwin said. “There are certain types of antibiotics that arent given during pregnancy due to risks of birth defects, so its always best to check with your provider whether certain ones are safe to use before taking anything.”",Whole_answer,Consistent
1193,is it safe for you to drink black tea while pregnant?,pregnancy,Binary Question,positive_reformulation_by_keyword_safe,surpressed_AIO,"alcohol and limit caffeine intake, along with unpasteurized milk and juices","Caffeinated teas like black, green, white, matcha, and chai teas are generally considered safe",Highlighted_answer,Other Problematic Mismatch
1193,is it safe for you to drink black tea while pregnant?,pregnancy,Binary Question,positive_reformulation_by_keyword_safe,surpressed_AIO,"During pregnancy, it's crucial to avoid alcohol and limit caffeine intake, along with unpasteurized milk and juices , as they pose risks to the developing fetus. Here's a more detailed breakdown of drinks to avoid or limit during pregnancy: Drinks to Avoid: Alcohol: No amount of alcohol is safe during pregnancy, and it can lead to serious health problems for the baby, including fetal alcohol spectrum disorder (FASD). Unpasteurized Milk and Juices: These can contain harmful bacteria that can cause foodborne illnesses, posing risks to both the mother and the baby.","Despite their widespread popularity, not all teas are deemed safe for pregnancy. Caffeinated teas like black, green, white, matcha, and chai teas are generally considered safe. However, their intake may need to be limited to avoid ingesting excessive amounts of caffeine. Most herbal teas should be avoided.",Whole_answer,Other Problematic Mismatch
1194,is it safe for you to drink herbal tea when pregnant?,pregnancy,Binary Question,positive_reformulation_by_keyword_safe,surpressed_AIO,"rosemary, sage, parsley, and dong quai",Herbal teas considered to be possibly safe or likely safe during pregnancy,Highlighted_answer,Other Problematic Mismatch
1194,is it safe for you to drink herbal tea when pregnant?,pregnancy,Binary Question,positive_reformulation_by_keyword_safe,surpressed_AIO,"During pregnancy, certain herbs should be avoided as they may pose risks to the developing fetus or the mother. Some herbs to avoid include rosemary, sage, parsley, and dong quai . Here's a more detailed list of herbs to avoid during pregnancy, along with the reasons for caution: Herbs to Avoid: Rosemary: Higher doses of rosemary may cause miscarriage, so pregnant and nursing women should avoid using it as a supplement, according to Mount Sinai .","Herbal teas considered to be possibly safe or likely safe during pregnancy include raspberry leaf, peppermint, ginger, and lemon balm teas. However, it may be best to avoid raspberry leaf and peppermint teas in the first trimester of pregnancy.",Whole_answer,Binary Contradiction
1196,is it safe for you to eat bacon when pregnant?,pregnancy,Binary Question,positive_reformulation_by_keyword_safe,,"Yes, it's generally safe to eat bacon when pregnant",You can enjoy bacon safely during pregnancy,Highlighted_answer,Consistent
1196,is it safe for you to eat bacon when pregnant?,pregnancy,Binary Question,positive_reformulation_by_keyword_safe,,"Yes, it's generally safe to eat bacon when pregnant , but it's crucial to ensure it's fully cooked. Undercooked or raw bacon can harbor bacteria like Listeria and Toxoplasma gondii, which can cause serious illnesses during pregnancy. Fully cooking the bacon until it's steaming hot or reaches 165°F eliminates these risks. Here's a more detailed explanation: Listeria:","You can enjoy bacon safely during pregnancy. Just make sure to cook it thoroughly, until its steaming hot. Avoid ordering bacon at a restaurant because you dont know how well its cooked. If you want to avoid all risks completely, there are meat-free bacon alternatives available, like soy or mushroom bacon.",Whole_answer,Consistent
1197,is it safe for you to eat blue cheese while pregnant?,pregnancy,Binary Question,positive_reformulation_by_keyword_safe,,"It is generally not safe to eat blue cheese while pregnant, unless it has been cooked until steaming hot",its best to avoid blue cheese products or only buy ones that use pasteurized milk,Highlighted_answer,Consistent
1197,is it safe for you to eat blue cheese while pregnant?,pregnancy,Binary Question,positive_reformulation_by_keyword_safe,,"It is generally not safe to eat blue cheese while pregnant, unless it has been cooked until steaming hot . Most blue cheeses are made with unpasteurized milk, which can carry the listeria bacteria, posing a risk to both the pregnant woman and her baby. Here's why and what to do:","As its often made with unpasteurized milk, blue cheese increases your risk of Listeria poisoning, which is extremely dangerous for unborn babies. If youre pregnant, its best to avoid blue cheese products or only buy ones that use pasteurized milk.",Whole_answer,Consistent
1198,is it safe for you to eat brie when pregnant?,pregnancy,Binary Question,positive_reformulation_by_keyword_safe,,"No, it's generally not safe to eat Brie while pregnant","all mould-ripened soft cheeses with a white coating on the outside, such as brie, camembert and chèvre (unless cooked until steaming hot)",Highlighted_answer,Consistent
1198,is it safe for you to eat brie when pregnant?,pregnancy,Binary Question,positive_reformulation_by_keyword_safe,,"No, it's generally not safe to eat Brie while pregnant . Brie, being a soft cheese with a white rind, is more prone to harboring harmful bacteria like Listeria , which can cause listeriosis. Listeriosis can be dangerous for pregnant women and their babies, potentially leading to complications like miscarriage, premature birth, or stillbirth. Elaboration: Brie and Listeria:","You should avoid eating: unpasteurised semi-hard and soft cheeses (unless cooked until steaming hot) all mould-ripened soft cheeses with a white coating on the outside, such as brie, camembert and chèvre (unless cooked until steaming hot)",Whole_answer,Consistent
1199,is it safe for you to eat clams when pregnant?,pregnancy,Binary Question,positive_reformulation_by_keyword_safe,,"Yes, it is generally safe to eat clams when pregnant, as long as they are fully cooked",low mercury seafood,Highlighted_answer,Other Problematic Mismatch
1199,is it safe for you to eat clams when pregnant?,pregnancy,Binary Question,positive_reformulation_by_keyword_safe,,"Yes, it is generally safe to eat clams when pregnant, as long as they are fully cooked . Raw or undercooked shellfish can pose a risk of food poisoning during pregnancy. Additionally, while clams are relatively low in mercury, it's still a good idea to limit seafood consumption, including clams, to 2-3 servings per week, and to choose a variety of seafood. Here's a more detailed explanation: Raw or undercooked clams are risky:","Seafood that is cooked and low in mercury, such as crab, lobster or shrimp can be eaten once a week. Other low mercury seafood includes oysters, clams, scallops, mussels and cockles. All seafood must come from a reliable supplier to avoid toxins and contaminants.",Whole_answer,Other Problematic Mismatch
1200,is it safe for you to eat cooked sushi while pregnant?,pregnancy,Binary Question,positive_reformulation_by_keyword_safe,,"Yes, it is generally safe to eat cooked sushi during pregnancy","Cooked rolls, if heated to a temperature of 145°F, are OK to eat during pregnancy if made with low-mercury fish",Highlighted_answer,Other Problematic Mismatch
1200,is it safe for you to eat cooked sushi while pregnant?,pregnancy,Binary Question,positive_reformulation_by_keyword_safe,,"Yes, it is generally safe to eat cooked sushi during pregnancy . Sushi that contains cooked fish or seafood, like shrimp tempura rolls or eel rolls, is a safe and delicious option. However, it's crucial to avoid all raw or undercooked fish, including sushi and sashimi, as they pose a higher risk of containing parasites or bacteria. Here's why cooked sushi is a good choice: Reduced risk of foodborne illnesses:","But before you reach for that salmon roll, make sure its cooked, as you need to protect yourself and your baby from both mercury and listeria. Cooked rolls, if heated to a temperature of 145°F, are OK to eat during pregnancy if made with low-mercury fish.",Whole_answer,Consistent
1201,is it safe for you to eat crab legs when pregnant?,pregnancy,Binary Question,positive_reformulation_by_keyword_safe,,"Yes, it is generally safe for you to eat crab legs while pregnant, as long as they are fully cooked","most types of seafood, including crab and lobster, are safe to eat while youre pregnant",Highlighted_answer,Other Problematic Mismatch
1201,is it safe for you to eat crab legs when pregnant?,pregnancy,Binary Question,positive_reformulation_by_keyword_safe,,"Yes, it is generally safe for you to eat crab legs while pregnant, as long as they are fully cooked . However, it's important to avoid raw or undercooked seafood due to the risk of foodborne illness. Additionally, while crab is generally low in mercury, it's still a good idea to eat it in moderation and be mindful of local seafood advisories if you are consuming local crab. Here's a more detailed explanation:","But if youre pregnant, youve probably heard that you should avoid some types of sushi and seafood. The good news is that most types of seafood, including crab and lobster, are safe to eat while youre pregnant. Not only is it safe, eating seafood has a lot of benefits for you and your baby.",Whole_answer,Other Problematic Mismatch
1202,is it safe for you to eat crab while pregnant?,pregnancy,Binary Question,positive_reformulation_by_keyword_safe,,"Yes, it is generally safe to eat cooked crab during pregnancy","most types of seafood, including crab and lobster, are safe to eat while youre pregnant",Highlighted_answer,Other Problematic Mismatch
1202,is it safe for you to eat crab while pregnant?,pregnancy,Binary Question,positive_reformulation_by_keyword_safe,,"Yes, it is generally safe to eat cooked crab during pregnancy , says the Mayo Clinic . However, it's important to avoid raw or undercooked crab, as well as seafood high in mercury . Eating a variety of seafood can provide beneficial nutrients like omega-3 fatty acids, but it's crucial to be mindful of potential mercury exposure and the risk of foodborne illness. Here's a more detailed breakdown: Cooked crab is generally safe:","Seafood is a great source of protein and omega-3 fatty acids, which are good for your heart. But if youre pregnant, youve probably heard that you should avoid some types of sushi and seafood. The good news is that most types of seafood, including crab and lobster, are safe to eat while youre pregnant.",Whole_answer,Other Problematic Mismatch
1203,is it safe for you to eat crawfish while pregnant?,pregnancy,Binary Question,positive_reformulation_by_keyword_safe,,"Yes, it is generally safe for pregnant women to eat crawfish as long as it's fully cooked","When fully cooked, crawfish are perfectly safe to eat",Highlighted_answer,Consistent
1203,is it safe for you to eat crawfish while pregnant?,pregnancy,Binary Question,positive_reformulation_by_keyword_safe,,"Yes, it is generally safe for pregnant women to eat crawfish as long as it's fully cooked . Crawfish are low in mercury, and when cooked properly, they pose a minimal risk to both the mother and the developing baby. Key points about eating crawfish during pregnancy: Cook thoroughly: Ensure crawfish are cooked to an internal temperature of 145°F (63°C).","If you love crawfish, rest assured that you dont need to put the tasty crustacean on the “no-go” list during pregnancy. When fully cooked, crawfish are perfectly safe to eat. As compared to other seafood, crawfish are considered to be low in mercury with just an average of 0.033 parts per million (ppm) of mercury .",Whole_answer,Consistent
1207,is it safe for you to eat ice cream when pregnant?,pregnancy,Binary Question,positive_reformulation_by_keyword_safe,,"Yes, it's generally safe to eat ice cream while pregnant, especially if it's pasteurized",ice cream that you buy at your local grocery or big box store should be perfectly safe for you to eat,Highlighted_answer,Consistent
1207,is it safe for you to eat ice cream when pregnant?,pregnancy,Binary Question,positive_reformulation_by_keyword_safe,,"Yes, it's generally safe to eat ice cream while pregnant, especially if it's pasteurized . However, moderation is key, and it's important to be mindful of sugar and fat content. Avoid soft-serve ice cream, as it may pose a listeria risk if not stored properly. Here's a more detailed explanation: Pasteurization:","Generally speaking, ice cream that you buy at your local grocery or big box store should be perfectly safe for you to eat. If youre tempted by the soft-serve machine at a local restaurant, that should be fine, too, as long as the ice cream is made with pasteurized milk.",Whole_answer,Consistent
1208,is it safe for you to eat imitation crab when pregnant?,pregnancy,Binary Question,positive_reformulation_by_keyword_safe,,"Yes, it is generally considered safe to eat imitation crab while pregnant, as long as it's cooked properly and not part of a raw dish like sushi",it is usually safe for a pregnant woman to eat,Highlighted_answer,Other Problematic Mismatch
1208,is it safe for you to eat imitation crab when pregnant?,pregnancy,Binary Question,positive_reformulation_by_keyword_safe,,"Yes, it is generally considered safe to eat imitation crab while pregnant, as long as it's cooked properly and not part of a raw dish like sushi . Imitation crab is typically made from surimi, a fish paste, and while it may not be as nutritious as real crab, it's generally safe for consumption during pregnancy. Here's why imitation crab is generally safe: Cooked and Pasteurized:","Imitation crab is cooked, so it is usually safe for a pregnant woman to eat. However, it is crucial to ask if there are other raw products in foods, such as sushi, before eating them. Imitation crab is typically less expensive than real crab and contains pollock, egg whites, artificial flavoring, and sugar.",Whole_answer,Consistent
1209,is it safe for you to eat mozzarella when pregnant?,pregnancy,Binary Question,positive_reformulation_by_keyword_safe,,"Yes, it is generally safe to eat mozzarella cheese while pregnant, especially if it's made from pasteurized milk . Pasteurized milk is heated to kill harmful bacteria, making it a safe option for pregnant women. Mozzarella, like other soft cheeses, can be eaten both fresh and cooked when made from pasteurized milk. Why pasteurization is important: Kills harmful bacteria:","Youre safe to eat some milk and dairy foods, including: All hard cheeses, such as cheddar, Parmesan or Gruyere. Pasteurised semi-hard and soft cheeses, such as cottage cheese, mozzarella, feta, paneer, ricotta, halloumi, cream cheese, cheese spreads, or goats cheese without a white coating on the outside (rind)",Whole_answer,Consistent
1210,is it safe for you to eat pepperoni when pregnant?,pregnancy,Binary Question,positive_reformulation_by_keyword_safe,,"Yes, it's generally safe to eat cooked pepperoni during pregnancy",eating it cooked should be safe,Highlighted_answer,Consistent
1210,is it safe for you to eat pepperoni when pregnant?,pregnancy,Binary Question,positive_reformulation_by_keyword_safe,,"Yes, it's generally safe to eat cooked pepperoni during pregnancy . However, you should avoid raw or undercooked pepperoni, as it can harbor harmful bacteria like Listeria and Toxoplasma gondii , which can be dangerous for both you and your baby. Thoroughly heating pepperoni to an internal temperature of 165°F (74°C) eliminates these risks. Here's why cooked pepperoni is safer: Heat kills bacteria:","Heres the good news. While its best to stay away from raw pepperoni while pregnant, eating it cooked should be safe. Thats because heating pepperoni can kill off the unwanted and harmful bacteria and parasites that pregnant individuals should stay away from.",Whole_answer,Consistent
1211,is it safe for you to eat salmon while pregnant?,pregnancy,Binary Question,positive_reformulation_by_keyword_safe,,"Yes, it is generally safe for you to eat salmon while pregnant","Yes, Pregnant Women Can Eat Salmon and Other Low Mercury Fish",Highlighted_answer,Consistent
1211,is it safe for you to eat salmon while pregnant?,pregnancy,Binary Question,positive_reformulation_by_keyword_safe,,"Yes, it is generally safe for you to eat salmon while pregnant , according to the FDA and EPA. In fact, it's recommended to eat 8 to 12 ounces of low-mercury fish like salmon per week, which can provide beneficial omega-3 fatty acids for both you and your baby. Here's a more detailed explanation: Low-mercury benefits: Salmon is a good source of omega-3 fatty acids, which are important for fetal brain and eye development.","Yes, Pregnant Women Can Eat Salmon and Other Low Mercury Fish. Many Americans do not eat adequate amounts of fish. However, the FDA recommends eating 8 to 12 ounces of fish low in mercury per week. That amounts to about 2 to 3 servings of fish per week, which can be eaten in place of other types of protein.",Whole_answer,Consistent
1213,is it safe for you to eat smoked salmon when pregnant?,pregnancy,Binary Question,positive_reformulation_by_keyword_safe,,"Yes, smoked salmon is generally considered safe to eat during pregnancy, especially if it's hot-smoked, fully cooked, or in a shelf-stable form",Pregnant women can safely eat hot-smoked salmon when heated to 165℉ or shelf-stable forms,Highlighted_answer,Other Problematic Mismatch
1213,is it safe for you to eat smoked salmon when pregnant?,pregnancy,Binary Question,positive_reformulation_by_keyword_safe,,"Yes, smoked salmon is generally considered safe to eat during pregnancy, especially if it's hot-smoked, fully cooked, or in a shelf-stable form . However, pregnant women should avoid cold-smoked or raw smoked salmon, as it can pose a risk of listeria infection. Here's a more detailed explanation: Hot-smoked salmon :","Pregnant women can safely eat hot-smoked salmon when heated to 165℉ or shelf-stable forms, but cold-smoked salmon puts you at risk of tapeworm and Listeria infections. You should never eat uncooked cold-smoked salmon if youre pregnant.",Whole_answer,Consistent
1219,is it safe for you to get hep b vaccine while pregnant?,pregnancy,Binary Question,positive_reformulation_by_keyword_safe,,"Yes, the hepatitis B vaccine is considered safe and recommended for pregnant women",The hepatitis B vaccine is safe to be administered during pregnancy,Highlighted_answer,Consistent
1219,is it safe for you to get hep b vaccine while pregnant?,pregnancy,Binary Question,positive_reformulation_by_keyword_safe,,"Yes, the hepatitis B vaccine is considered safe and recommended for pregnant women , especially those who are at risk of infection or have not been vaccinated previously. It's a highly effective way to prevent hepatitis B and protect both the mother and her baby. Here's why it's safe and recommended: No risk to the fetus: The hepatitis B vaccine contains a non-infectious protein derived from the virus, so it cannot cause hepatitis infection in the pregnant person or the developing baby.","The hepatitis B vaccine is safe to be administered during pregnancy. Please remember that even if a mother receives the hepatitis B vaccine during pregnancy, her baby will have to be vaccinated after birth. The protective antibodies are not transmitted from the mother to her baby.",Whole_answer,Consistent
1221,is it safe for you to have honey when pregnant?,pregnancy,Binary Question,positive_reformulation_by_keyword_safe,,"Yes, it is generally safe to eat honey during pregnancy","Yes, its safe to eat honey during pregnancy",Highlighted_answer,Consistent
1221,is it safe for you to have honey when pregnant?,pregnancy,Binary Question,positive_reformulation_by_keyword_safe,,"Yes, it is generally safe to eat honey during pregnancy . While honey is not recommended for babies under one year due to the risk of botulism, pregnant women's digestive systems can handle the bacteria present in honey, so it's safe for them to consume. Here's why honey is safe for pregnant women: Mature Digestive System: A pregnant woman's digestive system is more developed than a baby's, allowing it to break down and neutralize any potential botulism spores present in honey.","Yes, its safe to eat honey during pregnancy. While its not safe to give honey to babies under a year old, eating honey when youre pregnant wont harm you or your unborn child. Thats because your grown-up stomach can handle the bacteria in honey that sometimes makes babies sick with a rare illness called botulism.",Whole_answer,Consistent
1222,is it safe for you to have lunch meat while pregnant?,pregnancy,Binary Question,positive_reformulation_by_keyword_safe,,lunch meat is generally considered safe to eat when pregnant,"Deli meat isnt safe for pregnant women because it can harbor parasites and bacteria, namely listeria, toxoplasma, and salmonella",Highlighted_answer,Binary Contradiction
1222,is it safe for you to have lunch meat while pregnant?,pregnancy,Binary Question,positive_reformulation_by_keyword_safe,,"While lunch meat is generally considered safe to eat when pregnant , it's recommended to heat it until steaming hot to minimize the risk of listeria infection, which can be harmful to both the mother and the fetus. The Centers for Disease Control and Prevention (CDC) advises against eating deli meats unless they are heated to an internal temperature of at least 165°F or until they are steaming hot. Elaboration:","Key Takeaways. Deli meat isnt safe for pregnant women because it can harbor parasites and bacteria, namely listeria, toxoplasma, and salmonella. These parasites and bacteria can cause food poisoning, which is miserable for healthy adults, but can be much worse for pregnant women and their babies.",Whole_answer,Binary Contradiction
1223,is it safe for you to have sushi while pregnant?,pregnancy,Binary Question,positive_reformulation_by_keyword_safe,,"Yes, it is generally safe to eat sushi during pregnancy",Pregnant women should avoid sushi made with raw fish due to the risk of foodborne illness,Highlighted_answer,Binary Contradiction
1223,is it safe for you to have sushi while pregnant?,pregnancy,Binary Question,positive_reformulation_by_keyword_safe,,"Yes, it is generally safe to eat sushi during pregnancy , but you should avoid sushi made with raw fish. Opt for sushi with cooked fish or non-fish fillings like vegetarian options or chicken, ensuring the chicken is fully cooked. It's also important to be mindful of mercury levels in fish and limit consumption of high-mercury fish like swordfish and marlin. Here's a more detailed breakdown: Avoid raw fish:","Key Takeaways. Pregnant women should avoid sushi made with raw fish due to the risk of foodborne illness. Cooked, low-mercury sushi (like eel or shrimp), vegetarian sushi (like rolls made with avocado or cucumber), and California rolls are okay.",Whole_answer,Consistent
1226,is it safe for you to take aleve when pregnant?,pregnancy,Binary Question,positive_reformulation_by_keyword_safe,,"No, it is generally not safe to take Aleve (naproxen) while pregnant, especially after 20 weeks",people who are pregnant should not use NSAIDs after week 20 of pregnancy unless it is specifically recommended by their healthcare provider,Highlighted_answer,Other Problematic Mismatch
1226,is it safe for you to take aleve when pregnant?,pregnancy,Binary Question,positive_reformulation_by_keyword_safe,,"No, it is generally not safe to take Aleve (naproxen) while pregnant, especially after 20 weeks . The U.S. Food and Drug Administration (FDA) recommends avoiding NSAIDs like Aleve after 20 weeks of pregnancy due to potential risks to the baby, . Aleve can cause complications like low amniotic fluid, affecting fetal kidney function, and potentially even fetal death. Here's why it's not recommended:","Some brand names for naproxen include Aflaxen®, Aleve®, Anaprox®, Flanax®, Naprelan®, Naprosyn® and Menstridol®. The U.S. Food and Drug Administration (FDA) states people who are pregnant should not use NSAIDs after week 20 of pregnancy unless it is specifically recommended by their healthcare provider.",Whole_answer,Other Problematic Mismatch
1229,is it safe for you to take benadryl when pregnant?,pregnancy,Binary Question,positive_reformulation_by_keyword_safe,,"Yes, Benadryl (diphenhydramine) is generally considered safe to take during pregnancy",Benadryl is considered to be safe during pregnancy,Highlighted_answer,Consistent
1229,is it safe for you to take benadryl when pregnant?,pregnancy,Binary Question,positive_reformulation_by_keyword_safe,,"Yes, Benadryl (diphenhydramine) is generally considered safe to take during pregnancy . However, it's always best to consult with your doctor before taking any medication during pregnancy. Key points about Benadryl and pregnancy: Safety: Many studies have found no association between Benadryl and birth defects.","Benadryl is considered to be safe during pregnancy. Doctors and nurses recommend this OTC medication to help relieve allergy symptoms, even while youre pregnant. Recent studies have found Benadryl to be safe. However, always remember that no medicine — prescription or OTC — is ever 100 percent safe during pregnancy.",Whole_answer,Consistent
1230,is it safe for you to take cold medicine when pregnant?,pregnancy,Binary Question,positive_reformulation_by_keyword_safe,surpressed_AIO,Acyclovir cream (Zovirax),Some cold medications are generally considered safe to take during pregnancy,Highlighted_answer,Other Problematic Mismatch
1230,is it safe for you to take cold medicine when pregnant?,pregnancy,Binary Question,positive_reformulation_by_keyword_safe,surpressed_AIO,"For cold sore treatment during pregnancy, Acyclovir cream (Zovirax) is generally considered safe and is the first-line treatment, while Acyclovir or Valacyclovir tablets may be prescribed by your doctor for more severe cases. Here's a more detailed explanation: Acyclovir Cream (Zovirax): This antiviral cream is used to treat cold sores and can be purchased over-the-counter. It's considered safe to use during pregnancy and can help speed up healing and reduce symptoms like burning and pain. It's applied directly to the affected area.","Key takeaways: Some cold medications are generally considered safe to take during pregnancy. They include dextromethorphan (Delsym, Robitussin) and chlorpheniramine. Most steroid nasal sprays (except for Nasacort) are also considered safe.",Whole_answer,Other Problematic Mismatch
1231,is it safe for you to take dayquil when pregnant?,pregnancy,Binary Question,positive_reformulation_by_keyword_safe,surpressed_AIO,"It's generally not recommended to take NyQuil during pregnancy due to the potential risks of ingredients like alcohol and phenylephrine, which may not be safe for the developing baby",its best to avoid,Highlighted_answer,Consistent
1231,is it safe for you to take dayquil when pregnant?,pregnancy,Binary Question,positive_reformulation_by_keyword_safe,surpressed_AIO,"It's generally not recommended to take NyQuil during pregnancy due to the potential risks of ingredients like alcohol and phenylephrine, which may not be safe for the developing baby . Always consult with your doctor or healthcare provider before taking any medication during pregnancy. Here's a more detailed explanation: Why NyQuil is generally avoided: Alcohol: NyQuil contains alcohol, which can cross the placenta and potentially harm the developing fetus. Phenylephrine: Some NyQuil formulations contain phenylephrine, a decongestant that may not be safe for pregnant women.","In general, its best to avoid: Any sustained action (SA) form of these drugs or the multi-symptom form of these drugs. Nyquil® or Dayquil® due to its high alcohol content and certain antihistamines.",Whole_answer,Consistent
1234,is it safe for you to take emergen-c while pregnant?,pregnancy,Binary Question,positive_reformulation_by_keyword_safe,,"Yes, it is generally considered safe to take Emergen-C during pregnancy",generally safe to take during pregnancy,Highlighted_answer,Consistent
1234,is it safe for you to take emergen-c while pregnant?,pregnancy,Binary Question,positive_reformulation_by_keyword_safe,,"Yes, it is generally considered safe to take Emergen-C during pregnancy . However, it's always best to consult with your healthcare provider before starting any new supplement, including Emergen-C, during pregnancy. Elaboration: Safety: While Emergen-C is generally safe, it's important to be aware of the individual ingredients and potential interactions with other medications or prenatal vitamins.","Immunity support products, like Emergen-C, are generally safe to take during pregnancy. Emergen-C and other immunity support products dont prevent colds. They may shorten the duration of a cold slightly. You can manage cold symptoms naturally by getting enough sleep, eating well, and keeping yourself hydrated.",Whole_answer,Consistent
1235,is it safe for you to take gas x when pregnant?,pregnancy,Binary Question,positive_reformulation_by_keyword_safe,surpressed_AIO,"lifestyle changes, certain positions, and safe medications like simethicone (Gas-X)",typically safe to take for gas relief during pregnancy,Highlighted_answer,Other Problematic Mismatch
1235,is it safe for you to take gas x when pregnant?,pregnancy,Binary Question,positive_reformulation_by_keyword_safe,surpressed_AIO,"During pregnancy, trapped gas can be relieved through lifestyle changes, certain positions, and safe medications like simethicone (Gas-X) . Here's a more detailed look at how to manage gas during pregnancy: Lifestyle Changes & Home Remedies: Dietary Adjustments: Eat smaller, more frequent meals: This can help prevent overeating and gas buildup. Chew food thoroughly: This aids digestion and reduces swallowed air. Limit or avoid gas-producing foods: These include beans, broccoli, cabbage, and fried foods.","The following products are typically safe to take for gas relief during pregnancy: Simethicone (Gas X): This medication helps ease gas and bloating by breaking up bubbles in your stomach and intestines. Simethicone isnt absorbed by your GI tract, making it safe to use in pregnancy.",Whole_answer,Other Problematic Mismatch
1237,is it safe for you to take motrin while pregnant?,pregnancy,Binary Question,positive_reformulation_by_keyword_safe,,"No, Motrin (ibuprofen) is not generally considered safe to take during pregnancy, especially after 20 weeks","not usually recommended in pregnancy, unless its prescribed by a doctor, especially if youre more than 20 weeks pregnant",Highlighted_answer,Consistent
1237,is it safe for you to take motrin while pregnant?,pregnancy,Binary Question,positive_reformulation_by_keyword_safe,,"No, Motrin (ibuprofen) is not generally considered safe to take during pregnancy, especially after 20 weeks . While there are potential risks to the baby in the second half of pregnancy, including low amniotic fluid and kidney problems, there are also possible risks in the first trimester, including increased risk of miscarriage. It's crucial to consult with a healthcare provider before taking any medication, including over-the-counter pain relievers like Motrin.","Ibuprofen is not usually recommended in pregnancy, unless its prescribed by a doctor, especially if youre more than 20 weeks pregnant. This is because ibuprofen can affect your babys circulation and kidneys.",Whole_answer,Consistent
1238,is it safe for you to take naproxen while pregnant?,pregnancy,Binary Question,positive_reformulation_by_keyword_safe,,"It is generally not safe to take naproxen during pregnancy, especially after 20 weeks of gestation, unless specifically advised by a healthcare provider",Naproxen is not usually recommended in pregnancy,Highlighted_answer,Consistent
1238,is it safe for you to take naproxen while pregnant?,pregnancy,Binary Question,positive_reformulation_by_keyword_safe,,"It is generally not safe to take naproxen during pregnancy, especially after 20 weeks of gestation, unless specifically advised by a healthcare provider . Naproxen, an NSAID, can potentially harm the fetus by causing reduced amniotic fluid, early closure of a blood vessel in the baby's heart, and other complications. Here's why naproxen is generally not recommended during pregnancy: Fetal Risks :","Naproxen is not usually recommended in pregnancy. This is because it may affect your baby, in particular causing problems with their circulation and amniotic fluid levels. Your doctor will only advise you to take naproxen while youre pregnant if the benefits of taking the medicine clearly outweigh the risks.",Whole_answer,Consistent
1241,is it safe for you to take unisom while pregnant?,pregnancy,Binary Question,positive_reformulation_by_keyword_safe,,"Yes, Unisom (doxylamine succinate) is generally considered safe to take during pregnancy",Unisom has been generally considered safe for pregnant women,Highlighted_answer,Consistent
1241,is it safe for you to take unisom while pregnant?,pregnancy,Binary Question,positive_reformulation_by_keyword_safe,,"Yes, Unisom (doxylamine succinate) is generally considered safe to take during pregnancy , especially for managing sleep disturbances or morning sickness . However, it's always best to consult with your doctor before taking any medication during pregnancy, including over-the-counter sleep aids like Unisom. Here's why Unisom is generally considered safe during pregnancy: Extensive Use:","From an FDA perspective, Unisom has been generally considered safe for pregnant women. But, talk to your doctor before taking any medications. Together, you can discuss the medications potential effects on your baby and ensure that it wont interact with other medications you are taking.",Whole_answer,Consistent
1245,is it unsafe for babies to eat cheese?,babycare,Binary Question,negative_reformulation_by_keyword_unsafe,,"No, it's generally safe for babies to eat cheese",Babies can eat pasteurised full-fat cheese from 6 months old,Highlighted_answer,Numeric Mismatch
1245,is it unsafe for babies to eat cheese?,babycare,Binary Question,negative_reformulation_by_keyword_unsafe,,"No, it's generally safe for babies to eat cheese , but some precautions should be taken. Cheese can be introduced around 6 months of age, when babies start solids, but it's crucial to choose pasteurized cheese to minimize the risk of foodborne illness. Babies can have mild cheddar, cottage cheese, and cream cheese. It's also recommended to serve cheese in small amounts to manage sodium intake. Avoid unpasteurized cheese and mold-ripened soft cheeses like brie or camembert due to the risk of listeria.","Cheese can form part of a healthy, balanced diet for babies and young children, and provides calcium, protein and vitamins. Babies can eat pasteurised full-fat cheese from 6 months old. This includes hard cheeses, such as mild cheddar cheese, cottage cheese and cream cheese.",Whole_answer,Consistent
1249,is it unsafe for babies to eat strawberries?,babycare,Binary Question,negative_reformulation_by_keyword_unsafe,,"No, it's generally safe for babies to eat strawberries",babies between 6 to 9 months old can eat strawberries,Highlighted_answer,Numeric Mismatch
1249,is it unsafe for babies to eat strawberries?,babycare,Binary Question,negative_reformulation_by_keyword_unsafe,,"No, it's generally safe for babies to eat strawberries , but proper preparation and precautions are necessary. Strawberries can be introduced to babies as soon as they start solids, typically around 6 months, says Solid Starts . However, they should be cut or prepared to prevent choking hazards, and parents should watch for any signs of allergies or skin reactions. Here's a more detailed look: Age:","Yes, babies between 6 to 9 months old can eat strawberries. Strawberries are rich in vitamin C, which helps to absorb plant-based forms of iron. This makes them an excellent fruit choice for this age group. Serve strawberries in a puree — or cut up for baby-led weaning.",Whole_answer,Consistent
1251,is it unsafe for babies to eat yogurt?,babycare,Binary Question,negative_reformulation_by_keyword_unsafe,,"Yogurt is generally safe for babies once they are introduced to solid foods, typically around 6 months of age","Yogurt can be introduced as soon as baby is ready to start solids, which is generally around 6 months of age",Highlighted_answer,Consistent
1251,is it unsafe for babies to eat yogurt?,babycare,Binary Question,negative_reformulation_by_keyword_unsafe,,"Yogurt is generally safe for babies once they are introduced to solid foods, typically around 6 months of age . It can be a good source of protein, calcium, and other nutrients. However, it's important to choose plain, whole milk yogurt and avoid yogurts with added sugar or honey. Here's a more detailed look at when and how to introduce yogurt to your baby: Age: Babies can start eating yogurt around 6 months old, alongside other solid foods.","Yogurt can be introduced as soon as baby is ready to start solids, which is generally around 6 months of age. Heard babies cant have dairy? Dairy in the form of a solid food like yogurt is okay to introduce before 12 months, though babies should not be given cows milk as a drink until closer to 12 months of age.",Whole_answer,Numeric Mismatch
1252,is it unsafe for babies to have cinnamon?,babycare,Binary Question,negative_reformulation_by_keyword_unsafe,,"Yes, cinnamon is generally considered safe for babies","Yes, babies can start eating cinnamon around 6 months old, when they begin eating solid foods",Highlighted_answer,Numeric Mismatch
1252,is it unsafe for babies to have cinnamon?,babycare,Binary Question,negative_reformulation_by_keyword_unsafe,,"Yes, cinnamon is generally considered safe for babies . However, it's crucial to introduce it cautiously and in small amounts, especially when starting solids. While not a common allergen, some babies may have sensitivities, so watch for any allergic reactions like skin irritation, rashes, or gastrointestinal issues. Here's a more detailed look: Safe in Moderation:","Can babies have cinnamon? Yes, babies can start eating cinnamon around 6 months old, when they begin eating solid foods. Use it sparingly at first and gradually increase the amount as your baby gets used to the flavor. Only serve it added to foods, not on its own as this can lead to coughing, gagging, or vomiting.",Whole_answer,Numeric Mismatch
1253,is it unsafe for babies to wear sunscreen?,babycare,Binary Question,negative_reformulation_by_keyword_unsafe,,sunscreen is generally not recommended for babies under six months old,"infants are at greater risk than adults of sunscreen side effects, such as a rash",Highlighted_answer,Consistent
1253,is it unsafe for babies to wear sunscreen?,babycare,Binary Question,negative_reformulation_by_keyword_unsafe,,"Yes, sunscreen is generally not recommended for babies under six months old . Infants have very sensitive skin and may not be able to metabolize sunscreen ingredients as well as older children and adults, potentially leading to irritation or rash. The best way to protect babies from the sun's harmful rays is to keep them out of direct sunlight and use sun-protective clothing like hats and lightweight, light-colored clothing.","Your infants sensitive skin is vulnerable to serious burns. But sunscreen isnt the answer, according to the U.S. Food and Drug Administration. Thats because infants are at greater risk than adults of sunscreen side effects, such as a rash.",Whole_answer,Consistent
1256,is it unsafe to use vicks on babies?,babycare,Binary Question,negative_reformulation_by_keyword_unsafe,,"Yes, Vicks VapoRub is generally considered unsafe for babies under 2 years old",Its unsafe for any use in children under 2 years old,Highlighted_answer,Consistent
1256,is it unsafe to use vicks on babies?,babycare,Binary Question,negative_reformulation_by_keyword_unsafe,,"Yes, Vicks VapoRub is generally considered unsafe for babies under 2 years old . The ingredients, especially camphor and menthol, can cause airway irritation, inflammation, and mucus production, potentially narrowing airways. It's also important to avoid using Vicks VapoRub near a baby's nose, as inhalation of the fumes can be harmful. Vicks BabyRub, a specially formulated version, is generally considered safe for babies 3 months and older, but should still be used with caution and under the supervision of a doctor.",But its strong menthol odor may trick your brain. So you might feel like youre breathing through an unclogged nose. Vicks VapoRub is an ointment thats rubbed on the throat and chest to relieve a cough. Its unsafe for any use in children under 2 years old.,Whole_answer,Consistent
1264,is it unsafe for a pregnant woman to take alka seltzer?,pregnancy,Binary Question,negative_reformulation_by_keyword_unsafe,,most Alka-Seltzer products are generally not recommended for pregnant women due to the presence of aspirin and sodium bicarbonate,should be avoided by pregnant patients unless prescribed by your provider to treat other medical issues,Highlighted_answer,Consistent
1264,is it unsafe for a pregnant woman to take alka seltzer?,pregnancy,Binary Question,negative_reformulation_by_keyword_unsafe,,"Yes, most Alka-Seltzer products are generally not recommended for pregnant women due to the presence of aspirin and sodium bicarbonate . Aspirin, a non-steroidal anti-inflammatory drug (NSAID), can potentially cause complications like kidney problems in the fetus, and sodium bicarbonate can lead to water retention, which is already a common concern during pregnancy. Elaboration:","Is Alka Seltzer safe to take while pregnant? Alka Seltzer is an over-the-counter medicine frequently used to treat heartburn. However, an active ingredient in many Alka Seltzer products is aspirin, which should be avoided by pregnant patients unless prescribed by your provider to treat other medical issues.",Whole_answer,Consistent
1268,is it unsafe for me to eat feta when pregnant?,pregnancy,Binary Question,negative_reformulation_by_keyword_unsafe,,"Yes, feta cheese can be unsafe to eat during pregnancy if it's not made from pasteurized milk",Youre safe to eat some milk and dairy foods,Highlighted_answer,Binary Contradiction
1268,is it unsafe for me to eat feta when pregnant?,pregnancy,Binary Question,negative_reformulation_by_keyword_unsafe,,"Yes, feta cheese can be unsafe to eat during pregnancy if it's not made from pasteurized milk . Unpasteurized feta, like other soft cheeses, may contain Listeria bacteria, which can cause serious complications for the unborn baby, such as miscarriage, premature birth, or severe illness. Explanation: Listeria: This bacteria can cause listeriosis , an infection that can be dangerous for pregnant women and their fetuses.","Youre safe to eat some milk and dairy foods, including: All hard cheeses, such as cheddar, Parmesan or Gruyere. Pasteurised semi-hard and soft cheeses, such as cottage cheese, mozzarella, feta, paneer, ricotta, halloumi, cream cheese, cheese spreads, or goats cheese without a white coating on the outside (rind)",Whole_answer,Binary Contradiction
1269,is it unsafe for me to eat salami while pregnant?,pregnancy,Binary Question,negative_reformulation_by_keyword_unsafe,,"Yes, it's generally advised to avoid eating salami while pregnant",its best to avoid deli meats like salami during your pregnancy,Highlighted_answer,Consistent
1269,is it unsafe for me to eat salami while pregnant?,pregnancy,Binary Question,negative_reformulation_by_keyword_unsafe,,"Yes, it's generally advised to avoid eating salami while pregnant , especially if it's not heated until steaming hot. Salami, like other deli meats, can be contaminated with Listeria, a bacteria that can cause serious complications during pregnancy. Elaboration: Listeria Risk: Listeria is a bacterium that can cause listeriosis, a foodborne illness. Pregnant women are more vulnerable to listeriosis and its potential complications, including miscarriage, stillbirth, and premature delivery.","While its best to avoid deli meats like salami during your pregnancy, if you must eat them, make sure theyre thoroughly heated to prevent the risk of contracting a foodborne pathogen. And if you have any symptoms of infection, contact your OB-GYN right away to ensure the safety of you and your baby.",Whole_answer,Consistent
1271,is it unsafe for me to take advil while pregnant?,pregnancy,Binary Question,negative_reformulation_by_keyword_unsafe,,"Yes, it is generally considered unsafe to take Advil (ibuprofen) during pregnancy, especially after 20 weeks . While it may be safe in the first trimester in some cases, it's not recommended after that due to potential risks to the baby, including kidney problems, heart complications, and reduced amniotic fluid. Here's a more detailed explanation: Risks after 20 weeks:","Key takeaways: Ibuprofen (Advil, Motrin) may be safe before the 20th week of pregnancy, but its not a first-choice option for pain in pregnancy. Taking ibuprofen after the 20th week of pregnancy is not recommended. It may affect your babys kidneys, heart, and lungs if taken during this phase of pregnancy.",Whole_answer,Consistent
1274,is it unsafe for me to use a heating pad while pregnant?,pregnancy,Binary Question,negative_reformulation_by_keyword_unsafe,,generally safe for localized pain relief,heating pads are safe during pregnancy,Highlighted_answer,Consistent
1274,is it unsafe for me to use a heating pad while pregnant?,pregnancy,Binary Question,negative_reformulation_by_keyword_unsafe,,"Using a heating pad during pregnancy is generally safe for localized pain relief , but it's crucial to take precautions to avoid overheating. Excessive heat exposure, especially in the first trimester, could potentially raise the risk of birth defects or other adverse outcomes. Here's a more detailed explanation: Benefits: Heat can help relax muscles and soothe aches, especially in the back or hips, which are common during pregnancy.","Again, heating pads are safe during pregnancy. The big concern would be anything that can raise your core body temperature too high, and a heating pad wont do that. If the cramps or pain seems to originate in your uterus, reach out to your doctor or midwife to make sure theres no major cause for concern.",Whole_answer,Consistent
1276,is it unsafe for pregnant women to drink energy drinks?,pregnancy,Binary Question,negative_reformulation_by_keyword_unsafe,,"Yes, it is generally considered unsafe for pregnant women to drink energy drinks",Doctors and midwives do not recommend energy drinks to anyone during pregnancy,Highlighted_answer,Consistent
1276,is it unsafe for pregnant women to drink energy drinks?,pregnancy,Binary Question,negative_reformulation_by_keyword_unsafe,,"Yes, it is generally considered unsafe for pregnant women to drink energy drinks . While moderate caffeine intake (under 200mg per day) is generally considered safe during pregnancy, energy drinks often contain significantly higher amounts of caffeine, plus other ingredients that are not recommended during pregnancy. Here's why energy drinks are not recommended: High Caffeine Content:",Doctors and midwives do not recommend energy drinks to anyone during pregnancy. Energy drinks contain a lot of caffeine and many other ingredients that could be unsafe for pregnant people. Lets discuss what drinks and foods contain caffeine and why its important to watch how much you have during pregnancy.,Whole_answer,Consistent
1278,is it unsafe for pregnant women to eat calamari?,pregnancy,Binary Question,negative_reformulation_by_keyword_unsafe,,"Yes, it is generally safe for pregnant women to eat calamari in moderation, provided it's cooked well",Calamari is actually included among one of the best seafood choices for women who are pregnant or who might become pregnant,Highlighted_answer,Consistent
1278,is it unsafe for pregnant women to eat calamari?,pregnancy,Binary Question,negative_reformulation_by_keyword_unsafe,,"Yes, it is generally safe for pregnant women to eat calamari in moderation, provided it's cooked well . Calamari is a good source of nutrients like omega-3 fatty acids and protein, beneficial during pregnancy. The key is to avoid raw or undercooked seafood, as it can carry risks like food poisoning. Here's a more detailed breakdown: Proper Cooking is Key: Ensure calamari is cooked thoroughly, ideally to an internal temperature of 145 degrees Fahrenheit.","Calamari is actually included among one of the best seafood choices for women who are pregnant or who might become pregnant, also according to the FDA. Calamari contains 0.024 parts per million (PPM) of mercury, which is significantly less than the amount in shark, swordfish, tuna, and marlin.",Whole_answer,Consistent
1279,is it unsafe for pregnant women to eat california rolls?,pregnancy,Binary Question,negative_reformulation_by_keyword_unsafe,,"Yes, California rolls are generally considered safe for pregnant women to eat",California rolls are okay,Highlighted_answer,Consistent
1279,is it unsafe for pregnant women to eat california rolls?,pregnancy,Binary Question,negative_reformulation_by_keyword_unsafe,,"Yes, California rolls are generally considered safe for pregnant women to eat because they typically contain cooked imitation crab, a safe alternative to raw fish. Other safe sushi options for pregnant women include veggie rolls, shrimp tempura rolls, and sushi with cooked, low-mercury fish. Pregnant women should avoid sushi containing raw fish due to the risk of foodborne illness. Here's why California rolls are a safe option:","Cooked, low-mercury sushi (like eel or shrimp), vegetarian sushi (like rolls made with avocado or cucumber), and California rolls are okay.",Whole_answer,Consistent
1280,is it unsafe for pregnant women to eat canned tuna?,pregnancy,Binary Question,negative_reformulation_by_keyword_unsafe,,"Yes, it is generally considered safe for pregnant women to eat canned tuna in moderation",no more than 12 ounces (340 grams) of canned light tuna or less than 4 ounces (112 grams) of yellowfin or albacore tuna per week,Highlighted_answer,Numeric Mismatch
1280,is it unsafe for pregnant women to eat canned tuna?,pregnancy,Binary Question,negative_reformulation_by_keyword_unsafe,,"Yes, it is generally considered safe for pregnant women to eat canned tuna in moderation . However, there are specific guidelines and precautions to follow to ensure safe consumption. Here's a more detailed explanation: Mercury levels: Tuna, especially larger varieties like yellowfin and albacore, can contain higher levels of mercury , a heavy metal that can be harmful to a developing fetus.","The amount of tuna considered safe during pregnancy varies by country. In the United States, women are advised to eat no more than 12 ounces (340 grams) of canned light tuna or less than 4 ounces (112 grams) of yellowfin or albacore tuna per week.",Whole_answer,Numeric Mismatch
1281,is it unsafe for pregnant women to eat catfish?,pregnancy,Binary Question,negative_reformulation_by_keyword_unsafe,,"Yes, catfish is generally considered safe for pregnant women to eat",eat 8 to 12 ounces a week of fish that doesnt have a lot of mercury,Highlighted_answer,Numeric Mismatch
1281,is it unsafe for pregnant women to eat catfish?,pregnancy,Binary Question,negative_reformulation_by_keyword_unsafe,,"Yes, catfish is generally considered safe for pregnant women to eat , especially when compared to other types of fish. Catfish is a good source of protein and omega-3 fatty acids, and it is relatively low in mercury, according to Heartland Catfish Company . The Mayo Clinic recommends pregnant women eat 8 to 12 ounces of low-mercury fish like catfish per week. Here's why catfish is a safe option: Low in Mercury:","By eating fish that contain mercury, you can pass the metal to your baby during pregnancy. This can cause brain damage and affect your babys hearing and vision. During pregnancy, eat 8 to 12 ounces a week of fish that doesnt have a lot of mercury, including shrimp, salmon, pollock, catfish and canned light tuna.",Whole_answer,Consistent
1282,is it unsafe for pregnant women to eat ceviche?,pregnancy,Binary Question,negative_reformulation_by_keyword_unsafe,,"Yes, it is generally considered unsafe for pregnant women to eat ceviche",raw or undercooked foods to avoid,Highlighted_answer,Consistent
1282,is it unsafe for pregnant women to eat ceviche?,pregnancy,Binary Question,negative_reformulation_by_keyword_unsafe,,"Yes, it is generally considered unsafe for pregnant women to eat ceviche . Ceviche is made with raw or undercooked seafood, which can pose risks for food poisoning and illness during pregnancy. Here's why ceviche is not recommended for pregnant women: Risk of food poisoning : Raw or undercooked seafood can contain harmful bacteria or viruses that can cause food poisoning, which is more likely to be severe in pregnant women.","To avoid harmful bacteria or viruses in seafood: Dont eat raw fish and shellfish. Examples of raw or undercooked foods to avoid include sushi, sashimi, ceviche and raw oysters, scallops or clams. Dont eat uncooked seafood thats refrigerated.",Whole_answer,Consistent
1283,is it unsafe for pregnant women to eat cheese?,pregnancy,Binary Question,negative_reformulation_by_keyword_unsafe,,"Yes, it's generally safe for pregnant women to eat cheese",Youre safe to eat some milk and dairy foods,Highlighted_answer,Consistent
1283,is it unsafe for pregnant women to eat cheese?,pregnancy,Binary Question,negative_reformulation_by_keyword_unsafe,,"Yes, it's generally safe for pregnant women to eat cheese , but it's crucial to be cautious about the type of cheese and how it's made. Soft cheeses made from unpasteurized milk can be unsafe due to the risk of Listeria, which can cause serious complications during pregnancy. Here's a breakdown of what to eat and avoid: Safe to Eat:","Youre safe to eat some milk and dairy foods, including: All hard cheeses, such as cheddar, Parmesan or Gruyere. Pasteurised semi-hard and soft cheeses, such as cottage cheese, mozzarella, feta, paneer, ricotta, halloumi, cream cheese, cheese spreads, or goats cheese without a white coating on the outside (rind)",Whole_answer,Other Problematic Mismatch
1284,is it unsafe for pregnant women to eat cold cuts?,pregnancy,Binary Question,negative_reformulation_by_keyword_unsafe,,"Yes, it is generally considered unsafe for pregnant women to eat raw or undercooked cold cuts due to the risk of listeria infection , which can cause serious complications for both mother and baby. However, eating cold cuts that have been heated to steaming hot (165 degrees Fahrenheit) is generally considered safe. Why is it unsafe to eat raw cold cuts while pregnant? Listeria :","The Centers for Disease Control (CDC) advises that pregnant women “avoid eating hot dogs, lunch meats, cold cuts, other deli meats (such as bologna), or fermented or dry sausages unless they are heated to an internal temperature of 165°F or until steaming hot just before serving.”",Whole_answer,Consistent
1285,is it unsafe for pregnant women to eat deli meat?,pregnancy,Binary Question,negative_reformulation_by_keyword_unsafe,,"Yes, it's generally considered unsafe for pregnant women to eat deli meat","women who are pregnant, aged 65 or older, or have a weakened immune system should avoid deli meat",Highlighted_answer,Consistent
1285,is it unsafe for pregnant women to eat deli meat?,pregnancy,Binary Question,negative_reformulation_by_keyword_unsafe,,"Yes, it's generally considered unsafe for pregnant women to eat deli meat . Deli meats, including cold cuts, ham, and other cured meats, can harbor harmful bacteria like Listeria and Salmonella , which can be dangerous for both the mother and the developing baby. Here's why it's recommended to avoid deli meat during pregnancy: Listeria: Listeria is a bacterium that can cause serious illness in pregnant women, potentially leading to miscarriage, stillbirth, or premature birth.","Even when there are no ongoing Listeria outbreaks, women who are pregnant, aged 65 or older, or have a weakened immune system should avoid deli meat or reheat it to an internal temperature of 165°F or until steaming hot to kill any germs.",Whole_answer,Numeric Mismatch
1286,is it unsafe for pregnant women to eat grapes?,pregnancy,Binary Question,negative_reformulation_by_keyword_unsafe,,"Yes, it's generally safe to eat grapes during pregnancy","Yes, you can eat grapes if youre pregnant",Highlighted_answer,Consistent
1286,is it unsafe for pregnant women to eat grapes?,pregnancy,Binary Question,negative_reformulation_by_keyword_unsafe,,"Yes, it's generally safe to eat grapes during pregnancy , as they offer essential nutrients and antioxidants, but it's important to wash them thoroughly and consume them in moderation. Here's a more detailed look at grapes and pregnancy: Benefits: Grapes are a good source of vitamins, minerals, and antioxidants, which are beneficial for both the mother and the developing baby.","Can you eat grapes while pregnant? Yes, you can eat grapes if youre pregnant. All fruits provide essential nutrients and are beneficial during pregnancy. However, its best to avoid unwashed fruits and those that may have come into contact with contaminated water or other pollutants.",Whole_answer,Consistent
1287,is it unsafe for pregnant women to eat lobster?,pregnancy,Binary Question,negative_reformulation_by_keyword_unsafe,,"Yes, lobster is generally considered safe for pregnant women to eat when it is fully cooked","most types of seafood, including crab and lobster, are safe to eat while youre pregnant",Highlighted_answer,Consistent
1287,is it unsafe for pregnant women to eat lobster?,pregnancy,Binary Question,negative_reformulation_by_keyword_unsafe,,"Yes, lobster is generally considered safe for pregnant women to eat when it is fully cooked . It's important to ensure it's cooked thoroughly to avoid any potential foodborne illnesses. The key is to avoid raw or undercooked seafood, which can carry risks like listeria. Here's a more detailed explanation: Cooked lobster is safe: Thoroughly cooked lobster is a good source of protein and omega-3 fatty acids, beneficial for both the pregnant woman and the developing baby.","But if youre pregnant, youve probably heard that you should avoid some types of sushi and seafood. The good news is that most types of seafood, including crab and lobster, are safe to eat while youre pregnant. Not only is it safe, eating seafood has a lot of benefits for you and your baby.",Whole_answer,Other Problematic Mismatch
1288,is it unsafe for pregnant women to eat mayonnaise?,pregnancy,Binary Question,negative_reformulation_by_keyword_unsafe,,"Yes, it is generally considered safe for pregnant women to eat mayonnaise","Commercial mayonnaise, dressing, and sauces contain pasteurized eggs that are safe to eat",Highlighted_answer,Consistent
1288,is it unsafe for pregnant women to eat mayonnaise?,pregnancy,Binary Question,negative_reformulation_by_keyword_unsafe,,"Yes, it is generally considered safe for pregnant women to eat mayonnaise , particularly commercially produced mayonnaise. However, there are some exceptions. Raw or undercooked eggs can carry salmonella, so mayonnaise made with raw or undercooked eggs is not recommended during pregnancy. Here's a more detailed explanation: Pasteurized Eggs:","Cook scrambled eggs until theyre firm throughout. Cook fried eggs for 2 to 3 minutes on each side, or cook 4 minutes in a covered pan. Note: Commercial mayonnaise, dressing, and sauces contain pasteurized eggs that are safe to eat.",Whole_answer,Consistent
1289,is it unsafe for pregnant women to eat mussels?,pregnancy,Binary Question,negative_reformulation_by_keyword_unsafe,,raw or undercooked mussels should be avoided,seafood/shellfish as long as it has been thoroughly cooked until steaming hot,Highlighted_answer,Consistent
1289,is it unsafe for pregnant women to eat mussels?,pregnancy,Binary Question,negative_reformulation_by_keyword_unsafe,,"Yes, it is generally considered safe for pregnant women to eat cooked mussels, but raw or undercooked mussels should be avoided . Mussels, like other shellfish, can carry bacteria that can be harmful to a developing fetus, especially if raw or undercooked. Here's why it's important to cook mussels thoroughly: Risk of bacteria and parasites: Raw or undercooked mussels can contain harmful bacteria and parasites that can cause food poisoning, which can be dangerous during pregnancy.","During pregnancy its safe to eat: cooked fish. sushi, but only if the fish has been cooked thoroughly. seafood/shellfish as long as it has been thoroughly cooked until steaming hot, for example mussels, lobster, crab, oysters, scallops, clams and pre-cooked prawns.",Whole_answer,Consistent
1290,is it unsafe for pregnant women to eat prawns?,pregnancy,Binary Question,negative_reformulation_by_keyword_unsafe,,"Yes, it is generally safe for pregnant women to eat prawns as long as they are thoroughly cooked",as long as it has been thoroughly cooked until steaming hot,Highlighted_answer,Consistent
1290,is it unsafe for pregnant women to eat prawns?,pregnancy,Binary Question,negative_reformulation_by_keyword_unsafe,,"Yes, it is generally safe for pregnant women to eat prawns as long as they are thoroughly cooked . Raw or undercooked prawns should be avoided. Healthline suggests that cooking seafood to an internal temperature of 145°F (62.8°C) is safe. Here's a more detailed explanation: Thoroughly Cooked: Prawns should be cooked until they turn pink and are opaque, indicating they are fully cooked.","seafood/shellfish as long as it has been thoroughly cooked until steaming hot, for example mussels, lobster, crab, oysters, scallops, clams and pre-cooked prawns. Peanuts and other nuts (unless youre allergic) – eating nuts when pregnant will not affect whether or not your baby has a peanut allergy.",Whole_answer,Consistent
1291,is it unsafe for pregnant women to eat seafood?,pregnancy,Binary Question,negative_reformulation_by_keyword_unsafe,,"Yes, it is generally safe for pregnant women to eat seafood, but certain types should be avoided or consumed in moderation due to mercury content or potential for foodborne illnesses",most experts advise eating seafood for this purpose,Highlighted_answer,Other Problematic Mismatch
1291,is it unsafe for pregnant women to eat seafood?,pregnancy,Binary Question,negative_reformulation_by_keyword_unsafe,,"Yes, it is generally safe for pregnant women to eat seafood, but certain types should be avoided or consumed in moderation due to mercury content or potential for foodborne illnesses . Pregnant women should avoid raw seafood, fish high in mercury, and be mindful of local fish advisories. Seafood to avoid or limit during pregnancy: High-mercury fish: Shark, swordfish, king mackerel, tilefish, bigeye tuna.","While pregnant people can get omega-3 fatty acids from many sources, most experts advise eating seafood for this purpose. Mercury can harm a developing babys brain. But eating average amounts of seafood containing low levels of mercury during pregnancy hasnt been shown to cause problems.",Whole_answer,Consistent
1292,is it unsafe for pregnant women to eat steak?,pregnancy,Binary Question,negative_reformulation_by_keyword_unsafe,,"Yes, it is generally unsafe for pregnant women to eat raw or undercooked steak",make sure that its always thoroughly cooked with no trace of pink or blood,Highlighted_answer,Consistent
1292,is it unsafe for pregnant women to eat steak?,pregnancy,Binary Question,negative_reformulation_by_keyword_unsafe,,"Yes, it is generally unsafe for pregnant women to eat raw or undercooked steak . The primary concern is the risk of foodborne illnesses, particularly toxoplasmosis, which can be harmful to the developing fetus. Why it's unsafe: Toxoplasmosis: Raw or undercooked meat can harbor the parasite Toxoplasma gondii, which can cause toxoplasmosis, a serious infection that can lead to miscarriage, stillbirth, or birth defects.","When it comes to eating meat during pregnancy, the key thing is to make sure that its always thoroughly cooked with no trace of pink or blood. Cooking meat thoroughly ensures that any harmful bugs – including those that cause toxoplasmosis – are killed off before you eat it.",Whole_answer,Other Problematic Mismatch
1293,is it unsafe for pregnant women to eat yogurt?,pregnancy,Binary Question,negative_reformulation_by_keyword_unsafe,,"Yes, yogurt is generally safe for pregnant women to eat","all types of yogurt, including live, bio, or low fat, are safe to consume during pregnancy",Highlighted_answer,Consistent
1293,is it unsafe for pregnant women to eat yogurt?,pregnancy,Binary Question,negative_reformulation_by_keyword_unsafe,,"Yes, yogurt is generally safe for pregnant women to eat , especially pasteurized yogurt, which is most commercial yogurt. It's a good source of calcium, protein, and probiotics, all beneficial during pregnancy. However, pregnant women should avoid unpasteurized yogurt and dairy products made from unpasteurized milk. Here's a more detailed breakdown: Pasteurized yogurt is safe:","Avoid consuming unpasteurized sheep or goats milk, or consuming food products made from them like soft goats cheese. With homemade yogurt, make sure it is made with pasteurized milk. However, all types of yogurt, including live, bio, or low fat, are safe to consume during pregnancy.",Whole_answer,Consistent
1294,is it unsafe for pregnant women to take antibiotics?,pregnancy,Binary Question,negative_reformulation_by_keyword_unsafe,,"antibiotics are generally safe for pregnant women when prescribed by a doctor for a diagnosed infection, certain types should be avoided","its recommended to avoid certain antibiotics, such as tetracyclines and fluoroquinolones",Highlighted_answer,Consistent
1294,is it unsafe for pregnant women to take antibiotics?,pregnancy,Binary Question,negative_reformulation_by_keyword_unsafe,,"While antibiotics are generally safe for pregnant women when prescribed by a doctor for a diagnosed infection, certain types should be avoided . The safety of antibiotics depends on the specific drug, the stage of pregnancy, and the individual's medical history. Elaboration: Not all antibiotics are created equal: Some antibiotics, like tetracyclines, should be avoided during pregnancy due to potential risks like tooth discoloration in the developing fetus.","Penicillins, most cephalosporins, and azithromycin are considered first-choice options during pregnancy. But its recommended to avoid certain antibiotics, such as tetracyclines and fluoroquinolones. If you took an unsafe antibiotic before realizing you were pregnant, contact your prenatal care team right away.",Whole_answer,Consistent
1296,is it unsafe for you to drink black tea while pregnant?,pregnancy,Binary Question,negative_reformulation_by_keyword_unsafe,surpressed_AIO,"alcohol and limit caffeine intake, along with unpasteurized milk and juices","Caffeinated teas like black, green, white, matcha, and chai teas are generally considered safe",Highlighted_answer,Binary Contradiction
1296,is it unsafe for you to drink black tea while pregnant?,pregnancy,Binary Question,negative_reformulation_by_keyword_unsafe,surpressed_AIO,"During pregnancy, it's crucial to avoid alcohol and limit caffeine intake, along with unpasteurized milk and juices , as they pose risks to the developing fetus. Here's a more detailed breakdown of drinks to avoid or limit during pregnancy: Drinks to Avoid: Alcohol: No amount of alcohol is safe during pregnancy, and it can lead to serious health problems for the baby, including fetal alcohol spectrum disorder (FASD). Unpasteurized Milk and Juices: These can contain harmful bacteria that can cause foodborne illnesses, posing risks to both the mother and the baby.","Despite their widespread popularity, not all teas are deemed safe for pregnancy. Caffeinated teas like black, green, white, matcha, and chai teas are generally considered safe. However, their intake may need to be limited to avoid ingesting excessive amounts of caffeine. Most herbal teas should be avoided.",Whole_answer,Other Problematic Mismatch
1297,is it unsafe for you to drink herbal tea when pregnant?,pregnancy,Binary Question,negative_reformulation_by_keyword_unsafe,surpressed_AIO,"rosemary, sage, parsley, and dong quai",Drinking different types of herbal tea will limit the amount of each herb that your baby is exposed to,Highlighted_answer,Other Problematic Mismatch
1297,is it unsafe for you to drink herbal tea when pregnant?,pregnancy,Binary Question,negative_reformulation_by_keyword_unsafe,surpressed_AIO,"During pregnancy, certain herbs should be avoided as they may pose risks to the developing fetus or the mother. Some herbs to avoid include rosemary, sage, parsley, and dong quai . Here's a more detailed list of herbs to avoid during pregnancy, along with the reasons for caution: Herbs to Avoid: Rosemary: Higher doses of rosemary may cause miscarriage, so pregnant and nursing women should avoid using it as a supplement, according to Mount Sinai .","Drinking different types of herbal tea will limit the amount of each herb that your baby is exposed to. Limit yourself to 1 or 2 cups of herbal tea a day. Dont drink the same herbal tea continually throughout your pregnancy. If youre breastfeeding, keep an eye on your baby for any unusual side effects.",Whole_answer,Binary Contradiction
1299,is it unsafe for you to eat bacon when pregnant?,pregnancy,Binary Question,negative_reformulation_by_keyword_unsafe,,"Yes, bacon is generally considered safe to eat during pregnancy",You can enjoy bacon safely during pregnancy,Highlighted_answer,Consistent
1299,is it unsafe for you to eat bacon when pregnant?,pregnancy,Binary Question,negative_reformulation_by_keyword_unsafe,,"Yes, bacon is generally considered safe to eat during pregnancy , but with a few important caveats. The key is to ensure the bacon is fully cooked, meaning it should be steaming hot and no longer pink. Undercooked or raw bacon can carry the risk of Listeria and Toxoplasma gondii infections, which can be harmful during pregnancy. Here's a more detailed look: Cooking is crucial:","You can enjoy bacon safely during pregnancy. Just make sure to cook it thoroughly, until its steaming hot. Avoid ordering bacon at a restaurant because you dont know how well its cooked. If you want to avoid all risks completely, there are meat-free bacon alternatives available, like soy or mushroom bacon.",Whole_answer,Consistent
1300,is it unsafe for you to eat blue cheese while pregnant?,pregnancy,Binary Question,negative_reformulation_by_keyword_unsafe,,"Yes, it's generally unsafe to eat blue cheese while pregnant, especially if it's made with unpasteurized milk","blue cheese increases your risk of Listeria poisoning, which is extremely dangerous for unborn babies",Highlighted_answer,Consistent
1300,is it unsafe for you to eat blue cheese while pregnant?,pregnancy,Binary Question,negative_reformulation_by_keyword_unsafe,,"Yes, it's generally unsafe to eat blue cheese while pregnant, especially if it's made with unpasteurized milk . This is because blue cheese, like other soft cheeses, can harbor Listeria bacteria , which can cause serious infections like listeriosis in pregnant women and potentially harm the fetus. Here's why: Soft Cheeses and Listeria:","As its often made with unpasteurized milk, blue cheese increases your risk of Listeria poisoning, which is extremely dangerous for unborn babies. If youre pregnant, its best to avoid blue cheese products or only buy ones that use pasteurized milk.",Whole_answer,Consistent
1301,is it unsafe for you to eat brie when pregnant?,pregnancy,Binary Question,negative_reformulation_by_keyword_unsafe,,"Yes, it is generally unsafe to eat unpasteurized brie cheese while pregnant","all mould-ripened soft cheeses with a white coating on the outside, such as brie, camembert and chèvre (unless cooked until steaming hot)",Highlighted_answer,Consistent
1301,is it unsafe for you to eat brie when pregnant?,pregnancy,Binary Question,negative_reformulation_by_keyword_unsafe,,"Yes, it is generally unsafe to eat unpasteurized brie cheese while pregnant . Brie, like other soft cheeses, is made with unpasteurized milk, which can harbor dangerous bacteria like listeria, increasing the risk of listeriosis. Listeriosis can lead to serious complications for the mother and the unborn baby, including miscarriage, premature delivery, and stillbirth. Here's why brie is considered unsafe: Listeria risk:","You should avoid eating: unpasteurised semi-hard and soft cheeses (unless cooked until steaming hot) all mould-ripened soft cheeses with a white coating on the outside, such as brie, camembert and chèvre (unless cooked until steaming hot)",Whole_answer,Consistent
1302,is it unsafe for you to eat clams when pregnant?,pregnancy,Binary Question,negative_reformulation_by_keyword_unsafe,,"Yes, it is generally considered safe for pregnant women to eat clams, as long as they are thoroughly cooked until their shells open",Seafood that is cooked and low in mercury,Highlighted_answer,Other Problematic Mismatch
1302,is it unsafe for you to eat clams when pregnant?,pregnancy,Binary Question,negative_reformulation_by_keyword_unsafe,,"Yes, it is generally considered safe for pregnant women to eat clams, as long as they are thoroughly cooked until their shells open . Clams are low in mercury and can be a good source of protein and other nutrients. However, raw or undercooked shellfish, including clams, should be avoided due to the risk of foodborne illnesses. Here's why it's safe when cooked and why it's important to avoid raw/undercooked:","Seafood that is cooked and low in mercury, such as crab, lobster or shrimp can be eaten once a week. Other low mercury seafood includes oysters, clams, scallops, mussels and cockles. All seafood must come from a reliable supplier to avoid toxins and contaminants.",Whole_answer,Other Problematic Mismatch
1303,is it unsafe for you to eat cooked sushi while pregnant?,pregnancy,Binary Question,negative_reformulation_by_keyword_unsafe,,"Yes, cooked sushi is generally safe to eat during pregnancy","Cooked rolls, if heated to a temperature of 145°F, are OK to eat during pregnancy if made with low-mercury fish",Highlighted_answer,Other Problematic Mismatch
1303,is it unsafe for you to eat cooked sushi while pregnant?,pregnancy,Binary Question,negative_reformulation_by_keyword_unsafe,,"Yes, cooked sushi is generally safe to eat during pregnancy . However, it's important to ensure that sushi with cooked fish is prepared on separate surfaces and with different utensils to avoid cross-contamination from raw fish. Additionally, pregnant women should avoid fish high in mercury, such as swordfish and bigeye tuna, even when cooked. Elaboration: Safety of Cooked Sushi:","But before you reach for that salmon roll, make sure its cooked, as you need to protect yourself and your baby from both mercury and listeria. Cooked rolls, if heated to a temperature of 145°F, are OK to eat during pregnancy if made with low-mercury fish.",Whole_answer,Other Problematic Mismatch
1304,is it unsafe for you to eat crab legs when pregnant?,pregnancy,Binary Question,negative_reformulation_by_keyword_unsafe,,"Yes, it is generally considered safe for pregnant women to eat cooked crab legs","most types of seafood, including crab and lobster, are safe to eat while youre pregnant",Highlighted_answer,Consistent
1304,is it unsafe for you to eat crab legs when pregnant?,pregnancy,Binary Question,negative_reformulation_by_keyword_unsafe,,"Yes, it is generally considered safe for pregnant women to eat cooked crab legs , but there are some important considerations. Pregnant women should avoid raw or undercooked seafood, including crab. Additionally, they should be mindful of mercury levels in seafood and limit their intake of high-mercury fish like albacore tuna. Here's a more detailed explanation: Avoid Raw or Undercooked Crab:","But if youre pregnant, youve probably heard that you should avoid some types of sushi and seafood. The good news is that most types of seafood, including crab and lobster, are safe to eat while youre pregnant. Not only is it safe, eating seafood has a lot of benefits for you and your baby.",Whole_answer,Other Problematic Mismatch
1305,is it unsafe for you to eat crab while pregnant?,pregnancy,Binary Question,negative_reformulation_by_keyword_unsafe,,"Yes, crab is generally considered safe to eat during pregnancy","most types of seafood, including crab and lobster, are safe to eat while youre pregnant",Highlighted_answer,Consistent
1305,is it unsafe for you to eat crab while pregnant?,pregnancy,Binary Question,negative_reformulation_by_keyword_unsafe,,"Yes, crab is generally considered safe to eat during pregnancy , but it's crucial to ensure it's cooked properly and avoid raw or undercooked crab . Mercury levels in crab are relatively low, making it a good source of protein and omega-3 fatty acids. However, pregnant women should still be mindful of local fish advisories if they consume crab from local waters. Here's a more detailed look: Cooked crab is safe:","Seafood is a great source of protein and omega-3 fatty acids, which are good for your heart. But if youre pregnant, youve probably heard that you should avoid some types of sushi and seafood. The good news is that most types of seafood, including crab and lobster, are safe to eat while youre pregnant.",Whole_answer,Other Problematic Mismatch
1306,is it unsafe for you to eat crawfish while pregnant?,pregnancy,Binary Question,negative_reformulation_by_keyword_unsafe,,"Yes, it is generally considered safe for pregnant women to eat crawfish, provided it's fully cooked","When fully cooked, crawfish are perfectly safe to eat",Highlighted_answer,Consistent
1306,is it unsafe for you to eat crawfish while pregnant?,pregnancy,Binary Question,negative_reformulation_by_keyword_unsafe,,"Yes, it is generally considered safe for pregnant women to eat crawfish, provided it's fully cooked . Crawfish are low in mercury, and when properly prepared, they are a nutritious option. Here's why: Low Mercury: Crawfish are low in mercury, with an average of 0.033 parts per million (ppm). This is a low level compared to some other types of seafood.","If you love crawfish, rest assured that you dont need to put the tasty crustacean on the “no-go” list during pregnancy. When fully cooked, crawfish are perfectly safe to eat. As compared to other seafood, crawfish are considered to be low in mercury with just an average of 0.033 parts per million (ppm) of mercury .",Whole_answer,Consistent
1309,is it unsafe for you to eat hotdogs when pregnant?,pregnancy,Binary Question,negative_reformulation_by_keyword_unsafe,,"Yes, it's generally considered unsafe to eat hot dogs while pregnant unless they are thoroughly cooked and reheated until steaming hot . Hot dogs, like other deli meats, can be contaminated with Listeria bacteria , which can cause serious illness in pregnant women and their babies. Here's why it's important to be careful: Listeria: Listeria can grow even in refrigerated temperatures, making hot dogs a potential risk.","Unlike many other food-borne germs, listeria can grow at the temperatures inside your fridge. For this reason, you should avoid perishable, ready-to-eat meats, such as cold cuts and hot dogs, when youre pregnant. You can make these foods safe by heating them until they are steaming hot and eating them right away.",Whole_answer,Consistent
1310,is it unsafe for you to eat ice cream when pregnant?,pregnancy,Binary Question,negative_reformulation_by_keyword_unsafe,,"Yes, it's generally safe to eat ice cream during pregnancy",Ice cream safety during pregnancy is an important quality to consider,Highlighted_answer,Other Problematic Mismatch
1310,is it unsafe for you to eat ice cream when pregnant?,pregnancy,Binary Question,negative_reformulation_by_keyword_unsafe,,"Yes, it's generally safe to eat ice cream during pregnancy , but it's crucial to choose pasteurized products and practice moderation. Specifically, focus on hard-frozen ice cream and gelato, as they are less likely to harbor listeria than soft-serve ice cream. Why is this important? Listeria:",Pasteurization: Choose ice cream made only from pasteurized milk and eggs. Ice cream safety during pregnancy is an important quality to consider. (The CDC advises pregnant women to consume only pasteurized dairy products to reduce the risk of listeriosis.) Centers for Disease Control and Prevention (CDC).,Whole_answer,Consistent
1311,is it unsafe for you to eat imitation crab when pregnant?,pregnancy,Binary Question,negative_reformulation_by_keyword_unsafe,,"Yes, it is generally considered safe to eat imitation crab while pregnant",it is usually safe for a pregnant woman to eat,Highlighted_answer,Consistent
1311,is it unsafe for you to eat imitation crab when pregnant?,pregnancy,Binary Question,negative_reformulation_by_keyword_unsafe,,"Yes, it is generally considered safe to eat imitation crab while pregnant , as it is typically precooked and made with low-mercury fish. However, it's important to ensure it's properly stored and cooked, and to be mindful of any other ingredients in dishes containing imitation crab, especially if they include raw or undercooked seafood. Here's a more detailed explanation: Precooked:","Imitation crab is cooked, so it is usually safe for a pregnant woman to eat. However, it is crucial to ask if there are other raw products in foods, such as sushi, before eating them. Imitation crab is typically less expensive than real crab and contains pollock, egg whites, artificial flavoring, and sugar.",Whole_answer,Consistent
1312,is it unsafe for you to eat mozzarella when pregnant?,pregnancy,Binary Question,negative_reformulation_by_keyword_unsafe,,"Yes, it is generally considered safe to eat mozzarella cheese during pregnancy, provided it's made from pasteurized milk",Youre safe to eat some milk and dairy foods,Highlighted_answer,Other Problematic Mismatch
1312,is it unsafe for you to eat mozzarella when pregnant?,pregnancy,Binary Question,negative_reformulation_by_keyword_unsafe,,"Yes, it is generally considered safe to eat mozzarella cheese during pregnancy, provided it's made from pasteurized milk . Pasteurization kills harmful bacteria like Listeria , which can cause listeriosis , a serious infection that can harm both the mother and the fetus. Here's a more detailed explanation: Pasteurization is Key: The main concern with soft cheeses like mozzarella is the risk of listeriosis , a bacterial infection that can cause serious complications during pregnancy.","Youre safe to eat some milk and dairy foods, including: All hard cheeses, such as cheddar, Parmesan or Gruyere. Pasteurised semi-hard and soft cheeses, such as cottage cheese, mozzarella, feta, paneer, ricotta, halloumi, cream cheese, cheese spreads, or goats cheese without a white coating on the outside (rind)",Whole_answer,Consistent
1314,is it unsafe for you to eat salmon while pregnant?,pregnancy,Binary Question,negative_reformulation_by_keyword_unsafe,,"Yes, it is generally considered safe for pregnant women to eat salmon","Yes, Pregnant Women Can Eat Salmon and Other Low Mercury Fish",Highlighted_answer,Consistent
1314,is it unsafe for you to eat salmon while pregnant?,pregnancy,Binary Question,negative_reformulation_by_keyword_unsafe,,"Yes, it is generally considered safe for pregnant women to eat salmon , including smoked salmon (if cooked thoroughly), but it's best to limit consumption to 8-12 ounces per week. While salmon is a good source of omega-3 fatty acids , it's important to be mindful of mercury levels in fish. Choosing wild salmon over farmed salmon and opting for cooked, hot smoked varieties can help minimize potential risks. Here's why salmon is generally considered safe and the precautions to take:","Yes, Pregnant Women Can Eat Salmon and Other Low Mercury Fish. Many Americans do not eat adequate amounts of fish. However, the FDA recommends eating 8 to 12 ounces of fish low in mercury per week. That amounts to about 2 to 3 servings of fish per week, which can be eaten in place of other types of protein.",Whole_answer,Consistent
1316,is it unsafe for you to eat smoked salmon when pregnant?,pregnancy,Binary Question,negative_reformulation_by_keyword_unsafe,,"Yes, it is generally considered unsafe for pregnant women to eat cold-smoked salmon due to the risk of listeria infection",cold-smoked salmon puts you at risk of tapeworm and Listeria infections,Highlighted_answer,Consistent
1316,is it unsafe for you to eat smoked salmon when pregnant?,pregnancy,Binary Question,negative_reformulation_by_keyword_unsafe,,"Yes, it is generally considered unsafe for pregnant women to eat cold-smoked salmon due to the risk of listeria infection . While cold-smoked salmon can be a good source of omega-3 fatty acids and protein, the smoking process doesn't always kill listeria bacteria that can be harmful to the developing fetus. Listeriosis can lead to serious complications, including miscarriage, stillbirth, or serious illness in the newborn. Here's why cold-smoked salmon is a concern:","Pregnant women can safely eat hot-smoked salmon when heated to 165℉ or shelf-stable forms, but cold-smoked salmon puts you at risk of tapeworm and Listeria infections. You should never eat uncooked cold-smoked salmon if youre pregnant.",Whole_answer,Other Problematic Mismatch
1317,is it unsafe for you to eat tilapia while pregnant?,pregnancy,Binary Question,negative_reformulation_by_keyword_unsafe,,"No, it is generally safe for you to eat tilapia while pregnant",safe choices,Highlighted_answer,Consistent
1317,is it unsafe for you to eat tilapia while pregnant?,pregnancy,Binary Question,negative_reformulation_by_keyword_unsafe,,"No, it is generally safe for you to eat tilapia while pregnant . In fact, tilapia is considered a ""best choice"" fish for pregnant women, meaning it's low in mercury and provides valuable nutrients like protein and omega-3 fatty acids. The Food and Drug Administration (FDA) recommends pregnant women consume 8 to 12 ounces of seafood per week, and tilapia is a good option within that range. Key points about eating tilapia during pregnancy:",Other safe choices include: Shrimp. Pollock. Tilapia.,Whole_answer,Other Problematic Mismatch
1320,is it unsafe for you to get a massage when pregnant?,pregnancy,Binary Question,negative_reformulation_by_keyword_unsafe,,"Yes, massage is generally safe during pregnancy","Yes, its most likely safe",Highlighted_answer,Consistent
1320,is it unsafe for you to get a massage when pregnant?,pregnancy,Binary Question,negative_reformulation_by_keyword_unsafe,,"Yes, massage is generally safe during pregnancy , especially when performed by a trained prenatal massage therapist. However, it's crucial to consult with your doctor or midwife beforehand and choose a therapist with experience in prenatal massage. Here's a more detailed explanation: General Safety: Massage is generally considered safe throughout pregnancy, as it can help relax muscles and improve circulation.","Is it safe to get a massage while pregnant? The short answer: Yes, its most likely safe. Of course, let your doctor know that youre thinking of getting a massage, either from your partner or a professional, before you go ahead and get one. But in general, massage is considered safe after the first trimester.",Whole_answer,Consistent
1321,is it unsafe for you to get dental work while pregnant?,pregnancy,Binary Question,negative_reformulation_by_keyword_unsafe,,"Yes, it is generally considered safe to get dental work done during pregnancy",it is considered safe for you to have dental work done at any time during pregnancy,Highlighted_answer,Consistent
1321,is it unsafe for you to get dental work while pregnant?,pregnancy,Binary Question,negative_reformulation_by_keyword_unsafe,,"Yes, it is generally considered safe to get dental work done during pregnancy , including routine cleanings, fillings, and even more complex procedures like root canals and extractions. In fact, dental care is recommended for pregnant women to maintain good oral health, which is important for both the mother and the baby's health. Elaboration: Safety of Procedures:","Generally, it is considered safe for you to have dental work done at any time during pregnancy.",Whole_answer,Consistent
1322,is it unsafe for you to get hep b vaccine while pregnant?,pregnancy,Binary Question,negative_reformulation_by_keyword_unsafe,surpressed_AIO,"Yes, you can decline the hepatitis B (HepB) vaccine for your baby",The hepatitis B vaccine is safe to be administered during pregnancy,Highlighted_answer,Other Problematic Mismatch
1322,is it unsafe for you to get hep b vaccine while pregnant?,pregnancy,Binary Question,negative_reformulation_by_keyword_unsafe,surpressed_AIO,"Yes, you can decline the hepatitis B (HepB) vaccine for your baby , but it's important to understand the risks and benefits, and to discuss your concerns with your healthcare provider. Here's a more detailed explanation: You have the right to refuse any medical treatment, including vaccines, for your child . However, it's crucial to have an informed discussion with your healthcare provider : about the risks and benefits of both vaccinating and not vaccinating your baby against hepatitis B. The CDC recommends that all infants receive a dose of the hepatitis B vaccine at birth .","The hepatitis B vaccine is safe to be administered during pregnancy. Please remember that even if a mother receives the hepatitis B vaccine during pregnancy, her baby will have to be vaccinated after birth. The protective antibodies are not transmitted from the mother to her baby.",Whole_answer,Other Problematic Mismatch
1324,is it unsafe for you to have honey when pregnant?,pregnancy,Binary Question,negative_reformulation_by_keyword_unsafe,,"Yes, it is generally considered safe for pregnant women to consume honey","Yes, its safe to eat honey during pregnancy",Highlighted_answer,Consistent
1324,is it unsafe for you to have honey when pregnant?,pregnancy,Binary Question,negative_reformulation_by_keyword_unsafe,,"Yes, it is generally considered safe for pregnant women to consume honey . The concern about honey and botulism primarily applies to infants under one year old due to their underdeveloped digestive systems. Pregnant women have strong digestive systems that can neutralize any bacteria present in honey, making it safe to eat. Here's why honey is generally safe for pregnant women: Digestive System:","Yes, its safe to eat honey during pregnancy. While its not safe to give honey to babies under a year old, eating honey when youre pregnant wont harm you or your unborn child. Thats because your grown-up stomach can handle the bacteria in honey that sometimes makes babies sick with a rare illness called botulism.",Whole_answer,Consistent
1326,is it unsafe for you to have sushi while pregnant?,pregnancy,Binary Question,negative_reformulation_by_keyword_unsafe,,"Yes, it is generally unsafe for pregnant women to eat sushi made with raw or undercooked fish due to the risk of foodborne illnesses and mercury exposure","Raw fish, including sushi and sashimi, are more likely to contain parasites or bacteria than fully cooked fish",Highlighted_answer,Other Problematic Mismatch
1326,is it unsafe for you to have sushi while pregnant?,pregnancy,Binary Question,negative_reformulation_by_keyword_unsafe,,"Yes, it is generally unsafe for pregnant women to eat sushi made with raw or undercooked fish due to the risk of foodborne illnesses and mercury exposure . While some types of sushi, like California rolls or vegetarian options, can be safe, raw fish sushi should be avoided. Why raw or undercooked fish is unsafe: Foodborne illnesses: Raw fish can be contaminated with bacteria, parasites, or toxins, increasing the risk of food poisoning and other illnesses, which can be dangerous during pregnancy.","You should avoid all raw or undercooked fish when youre pregnant, though many types of fish are safe to eat when fully cooked. Raw fish, including sushi and sashimi, are more likely to contain parasites or bacteria than fully cooked fish.",Whole_answer,Consistent
1329,is it unsafe for you to take aleve when pregnant?,pregnancy,Binary Question,negative_reformulation_by_keyword_unsafe,,"Yes, it is generally considered unsafe to take Aleve (naproxen) during pregnancy, especially after the 20th week . The FDA recommends avoiding NSAIDs like Aleve in pregnancy at 20 weeks or later because they can lead to problems with the baby's circulation and kidney function, and may cause low amniotic fluid. Elaboration: NSAIDs and Pregnancy:","Some brand names for naproxen include Aflaxen®, Aleve®, Anaprox®, Flanax®, Naprelan®, Naprosyn® and Menstridol®. The U.S. Food and Drug Administration (FDA) states people who are pregnant should not use NSAIDs after week 20 of pregnancy unless it is specifically recommended by their healthcare provider.",Whole_answer,Other Problematic Mismatch
1332,is it unsafe for you to take benadryl when pregnant?,pregnancy,Binary Question,negative_reformulation_by_keyword_unsafe,,"Yes, Benadryl (diphenhydramine) is generally considered safe to take during pregnancy",Benadryl is considered to be safe during pregnancy,Highlighted_answer,Consistent
1332,is it unsafe for you to take benadryl when pregnant?,pregnancy,Binary Question,negative_reformulation_by_keyword_unsafe,,"Yes, Benadryl (diphenhydramine) is generally considered safe to take during pregnancy . It is classified as a Category B medication by the FDA, meaning it is generally safe to use at the recommended adult dose. However, some potential side effects, like dizziness or vomiting , may be more concerning during pregnancy. It's always best to consult with a healthcare provider before taking any medication during pregnancy, including Benadryl, to discuss potential risks and benefits.","Benadryl is considered to be safe during pregnancy. Doctors and nurses recommend this OTC medication to help relieve allergy symptoms, even while youre pregnant. Recent studies have found Benadryl to be safe. However, always remember that no medicine — prescription or OTC — is ever 100 percent safe during pregnancy.",Whole_answer,Consistent
1333,is it unsafe for you to take cold medicine when pregnant?,pregnancy,Binary Question,negative_reformulation_by_keyword_unsafe,surpressed_AIO,"For cold sore treatment during pregnancy, acyclovir cream is generally considered safe , and your doctor might prescribe acyclovir or valacyclovir tablets if needed, but always consult with your healthcare provider before taking any medication. Here's a more detailed explanation: Acyclovir Cream : You can often use acyclovir cream, an antiviral cream, to treat cold sores, applying it directly to the affected area. Acyclovir or Valacyclovir Tablets : If the cold sores are severe or painful, your doctor may prescribe acyclovir or valacyclovir tablets , which are also generally considered safe during pregnancy.","Cold medications that are generally considered safe for pregnant people include: Acetaminophen (Tylenol) Some antihistamines, including loratadine (Claritin) and diphenhydramine (Benadryl) Most steroid-based nasal sprays.",Whole_answer,Other Problematic Mismatch
1334,is it unsafe for you to take dayquil when pregnant?,pregnancy,Binary Question,negative_reformulation_by_keyword_unsafe,,"Yes, it's generally not recommended to take DayQuil during pregnancy",its best to avoid:,Highlighted_answer,Consistent
1334,is it unsafe for you to take dayquil when pregnant?,pregnancy,Binary Question,negative_reformulation_by_keyword_unsafe,,"Yes, it's generally not recommended to take DayQuil during pregnancy . DayQuil and other combination cold/flu medications like NyQuil , Mucinex, and store brands may contain ingredients that are not safe for a pregnant woman. Specifically, DayQuil contains phenylephrine , a decongestant, which is not recommended during pregnancy. Here's why it's generally advised to avoid DayQuil during pregnancy: Decongestants like phenylephrine:","In general, its best to avoid: Any sustained action (SA) form of these drugs or the multi-symptom form of these drugs. Nyquil® or Dayquil® due to its high alcohol content and certain antihistamines.",Whole_answer,Other Problematic Mismatch
1336,is it unsafe for you to take elderberry while pregnant?,pregnancy,Binary Question,negative_reformulation_by_keyword_unsafe,,"Yes, it is generally advised to avoid elderberry while pregnant due to a lack of definitive safety data",most healthcare providers are reluctant to recommend elderberry for use during pregnancy or while breastfeeding,Highlighted_answer,Consistent
1336,is it unsafe for you to take elderberry while pregnant?,pregnancy,Binary Question,negative_reformulation_by_keyword_unsafe,,"Yes, it is generally advised to avoid elderberry while pregnant due to a lack of definitive safety data . While some studies suggest potential benefits, like supporting the immune system, more research is needed, especially concerning pregnancy and breastfeeding, according to The Bump . Here's why it's recommended to be cautious: Limited Safety Data: There isn't enough evidence to definitively say elderberry is safe for pregnant women and their developing babies.","Without good safety data, most healthcare providers are reluctant to recommend elderberry for use during pregnancy or while breastfeeding. For safety reasons, its difficult to study the effects of herbs and other supplements in pregnant and breastfeeding women.",Whole_answer,Consistent
1338,is it unsafe for you to take gas x when pregnant?,pregnancy,Binary Question,negative_reformulation_by_keyword_unsafe,surpressed_AIO,"lifestyle changes, certain positions, and safe medications like simethicone (Gas-X)",simethicone is considered low risk during pregnancy,Highlighted_answer,Other Problematic Mismatch
1338,is it unsafe for you to take gas x when pregnant?,pregnancy,Binary Question,negative_reformulation_by_keyword_unsafe,surpressed_AIO,"During pregnancy, trapped gas can be relieved through lifestyle changes, certain positions, and safe medications like simethicone (Gas-X) . Here's a more detailed look at how to manage gas during pregnancy: Lifestyle Changes & Home Remedies: Dietary Adjustments: Eat smaller, more frequent meals: This can help prevent overeating and gas buildup. Chew food thoroughly: This aids digestion and reduces swallowed air. Limit or avoid gas-producing foods: These include beans, broccoli, cabbage, and fried foods.","The takeaway. Gas is typically harmless in pregnancy, but its natural to want relief. Talk with your OB-GYN before taking an OTC product like Gas-X, but rest assured that simethicone is considered low risk during pregnancy.",Whole_answer,Other Problematic Mismatch
1341,is it unsafe for you to take naproxen while pregnant?,pregnancy,Binary Question,negative_reformulation_by_keyword_unsafe,,"Yes, naproxen is generally considered unsafe to take during pregnancy, especially after 20 weeks",Naproxen is not usually recommended in pregnancy,Highlighted_answer,Numeric Mismatch
1341,is it unsafe for you to take naproxen while pregnant?,pregnancy,Binary Question,negative_reformulation_by_keyword_unsafe,,"Yes, naproxen is generally considered unsafe to take during pregnancy, especially after 20 weeks . It's a nonsteroidal anti-inflammatory drug (NSAID), and the FDA recommends avoiding all NSAIDs at 20 weeks gestation or later due to potential risks to the developing fetus. Risks Associated with Naproxen Use During Pregnancy: Low Amniotic Fluid (Oligohydramnios): Naproxen can reduce the amount of amniotic fluid surrounding the baby, which is essential for fetal development and can lead to complications like premature lung development.","Naproxen is not usually recommended in pregnancy. This is because it may affect your baby, in particular causing problems with their circulation and amniotic fluid levels. Your doctor will only advise you to take naproxen while youre pregnant if the benefits of taking the medicine clearly outweigh the risks.",Whole_answer,Numeric Mismatch
1342,is it unsafe for you to take paracetamol when pregnant?,pregnancy,Binary Question,negative_reformulation_by_keyword_unsafe,,generally considered safe for use during pregnancy for pain and fever relief,Paracetamol is a recommended antipyretic and analgesic for use during pregnancy when used at the lowest effective dose and for the shortest possible time,Highlighted_answer,Numeric Mismatch
1342,is it unsafe for you to take paracetamol when pregnant?,pregnancy,Binary Question,negative_reformulation_by_keyword_unsafe,,"While paracetamol (acetaminophen) is generally considered safe for use during pregnancy for pain and fever relief , ACOG (American College of Obstetricians and Gynecologists) recommends that pregnant women discuss its use with their healthcare provider before taking it. The NHS also advises that pregnant women should seek medical advice before taking paracetamol and take the lowest effective dose for the shortest time possible.",Paracetamol is a recommended antipyretic and analgesic for use during pregnancy when used at the lowest effective dose and for the shortest possible time. Several studies have found an association between paracetamol exposure in utero and neurodevelopmental outcomes in offspring.,Whole_answer,Consistent
1344,is it unsafe for you to take unisom while pregnant?,pregnancy,Binary Question,negative_reformulation_by_keyword_unsafe,,"Yes, Unisom (doxylamine) is generally considered safe for use during pregnancy when taken as directed","Unisom is considered safe to use during pregnancy by major medical groups, including the FDA and ACOG",Highlighted_answer,Consistent
1344,is it unsafe for you to take unisom while pregnant?,pregnancy,Binary Question,negative_reformulation_by_keyword_unsafe,,"Yes, Unisom (doxylamine) is generally considered safe for use during pregnancy when taken as directed . It's often recommended by doctors for occasional insomnia or as part of a combination with vitamin B6 for managing nausea. However, it's important to consult with a healthcare provider before taking any medication during pregnancy. Elaboration: Safety:","Unisom is considered safe to use during pregnancy by major medical groups, including the FDA and ACOG. “Its been around for a really long time,” says Bernstein, adding that studies have shown theres no legitimate concern.",Whole_answer,Consistent
1354,are headaches normal in pregnancy?,pregnancy,Binary Question,Original,surpressed_AIO,"vaginal bleeding, severe headaches, swelling, chest pain, and difficulty breathing",Headaches can be common in early pregnancy,Highlighted_answer,Other Problematic Mismatch
1354,are headaches normal in pregnancy?,pregnancy,Binary Question,Original,surpressed_AIO,"Five potential warning signs of a problem during pregnancy that require immediate medical attention include vaginal bleeding, severe headaches, swelling, chest pain, and difficulty breathing . Here's a more detailed breakdown of these warning signs: Vaginal Bleeding : Any vaginal bleeding, especially after the first trimester, should be evaluated by a healthcare provider as it could indicate complications like miscarriage , placental problems , or ectopic pregnancy . Severe Headaches : A persistent or worsening headache, especially if accompanied by vision changes , dizziness , or swelling , could be a sign of preeclampsia or other serious conditions.","Headaches can be common in early pregnancy. They usually improve as your pregnancy goes on. They do not harm your baby, but they can be uncomfortable for you. A headache can sometimes be a symptom of pre-eclampsia, which can lead to serious complications if its not monitored and treated.",Whole_answer,Other Problematic Mismatch
1356,are tums safe during pregnancy?,pregnancy,Binary Question,Original,surpressed_AIO,"antacids like Tums, Rolaids, or Mylanta, simethicone for gas, and ginger for nausea",Tums are perfectly safe to take during pregnancy,Highlighted_answer,Other Problematic Mismatch
1356,are tums safe during pregnancy?,pregnancy,Binary Question,Original,surpressed_AIO,"For an upset stomach during pregnancy, safe options include antacids like Tums, Rolaids, or Mylanta, simethicone for gas, and ginger for nausea , but always consult your doctor or healthcare provider before taking any medication. Here's a more detailed breakdown: Safe Over-the-Counter Options: Antacids: Tums, Rolaids, Mylanta, and Maalox are generally considered safe for heartburn relief during pregnancy. Simethicone:","Tums are perfectly safe to take during pregnancy. Use as directed (two to three tablets as symptoms occur) and dont take more than five tablets in 24 hours. Its also safe to take Pepcid, Pepcid Complete, Prevacid, Prilosec, and other similar antacids during pregnancy.",Whole_answer,Numeric Mismatch
1359,is augmentin safe during pregnancy?,pregnancy,Binary Question,Original,surpressed_AIO,"penicillins, cephalosporins, and macrolides (like erythromycin and azithromycin)",It may be safe to take Augmentin while pregnant,Highlighted_answer,Other Problematic Mismatch
1359,is augmentin safe during pregnancy?,pregnancy,Binary Question,Original,surpressed_AIO,"During pregnancy, penicillins, cephalosporins, and macrolides (like erythromycin and azithromycin) are generally considered safe antibiotics. However, it's crucial to consult with your healthcare provider to determine the safest and most effective treatment for any infection during pregnancy. Here's a more detailed breakdown: Safe Antibiotics: Penicillins: Includes amoxicillin , ampicillin , and penicillin V . Cephalosporins: Includes cephalexin . Macrolides: Includes erythromycin and azithromycin.","Augmentin (amoxicillin/clavulanic acid) is a prescription drug used for certain bacterial infections, such as ear infections and urinary tract infections. It may be safe to take Augmentin while pregnant, and its likely safe to take while breastfeeding.",Whole_answer,Other Problematic Mismatch
1363,is discharge normal during pregnancy?,pregnancy,Binary Question,Original,,"Yes, increased vaginal discharge, often described as leukorrhea, is a normal and common occurrence during pregnancy",It is normal to have more vaginal discharge in pregnancy,Highlighted_answer,Consistent
1363,is discharge normal during pregnancy?,pregnancy,Binary Question,Original,,"Yes, increased vaginal discharge, often described as leukorrhea, is a normal and common occurrence during pregnancy , primarily due to hormonal changes, but it's important to monitor its color, consistency, and odor, and seek medical advice if you notice any concerning changes. Here's a more detailed explanation: Normal Discharge: During pregnancy, it's common to experience more vaginal discharge, which is usually thin, clear, or milky white, and doesn't have a strong or unpleasant odor.","It is normal to have more vaginal discharge in pregnancy. This helps prevent any infections travelling up from the vagina to the womb. Towards the end of pregnancy, the amount of discharge increases further. In the last week or so of pregnancy, it may contain streaks of sticky, jelly-like pink mucus.",Whole_answer,Consistent
1365,is gaviscon safe in pregnancy?,pregnancy,Binary Question,Original,surpressed_AIO,"Gaviscon (an antacid) is considered safer than omeprazole (a proton pump inhibitor, or PPI) for short-term heartburn relief",You can take Gaviscon while youre pregnant or breastfeeding,Highlighted_answer,Other Problematic Mismatch
1365,is gaviscon safe in pregnancy?,pregnancy,Binary Question,Original,surpressed_AIO,"Generally, Gaviscon (an antacid) is considered safer than omeprazole (a proton pump inhibitor, or PPI) for short-term heartburn relief , as it's an over-the-counter medication with fewer potential side effects, while omeprazole, a prescription medication, has a broader range of potential side effects, especially with long-term use. Here's a more detailed breakdown: Gaviscon (Antacid): Mechanism: Gaviscon works by creating a protective layer on the stomach to prevent acid reflux. Safety: Antacids like Gaviscon are generally considered very safe, with rare side effects.","You can take Gaviscon while youre pregnant or breastfeeding. However, if you have indigestion, its best to try and treat it without taking a medicine. For example, it can help to: eat smaller meals more often.",Whole_answer,Other Problematic Mismatch
1369,is green tea safe while pregnant?,pregnancy,Binary Question,Original,surpressed_AIO,"alcohol, unpasteurized milk and juices, and excessive caffeine",drinking one cup of green tea per day has not been shown to increase any risks for the baby,Highlighted_answer,Other Problematic Mismatch
1369,is green tea safe while pregnant?,pregnancy,Binary Question,Original,surpressed_AIO,"During pregnancy, you should avoid alcohol, unpasteurized milk and juices, and excessive caffeine , as they can pose risks to your baby's health and development. Here's a more detailed breakdown of drinks to avoid or limit during pregnancy: Drinks to Avoid: Alcohol: Any amount of alcohol can be harmful to a developing fetus, potentially leading to fetal alcohol spectrum disorders (FASD). Unpasteurized Milk and Juices: These can contain harmful bacteria like Listeria, E. coli, and Salmonella, which can cause serious infections and harm to the baby.","Women may want to limit their tea consumption during the first trimester when the babys neural tube is developing to avoid the chance of decreasing absorption of folic acid. After this point, drinking one cup of green tea per day has not been shown to increase any risks for the baby.",Whole_answer,Other Problematic Mismatch
1372,is it safe for pregnant women to fly?,pregnancy,Binary Question,Original,surpressed_AIO,most airlines restrict pregnant travelers from flying after 36 weeks of gestation (domestic travel) or earlier for international travel (around 28-35 weeks),occasional air travel is almost always safe,Highlighted_answer,Numeric Mismatch
1372,is it safe for pregnant women to fly?,pregnancy,Binary Question,Original,surpressed_AIO,"Generally, air travel is considered safe during pregnancy, but most airlines restrict pregnant travelers from flying after 36 weeks of gestation (domestic travel) or earlier for international travel (around 28-35 weeks) . Here's a more detailed explanation: General Guidelines: Most airlines allow pregnant women to fly domestically until about 36 weeks of pregnancy. For international travel, the cutoff may be earlier, often around 28 to 35 weeks. It's crucial to check with your specific airline for their policies, as they can vary. Consult with your healthcare provider to discuss any potential risks or complications specific to your pregnancy before traveling.","During a healthy pregnancy, occasional air travel is almost always safe. Most airlines allow you to fly domestically until about 36 weeks of pregnancy. Your ob-gyn can provide proof of your due date if you need it. If you are planning an international flight, the cut-off for traveling may be earlier.",Whole_answer,Consistent
1375,is it safe to lose weight while pregnant?,pregnancy,Binary Question,Original,surpressed_AIO,intentionally trying to lose weight during pregnancy is generally not recommended and can be harmful to both the mother and the developing baby,most doctors dont recommend weight loss during pregnancy unless youre significantly overweight,Highlighted_answer,Other Problematic Mismatch
1375,is it safe to lose weight while pregnant?,pregnancy,Binary Question,Original,surpressed_AIO,"While unintentional weight loss can occur in early pregnancy due to morning sickness, intentionally trying to lose weight during pregnancy is generally not recommended and can be harmful to both the mother and the developing baby . Here's a more detailed explanation: Unintentional Weight Loss: In the first trimester, some women may experience weight loss due to morning sickness, which can lead to reduced appetite and calorie intake. However, this is usually temporary, and the baby will still receive the necessary nutrients from the mother's stored fat reserves. Why Intentional Weight Loss is Risky:",It can be beneficial to monitor your calorie intake and to exercise during pregnancy. But overdoing it to an extreme could potentially harm your baby. This is why most doctors dont recommend weight loss during pregnancy unless youre significantly overweight.,Whole_answer,Other Problematic Mismatch
1376,is it safe to paint while pregnant?,pregnancy,Binary Question,Original,surpressed_AIO,"painting during pregnancy is generally considered safe, but it's best to limit exposure to paint fumes and solvents",there are no studies that document harm to the baby during normal and incidental exposure to paint,Highlighted_answer,Consistent
1376,is it safe to paint while pregnant?,pregnancy,Binary Question,Original,surpressed_AIO,"While wearing a mask and taking precautions, painting during pregnancy is generally considered safe, but it's best to limit exposure to paint fumes and solvents . Here's a more detailed explanation: Minimize Exposure: It's always best to limit your exposure to paint fumes and solvents, as they can be harmful to both the mother and the developing baby. Safety Precautions: Ventilation: Ensure the area is well-ventilated by opening windows and doors, and consider using a fan to circulate air.","Currently, there are no studies that document harm to the baby during normal and incidental exposure to paint (i.e. painting a room). The only studies that note the potential for miscarriage and malformations have to do with the higher levels of exposure through recreational use (sniffing and inhaling regularly).",Whole_answer,Consistent
1383,is mild cramping normal in early pregnancy?,pregnancy,Binary Question,Original,surpressed_AIO,"mild, period-like cramping is often normal",very common in early pregnancy,Highlighted_answer,Consistent
1383,is mild cramping normal in early pregnancy?,pregnancy,Binary Question,Original,surpressed_AIO,"At 5 weeks pregnant, mild, period-like cramping is often normal and can be attributed to the uterus expanding and stretching, or the embryo implanting. However, it's crucial to seek medical advice if the cramping is severe, accompanied by bleeding or unusual discharge, or if you experience other concerning symptoms. Here's a more detailed explanation: Normal Causes: Uterine Expansion: As the uterus grows to accommodate the developing baby, the ligaments and muscles that support it can stretch, causing cramping. Embryo Implantation : The implantation of the embryo into the uterine lining can also trigger some cramping.","Cramps, a bit like period pains, are very common in early pregnancy. These are usually caused by changes in your hormones and by your growing womb. Sometimes stomach pains in early pregnancy can be a sign of something more serious such as: ectopic pregnancy.",Whole_answer,Consistent
1384,is miralax safe during pregnancy?,pregnancy,Binary Question,Original,surpressed_AIO,"bulk-forming laxatives (Metamucil, FiberCon) or stool softeners (Colace)",MiraLAX is considered safe to take during pregnancy when other methods of treating constipation have failed,Highlighted_answer,Other Problematic Mismatch
1384,is miralax safe during pregnancy?,pregnancy,Binary Question,Original,surpressed_AIO,"For constipation during pregnancy, focus on lifestyle changes like increasing fiber intake, drinking plenty of fluids, and exercising, and consider safe over-the-counter options like bulk-forming laxatives (Metamucil, FiberCon) or stool softeners (Colace) , but always consult your doctor before taking any medication. Here's a more detailed look at options for relieving constipation during pregnancy: 1. Lifestyle Changes: Increase Fiber Intake: Aim for 25-30 grams of fiber daily from sources like fruits, vegetables, whole grains, beans, and lentils. Drink Plenty of Fluids: Water is a good choice, and prune juice can also help.","The American College of Gastroenterology recommends MiraLAX when laxative use is needed during pregnancy. In general, MiraLAX is considered safe to take during pregnancy when other methods of treating constipation have failed.",Whole_answer,Consistent
1394,is spotting normal during pregnancy?,pregnancy,Binary Question,Original,,"Yes, spotting can be normal during pregnancy, especially in the first trimester",Its common to have bleeding or spotting (light bleeding) during pregnancy,Highlighted_answer,Consistent
1394,is spotting normal during pregnancy?,pregnancy,Binary Question,Original,,"Yes, spotting can be normal during pregnancy, especially in the first trimester . Causes of Spotting during Pregnancy: Implantation bleeding: Occurs when the fertilized egg implants in the uterine lining. Hormonal changes: Pregnancy hormones can cause increased blood flow to the cervix, leading to spotting.",Its common to have bleeding or spotting (light bleeding) during pregnancy. This is especially true in the first trimester. Bleeding during pregnancy can happen for many reasons. It doesnt mean something is wrong or that you should panic.,Whole_answer,Consistent
1396,is tamiflu safe during pregnancy?,pregnancy,Binary Question,Original,surpressed_AIO,"During pregnancy, flu treatment focuses on prompt antiviral therapy with medications like oseltamivir (Tamiflu) or zanamivir (Relenza), alongside supportive care like rest, hydration, and acetaminophen for fever and pain . Here's a more detailed breakdown: 1. Prevention: Flu Vaccination: Pregnant individuals should receive the inactivated or recombinant influenza vaccine during any trimester, as it's safe and effective. Avoid the Nasal Spray Flu Vaccine:",The Centers for Disease Control and Prevention (CDC) recommends women in any trimester of their pregnancy who have a suspected or confirmed influenza infection receive prompt antiviral therapy with Tamiflu (oseltamavir) or Relenza (zanamivir).,Whole_answer,Consistent
1402,can you use aquaphor on babies face?,babycare,Binary Question,neutral_reformulation,,"Yes, Aquaphor Baby Healing Ointment can be safely applied to a baby's face",You can apply a small amount of Aquaphor Baby Healing Ointment to soothe irritated skin on your babys face,Highlighted_answer,Consistent
1402,can you use aquaphor on babies face?,babycare,Binary Question,neutral_reformulation,,"Yes, Aquaphor Baby Healing Ointment can be safely applied to a baby's face . Aquaphor is a fragrance-free, hypoallergenic ointment that is specifically designed for babies' delicate skin. It contains petrolatum, which helps to create a barrier on the skin and protect it from moisture loss, irritation, and infection.",You can apply a small amount of Aquaphor Baby Healing Ointment to soothe irritated skin on your babys face. This cream can also be used to relieve diaper rash in infants.,Whole_answer,Consistent
1406,do cramps occur during early pregnancy?,pregnancy,Binary Question,neutral_reformulation,surpressed_AIO,"vaginal bleeding, severe headaches, swelling, chest pain, and difficulty breathing","For many women, the sensation of uterine cramping occurs both during early pregnancy and just before a period",Highlighted_answer,Other Problematic Mismatch
1406,do cramps occur during early pregnancy?,pregnancy,Binary Question,neutral_reformulation,surpressed_AIO,"Five potential warning signs of a problem during pregnancy that require immediate medical attention include vaginal bleeding, severe headaches, swelling, chest pain, and difficulty breathing . Here's a more detailed breakdown of these warning signs: Vaginal Bleeding : Any vaginal bleeding, especially after the first trimester, should be evaluated by a healthcare provider as it could indicate complications like miscarriage , placental problems , or ectopic pregnancy . Severe Headaches : A persistent or worsening headache, especially if accompanied by vision changes , dizziness , or swelling , could be a sign of preeclampsia or other serious conditions.","For many women, the sensation of uterine cramping occurs both during early pregnancy and just before a period. According to Dr. Eana, the key differences between the two lie in the timing, intensity and other associated symptoms.",Whole_answer,Other Problematic Mismatch
1408,do headaches occur in pregnancy?,pregnancy,Binary Question,neutral_reformulation,surpressed_AIO,"vaginal bleeding, severe headaches, swelling, chest pain, and difficulty breathing",Headaches can be common in early pregnancy,Highlighted_answer,Other Problematic Mismatch
1408,do headaches occur in pregnancy?,pregnancy,Binary Question,neutral_reformulation,surpressed_AIO,"Five potential warning signs of a problem during pregnancy that require immediate medical attention include vaginal bleeding, severe headaches, swelling, chest pain, and difficulty breathing . Here's a more detailed breakdown of these warning signs: Vaginal Bleeding : Any vaginal bleeding, especially after the first trimester, should be evaluated by a healthcare provider as it could indicate complications like miscarriage , placental problems , or ectopic pregnancy . Severe Headaches : A persistent or worsening headache, especially if accompanied by vision changes , dizziness , or swelling , could be a sign of preeclampsia or other serious conditions.","Headaches can be common in early pregnancy. They usually improve as your pregnancy goes on. They do not harm your baby, but they can be uncomfortable for you. A headache can sometimes be a symptom of pre-eclampsia, which can lead to serious complications if its not monitored and treated.",Whole_answer,Other Problematic Mismatch
1410,can you take tums during pregnancy?,pregnancy,Binary Question,neutral_reformulation,surpressed_AIO,"over-the-counter antacids like Tums, Rolaids, or Mylanta, or consider Gaviscon",TUMS provides safe heartburn relief for women who are pregnant,Highlighted_answer,Other Problematic Mismatch
1410,can you take tums during pregnancy?,pregnancy,Binary Question,neutral_reformulation,surpressed_AIO,"For heartburn during pregnancy, you can try over-the-counter antacids like Tums, Rolaids, or Mylanta, or consider Gaviscon , and consult your doctor about H2 blockers or proton pump inhibitors if needed. Here's a more detailed breakdown: Antacids : These are a first-line treatment option for mild to moderate heartburn and are generally considered safe during pregnancy. Examples include Tums, Rolaids, and Mylanta. Follow the directions on the packaging and don't exceed the recommended dosage.","TUMS provides safe heartburn relief for women who are pregnant. TUMS also adds calcium to your body. When you are pregnant, your body may need between 1,000 mg and 1,300 mg of elemental calcium per day. Be sure to take TUMS at a different time than you take iron supplements.",Whole_answer,Other Problematic Mismatch
1423,can you drink green tea while pregnant?,pregnancy,Binary Question,neutral_reformulation,surpressed_AIO,"alcohol, unpasteurized milk and juices, and excessive caffeine",drinking one cup of green tea per day has not been shown to increase any risks for the baby,Highlighted_answer,Other Problematic Mismatch
1423,can you drink green tea while pregnant?,pregnancy,Binary Question,neutral_reformulation,surpressed_AIO,"During pregnancy, you should avoid alcohol, unpasteurized milk and juices, and excessive caffeine , as they can pose risks to your baby's health and development. Here's a more detailed breakdown of drinks to avoid or limit during pregnancy: Drinks to Avoid: Alcohol: Any amount of alcohol can be harmful to a developing fetus, potentially leading to fetal alcohol spectrum disorders (FASD). Unpasteurized Milk and Juices: These can contain harmful bacteria like Listeria, E. coli, and Salmonella, which can cause serious infections and harm to the baby.","Women may want to limit their tea consumption during the first trimester when the babys neural tube is developing to avoid the chance of decreasing absorption of folic acid. After this point, drinking one cup of green tea per day has not been shown to increase any risks for the baby.",Whole_answer,Other Problematic Mismatch
1430,can you paint while pregnant?,pregnancy,Binary Question,neutral_reformulation,surpressed_AIO,"painting during pregnancy is generally considered safe, but it's best to limit exposure to paint fumes and solvents","There is little evidence on the safety of paint fumes during pregnancy, so its best to avoid being around them if possible",Highlighted_answer,Binary Contradiction
1430,can you paint while pregnant?,pregnancy,Binary Question,neutral_reformulation,surpressed_AIO,"While wearing a mask and taking precautions, painting during pregnancy is generally considered safe, but it's best to limit exposure to paint fumes and solvents . Here's a more detailed explanation: Minimize Exposure: It's always best to limit your exposure to paint fumes and solvents, as they can be harmful to both the mother and the developing baby. Safety Precautions: Ventilation: Ensure the area is well-ventilated by opening windows and doors, and consider using a fan to circulate air.","There is little evidence on the safety of paint fumes during pregnancy, so its best to avoid being around them if possible. If you do paint: avoid solvent-based paint or spray paint, as they contain solvents. avoid stripping old paintwork as it may contain traces of lead.",Whole_answer,Other Problematic Mismatch
1437,does mild cramping occur in early pregnancy?,pregnancy,Binary Question,neutral_reformulation,surpressed_AIO,"bloating, cramps, or fatigue",its natural to feel some mild cramping in your lower abdomen at infrequent times as your body prepares for your growing baby,Highlighted_answer,Other Problematic Mismatch
1437,does mild cramping occur in early pregnancy?,pregnancy,Binary Question,neutral_reformulation,surpressed_AIO,"At one week pregnant, you're not actually pregnant yet, as pregnancy is counted from the first day of your last menstrual period, not conception. You might experience PMS symptoms, such as bloating, cramps, or fatigue , rather than pregnancy-specific symptoms. Here's a more detailed explanation: What ""1 week pregnant"" means: Doctors calculate pregnancy duration from the first day of your last menstrual period, so at one week pregnant, you're still in the period before conception and implantation. Why you might experience PMS symptoms: You might still experience symptoms similar to those you get before your period, such as bloating, cramps, or mood swings, due to hormonal fluctuations.","“Early on in your pregnancy, its natural to feel some mild cramping in your lower abdomen at infrequent times as your body prepares for your growing baby,” Bylow said. As your belly grows, so does your uterus. This may cause you to feel some slight pulling, tugging or stretching similar to period or menstrual cramps.",Whole_answer,Other Problematic Mismatch
1438,can you take miralax during pregnancy?,pregnancy,Binary Question,neutral_reformulation,surpressed_AIO,"Yes, MiraLAX (polyethylene glycol 3350) is generally considered safe to take during pregnancy for constipation relief","yes, stool softeners and Miralax are generally considered safe for use during pregnancy",Highlighted_answer,Consistent
1438,can you take miralax during pregnancy?,pregnancy,Binary Question,neutral_reformulation,surpressed_AIO,"Yes, MiraLAX (polyethylene glycol 3350) is generally considered safe to take during pregnancy for constipation relief , as it is an osmotic laxative that works by retaining water in the bowels, which helps soften stool and promote regular bowel movements, and is unlikely to be absorbed into the bloodstream. Here's a more detailed explanation: How it works: MiraLAX works by drawing water into the stool, making it easier to pass, and is considered a non-stimulant laxative, meaning it's unlikely to cause discomfort or cramping. Safety during pregnancy: While human studies specifically evaluating MiraLAX during pregnancy are limited, it's thought that very little of the medication is absorbed by the body, making it unlikely to affect a fetus.","The short answer is yes, stool softeners and Miralax are generally considered safe for use during pregnancy. However, its essential to consult your OB/GYN before starting any new medications or supplements, even over-the-counter ones.",Whole_answer,Other Problematic Mismatch
1460,are cramps abnormal during early pregnancy?,pregnancy,Binary Question,reformulation_by_opposite_sentiment_valence,surpressed_AIO,"severe headache, vaginal bleeding, swelling in legs or face, baby's movement stopping, and chest pain or difficulty breathing","Cramps, a bit like period pains, are very common in early pregnancy",Highlighted_answer,Other Problematic Mismatch
1460,are cramps abnormal during early pregnancy?,pregnancy,Binary Question,reformulation_by_opposite_sentiment_valence,surpressed_AIO,"Five potential warning signs of a problem during pregnancy that require immediate medical attention include: severe headache, vaginal bleeding, swelling in legs or face, baby's movement stopping, and chest pain or difficulty breathing . Here's a more detailed explanation of these warning signs: Severe Headache: A headache that won't go away or gets worse over time, especially with vision changes or dizziness, could indicate preeclampsia or other serious conditions. Vaginal Bleeding: Vaginal bleeding or fluid leaking during pregnancy is a serious sign that needs immediate medical evaluation.","Cramps, a bit like period pains, are very common in early pregnancy. These are usually caused by changes in your hormones and by your growing womb. Sometimes stomach pains in early pregnancy can be a sign of something more serious such as: ectopic pregnancy.",Whole_answer,Other Problematic Mismatch
1462,are headaches abnormal in pregnancy?,pregnancy,Binary Question,reformulation_by_opposite_sentiment_valence,surpressed_AIO,"severe headache, vaginal bleeding, swelling in legs or face, baby's movement stopping, and chest pain or difficulty breathing","They do not harm your baby, but they can be uncomfortable for you",Highlighted_answer,Other Problematic Mismatch
1462,are headaches abnormal in pregnancy?,pregnancy,Binary Question,reformulation_by_opposite_sentiment_valence,surpressed_AIO,"Five potential warning signs of a problem during pregnancy that require immediate medical attention include: severe headache, vaginal bleeding, swelling in legs or face, baby's movement stopping, and chest pain or difficulty breathing . Here's a more detailed explanation of these warning signs: Severe Headache: A headache that won't go away or gets worse over time, especially with vision changes or dizziness, could indicate preeclampsia or other serious conditions. Vaginal Bleeding: Vaginal bleeding or fluid leaking during pregnancy is a serious sign that needs immediate medical evaluation.","Headaches can be common in early pregnancy. They usually improve as your pregnancy goes on. They do not harm your baby, but they can be uncomfortable for you. A headache can sometimes be a symptom of pre-eclampsia, which can lead to serious complications if its not monitored and treated.",Whole_answer,Other Problematic Mismatch
1464,are tums unsafe during pregnancy?,pregnancy,Binary Question,reformulation_by_opposite_sentiment_valence,surpressed_AIO,"antacids like Tums, Rolaids, or Mylanta, simethicone for gas, and ginger for nausea",Tums are perfectly safe to take during pregnancy,Highlighted_answer,Other Problematic Mismatch
1464,are tums unsafe during pregnancy?,pregnancy,Binary Question,reformulation_by_opposite_sentiment_valence,surpressed_AIO,"For an upset stomach during pregnancy, safe options include antacids like Tums, Rolaids, or Mylanta, simethicone for gas, and ginger for nausea , but always consult your doctor or healthcare provider before taking any medication. Here's a more detailed breakdown: Safe Over-the-Counter Options: Antacids: Tums, Rolaids, Mylanta, and Maalox are generally considered safe for heartburn relief during pregnancy. Simethicone:","Tums are perfectly safe to take during pregnancy. Use as directed (two to three tablets as symptoms occur) and dont take more than five tablets in 24 hours. Its also safe to take Pepcid, Pepcid Complete, Prevacid, Prilosec, and other similar antacids during pregnancy.",Whole_answer,Numeric Mismatch
1467,is augmentin unsafe during pregnancy?,pregnancy,Binary Question,reformulation_by_opposite_sentiment_valence,surpressed_AIO,"penicillins, cephalosporins, and macrolides (like erythromycin and azithromycin)",It may be safe to take Augmentin while pregnant,Highlighted_answer,Other Problematic Mismatch
1467,is augmentin unsafe during pregnancy?,pregnancy,Binary Question,reformulation_by_opposite_sentiment_valence,surpressed_AIO,"During pregnancy, penicillins, cephalosporins, and macrolides (like erythromycin and azithromycin) are generally considered safe antibiotics. However, it's crucial to consult with your healthcare provider to determine the safest and most effective treatment for any infection during pregnancy. Here's a more detailed breakdown: Safe Antibiotics: Penicillins: Includes amoxicillin , ampicillin , and penicillin V . Cephalosporins: Includes cephalexin . Macrolides: Includes erythromycin and azithromycin.","Augmentin (amoxicillin/clavulanic acid) is a prescription drug used for certain bacterial infections, such as ear infections and urinary tract infections. It may be safe to take Augmentin while pregnant, and its likely safe to take while breastfeeding.",Whole_answer,Other Problematic Mismatch
1471,is discharge abnormal during pregnancy?,pregnancy,Binary Question,reformulation_by_opposite_sentiment_valence,,"Yes, changes in vaginal discharge are common during pregnancy",Discharge is a normal part of pregnancy as long as it isnt accompanied by other symptoms,Highlighted_answer,Consistent
1471,is discharge abnormal during pregnancy?,pregnancy,Binary Question,reformulation_by_opposite_sentiment_valence,,"Yes, changes in vaginal discharge are common during pregnancy , and while some changes are normal, others may indicate an infection or other issue. Normal pregnancy discharge is often described as thin, clear, or milky white, and may have a mild or no odor. However, if the discharge is green, yellow, brown, or gray, or accompanied by itching, burning, a strong odor, or pain, it could be a sign of an infection and should be checked by a healthcare provider.","Discharge is a normal part of pregnancy as long as it isnt accompanied by other symptoms, like burning, itching, pain, foul smell, or unusual coloration (gray, green, yellow).",Whole_answer,Consistent
1473,is gaviscon unsafe in pregnancy?,pregnancy,Binary Question,reformulation_by_opposite_sentiment_valence,surpressed_AIO,"Gaviscon (an antacid) is considered safer than omeprazole (a proton pump inhibitor, or PPI) for short-term heartburn relief",You can take Gaviscon while youre pregnant or breastfeeding,Highlighted_answer,Other Problematic Mismatch
1473,is gaviscon unsafe in pregnancy?,pregnancy,Binary Question,reformulation_by_opposite_sentiment_valence,surpressed_AIO,"Generally, Gaviscon (an antacid) is considered safer than omeprazole (a proton pump inhibitor, or PPI) for short-term heartburn relief , as it's an over-the-counter medication with fewer potential side effects, while omeprazole, a prescription medication, has a broader range of potential side effects, especially with long-term use. Here's a more detailed breakdown: Gaviscon (Antacid): Mechanism: Gaviscon works by creating a protective layer on the stomach to prevent acid reflux. Safety: Antacids like Gaviscon are generally considered very safe, with rare side effects.","You can take Gaviscon while youre pregnant or breastfeeding. However, if you have indigestion, its best to try and treat it without taking a medicine. For example, it can help to: eat smaller meals more often.",Whole_answer,Other Problematic Mismatch
1477,is green tea unsafe while pregnant?,pregnancy,Binary Question,reformulation_by_opposite_sentiment_valence,surpressed_AIO,"alcohol, unpasteurized milk and juices, and excessive caffeine",drinking one cup of green tea per day has not been shown to increase any risks for the baby,Highlighted_answer,Other Problematic Mismatch
1477,is green tea unsafe while pregnant?,pregnancy,Binary Question,reformulation_by_opposite_sentiment_valence,surpressed_AIO,"During pregnancy, you should avoid alcohol, unpasteurized milk and juices, and excessive caffeine , as they can pose risks to your baby's health and development. Here's a more detailed breakdown of drinks to avoid or limit during pregnancy: Drinks to Avoid: Alcohol: Any amount of alcohol can be harmful to a developing fetus, potentially leading to fetal alcohol spectrum disorders (FASD). Unpasteurized Milk and Juices: These can contain harmful bacteria like Listeria, E. coli, and Salmonella, which can cause serious infections and harm to the baby.","Women may want to limit their tea consumption during the first trimester when the babys neural tube is developing to avoid the chance of decreasing absorption of folic acid. After this point, drinking one cup of green tea per day has not been shown to increase any risks for the baby.",Whole_answer,Other Problematic Mismatch
1484,is it unsafe to paint while pregnant?,pregnancy,Binary Question,reformulation_by_opposite_sentiment_valence,surpressed_AIO,"While there's no definitive proof that painting itself is harmful during pregnancy , it's generally recommended to limit exposure to paint fumes and chemicals, especially during the first trimester, due to potential risks to the developing baby. Here's a more detailed explanation: Potential Risks: Fumes: Paint fumes, especially those from solvent-based paints, can contain chemicals that could potentially harm a developing fetus. First Trimester : The first trimester is particularly crucial for organ development, so limiting exposure during this period is advised.",Is painting while pregnant safe? Its best to limit your exposure to paint and paint fumes while youre pregnant. Most paint contains solvents (petroleum-based chemicals) that can cause health problems if you inhale too much of them. Research into paint exposure during pregnancy hasnt shown consistent results.,Whole_answer,Consistent
1491,is mild cramping abnormal in early pregnancy?,pregnancy,Binary Question,reformulation_by_opposite_sentiment_valence,surpressed_AIO,"mild, period-like cramping is often normal",very common in early pregnancy,Highlighted_answer,Consistent
1491,is mild cramping abnormal in early pregnancy?,pregnancy,Binary Question,reformulation_by_opposite_sentiment_valence,surpressed_AIO,"At 5 weeks pregnant, mild, period-like cramping is often normal and can be attributed to the uterus expanding and stretching, or the embryo implanting. However, it's crucial to seek medical advice if the cramping is severe, accompanied by bleeding or unusual discharge, or if you experience other concerning symptoms. Here's a more detailed explanation: Normal Causes: Uterine Expansion: As the uterus grows to accommodate the developing baby, the ligaments and muscles that support it can stretch, causing cramping. Embryo Implantation : The implantation of the embryo into the uterine lining can also trigger some cramping.","Cramps, a bit like period pains, are very common in early pregnancy. These are usually caused by changes in your hormones and by your growing womb. Sometimes stomach pains in early pregnancy can be a sign of something more serious such as: ectopic pregnancy.",Whole_answer,Consistent
1492,is miralax unsafe during pregnancy?,pregnancy,Binary Question,reformulation_by_opposite_sentiment_valence,surpressed_AIO,"bulk-forming laxatives (Metamucil, FiberCon) or stool softeners (Colace)",MiraLAX is considered safe to take during pregnancy when other methods of treating constipation have failed,Highlighted_answer,Other Problematic Mismatch
1492,is miralax unsafe during pregnancy?,pregnancy,Binary Question,reformulation_by_opposite_sentiment_valence,surpressed_AIO,"For constipation during pregnancy, focus on lifestyle changes like increasing fiber intake, drinking plenty of fluids, and exercising, and consider safe over-the-counter options like bulk-forming laxatives (Metamucil, FiberCon) or stool softeners (Colace) , but always consult your doctor before taking any medication. Here's a more detailed look at options for relieving constipation during pregnancy: 1. Lifestyle Changes: Increase Fiber Intake: Aim for 25-30 grams of fiber daily from sources like fruits, vegetables, whole grains, beans, and lentils. Drink Plenty of Fluids: Water is a good choice, and prune juice can also help.","The American College of Gastroenterology recommends MiraLAX when laxative use is needed during pregnancy. In general, MiraLAX is considered safe to take during pregnancy when other methods of treating constipation have failed.",Whole_answer,Other Problematic Mismatch
1502,is spotting abnormal during pregnancy?,pregnancy,Binary Question,reformulation_by_opposite_sentiment_valence,,it's generally recommended to contact your healthcare provider for any vaginal bleeding during pregnancy,they can be a sign of miscarriage or other serious complications,Highlighted_answer,Other Problematic Mismatch
1502,is spotting abnormal during pregnancy?,pregnancy,Binary Question,reformulation_by_opposite_sentiment_valence,,"While some light spotting is common in early pregnancy, particularly during implantation , it's generally recommended to contact your healthcare provider for any vaginal bleeding during pregnancy . This is because spotting can also be a sign of more serious conditions like ectopic pregnancy or miscarriage . Elaboration: Common Causes:","Bleeding and spotting in pregnancy dont always mean theres a problem, but they can be a sign of miscarriage or other serious complications. Miscarriage is when a baby dies in the womb before 20 weeks of pregnancy. Call your health care provider if you have any bleeding or spotting, even if it stops.",Whole_answer,Other Problematic Mismatch
1504,is tamiflu unsafe during pregnancy?,pregnancy,Binary Question,reformulation_by_opposite_sentiment_valence,surpressed_AIO,"During pregnancy, flu treatment focuses on prompt antiviral therapy with medications like oseltamivir (Tamiflu) or zanamivir (Relenza), alongside supportive care like rest, hydration, and acetaminophen for fever and pain . Here's a more detailed breakdown: 1. Prevention: Flu Vaccination: Pregnant individuals should receive the inactivated or recombinant influenza vaccine during any trimester, as it's safe and effective. Avoid the Nasal Spray Flu Vaccine:",The Centers for Disease Control and Prevention (CDC) recommends women in any trimester of their pregnancy who have a suspected or confirmed influenza infection receive prompt antiviral therapy with Tamiflu (oseltamavir) or Relenza (zanamivir).,Whole_answer,Consistent
